Summary,About,Booth
AIVA MD,"AIVA MD is an AI-powered healthcare operations platform designed to streamline communication, documentation, and administrative workflows for clinics and medical groups. Our Advanced Intelligence assi...",4957
AiZtech Labs,"At AiZtech Labs, we are on a mission to make life 10X better for one billion people. We blend world-class AI research with human-centered design to redefine what’s possible in health technology. O...",10722
"Amazon Web Services, Inc.","Amazon Web Services (AWS) is guided by customer obsession, pace of innovation, commitment to operational excellence, and long-term thinking. By democratizing technology for nearly two decades and maki...","1823, MP11950, MP11951 + 5 more"
Artificial Intelligence Pavilion,"The AI Pavilion is your go-to destination for exploring innovative solutions. This dedicated space serves as the central hub where decision-makers, clinicians, and technology leaders converge to disco...",10018
ASP-RCM Solutions LLC,"ASP-RCM Solutions is a full-service, technology-enabled Revenue Cycle Management partner delivering measurable financial and operational impact for hospitals, health systems, and specialty providers. ...",4001
athenahealth,"Since 1997, athenahealth has been curing complexity for ambulatory healthcare practices and the patients they serve, empowering them to deliver the best possible care and business outcomes through inn...",3231
Business Operations Pavilion,The Business Operations Pavilion makes its landmark debut at HIMSS26 as a dedicated space for the critical infrastructure that enables provider and payer organizations to survive and thrive. Explore n...,4400
Capsa Healthcare,"Across the healthcare continuum, Capsa stands out as the leader in purposefully designed, integrated solutions for point-of-care, medication management, and pharmacy automation. Capsa has partnered wi...",4547
Carahsoft Technology Corp.,,"12828, 6424, VHQ 6924"
Clearsense,Clearsense is a healthcare data enablement platform designed to help health systems optimize operating costs while revitalizing access to data. The 1Clearsense™ Platform enables large-scale decommissi...,1058
Commence,"Commence delivers data-centered healthcare solutions that make data more accessible, discoverable, and interoperable. Creating a healthier future with data that drives answers, technology that advance...",1367
Cybersecurity Command Center,"In today’s digital landscape, safeguarding your organization against cyber threats is more crucial than ever. The Cybersecurity Command Center is dedicated to providing insights and solutions to enhan...",10001
DeliverHealth,"DeliverHealth is a healthcare technology company that helps organizations reduce administrative burden and improve financial performance. Our AI-powered solutions connect clinical documentation, codin...",747
DrChrono,"DrChrono works the way you do, with everything from intake and clinical documentation to billing in one unified platform: no switching screens or systems. Built for mobility, our cloud-based EHR is ac...",564
eClinicalWorks,"eClinicalWorks is a leader in healthcare IT, providing cloud-based Electronic Health Record and Practice Management solutions that help improve patient satisfaction, promote better medical outcomes, a...","4043, CD-08, VHQ13951"
Elsevier,"Elsevier Health applies innovation, facilitates insights, and helps drive more informed decision-making for students, clinicians, leaders, educators and policymakers, across healthcare systems globall...",2843
Epic,"Epic software is built around a single comprehensive health record, so everything works together – in a doctor’s office, hospital, long-term facility, or the patient’s home. This approach helps care t...","12713, 1431, Room 306 + 2 more"
First Time Exhibitor Pavilion,Connect with emerging industry leaders and explore groundbreaking products and solutions from first-time exhibitors poised to transform the future of healthcare. The First-Time Exhibitors Pavilion is ...,1016
GE HealthCare,"GE HealthCare is a leading global medical technology, pharmaceutical diagnostics, and digital solutions innovator, dedicated to providing integrated solutions, services and data analytics to make ...","2525, MP11549"
Government Connections Plaza,"The Government Connections Plaza offers a platform to engage with top government agencies on pressing healthcare issues from the One Big Beautiful Bill Act ramifications, health equity and patient ide...",12526
Heidi,"Heidi is building an AI Care Partner to expand clinical capacity by automating administrative work — documentation, form filling, and task management — so clinicians can focus on patients. Used across...",1453
hellocare.ai,"hellocare.ai specializes in AI-driven virtual care, enhancing healthcare through innovative solutions. Our platform encompasses five core modules: Virtual Nursing and Telehealth, AI-Assisted Virtual S...",2239
Hexnode,"Hexnode is a leading Unified Endpoint Management (UEM) solution that helps businesses streamline device management across platforms, enhancing security and efficiency. With a focus on simplifying IT a...",4205
Hyland,"Hyland is the pioneer of the Content Innovation Cloud, delivering ubiquitous enterprise intelligence to organizations with solutions that unlock actionable insights and drive automation. Trusted by th...","2822, 3031, VHQ13953"
Interop and Smart Experience,"Learn from experts and explore secure, innovative solutions that overcome system incompatibilities, driving a more connected and trusted healthcare ecosystem. Immerse yourself in healthcare's connecte...",12511
InterSystems Corporation,"InterSystems is the leading provider of data technology for extremely critical data in healthcare. InterSystems brings disparate data into a single reality, creating a unified vision that enables info...","222, Titian 2304, Titian 2305-2306 + 1 more"
"Medicomp Systems, Inc.","Medicomp Systems delivers the industry's only comprehensive clinical data foundation, powering intelligent systems through its evidence-based Clinical Intelligence Engine, Quippe®. Healthcare faces a ...",5435
Microsoft Corporation,"Microsoft for Healthcare provides trusted and integrated capabilities that makes it easier for organizations to create personalized patient experiences, gives health teams connected and secure collabo...","2812, Room 308, Room 309 + 1 more"
Milliman MedInsight,Milliman MedInsight® empowers healthcare organizations to drive better outcomes and maximize value-based care performance through unmatched data confidence and reliability. As a trusted partner in the...,4413
Nihon Kohden America,"Nihon Kohden is a leading medical technology company dedicated to advancing patient care through innovative solutions. With a rich history of over 70 years, Nihon Kohden has become a global leader in ...",3153
Oracle Health and Life Sciences,"Oracle offers suites of integrated applications plus secure, autonomous infrastructure in the Oracle Cloud. By connecting clinical, operational, and financial data across the healthcare ecosystem, we ...","4022, VHQ13947"
Patient Experience & Wellness,Explore innovative telehealth platforms and remote monitoring solutions that enhance patient experiences and drive continuous engagement in their health journeys. The Patient Experience & Wellness Pav...,3264
Philips,Philips is a leading health technology company focused on improving people's health and well-being through meaningful innovation. Philips’ patient- and people-centric innovation leverages advanced tec...,2833
PointClickCare,"PointClickCare is a leading health tech company with one simple mission: to help providers deliver exceptional care. With the largest network of acute and long-term and post-acute care (LTPAC) data, w...",4416
Prima Systems,"Prima Systems is a leading provider of healthcare business process outsourcing services. With a team of highly-skilled professionals and state-of-the-art technology, we specialize in offering a wide r...",3864
RevSpring,"RevSpring turns data into smart guidance so every interaction drives the best possible outcome. From the first search to the final payment, experiences feel personalized, trustworthy, and actionable. ...",1335
Rubrik,"Rubrik, the Security and AI Operations Company, leads at the intersection of data protection, cyber resilience, and enterprise AI acceleration. Rubrik Security Cloud delivers complete cyber resilience...","10804, MP10950"
SANS Institute,People are the most critical line of defense in any organization. SANS training and certifications provide them the practical skills they need to protect your company. From building high-performing se...,1543
ServiceNow,"Healthcare is too important to run on silos, outdated infrastructure, and inefficient processes. ServiceNow® makes it easier for clinicians to do the work that matters. The Now Platform® connects ever...","MP11556, MP11557, MP11558"
Smarter Technologies,"Smarter Technologies, the automation and insights platform for healthcare efficiency, is a leading AI-powered revenue management platform that combines proprietary clinical agents, human-in-the-loop A...","853, MP11153"
Startup Park,Explore cutting-edge technologies from emerging startups and connect with potential partners and investors in this dynamic hub for healthcare innovation. Startup Park is a vibrant space dedicated to e...,717
Suki AI,"Suki is a leading technology company building presence at the heart of care through its Ambient Clinical Intelligence (ACI) layer. Unlike add-on tools, Suki’s ACI is embedded at the point of care, pow...",1047
"Veratad Technologies, LLC",Veratad is a world-class provider of real-time online identity and age verification solutions for businesses operating on the internet. Our platform helps organizations verify an individual’s identity...,10403
Waystar,"Waystar’s mission-critical software is purpose-built to simplify healthcare payments so providers can prioritize patient care and optimize their financial performance. Waystar serves over 30,000 clien...",4622
,,
,,
,,
Exhibitor,Summary,Booth
101 GenAI,"101 GenAI is Redefining Healthcare Quality with AI. Monitor: Track interactions, charts, documents, workflows and claims processes Measure: Generate HEDIS scores, Medication Adherence rates, eC...",717-21
10ZiG Technology,"10ZiG delivers secure, standardized, and centrally managed endpoints for healthcare organizations. Our Imprivata Ready thin clients, zero clients, and PC repurposing software enable safe access to cli...",4370
1upHealth,"Driven by a purpose of better healthcare for all through better data, 1upHealth is the national leader in health data interoperability and one of the fastest-growing health IT companies in the United ...",5253
314e Corporation,"314e is a leading provider of healthcare software and services. Since its inception in 2004 in Silicon Valley, 314e has provided products and services to over 250 health systems and payers. 314e’s pro...",4013
4B Marketing,"Founded in 2015, 4B Marketing is an accessibility-first, rapid response, HubZone-certified branding and marketing firm that specializes in customized relationships with public sector and private secto...",12130
A&D Medical,"For nearly 50 years, A&D Medical has been manufacturing and distributing a comprehensive range of cutting-edge biometric monitoring solutions. This includes blood pressure monitors, weight scales, and...",6436
A10 Networks,"A10 provides secure application services for on-premises, multi-cloud & edge-cloud environments so enterprises can deliver business-critical applications that are secure, available & efficient for mul...",10703
Abnormal AI,"Abnormal AI is the leading AI-native security platform built to protect humans from cybercrime. Founded by AI insiders and cyber outsiders, our behavioral AI platform learns what's normal for every us...",2812
Abridge,"Founded in 2018, Abridge is the leading enterprise-grade AI platform for clinical conversations trusted by more than 250 health systems. Powered by a purpose-built system of intelligence for healthcar...",635
Accenture,Accenture Health. Accenture is a global professional services company and trusted partner for healthcare organizations seeking to transform at scale. We combine deep clinical and business expertise w...,4060
AccessAbleUSA,"AccessAbleUSA provides verified, user-led accessibility information that helps healthcare systems improve patient and visitor experience across complex hospital campuses. With 25 years’ experience an...",6435
Accessium Group,"Accessium Group is a trusted provider of IT solutions and healthcare consulting, specializing in radiology, cardiology, pathology, ophthalmology, dentistry, and pharmacy informatics, digital transform...",5824
Acer America Corporation,"Established in 1976, Acer is a hardware + software + services company dedicated to the research, design, marketing, sale, and support of innovative healthcare devices that enhance people's lives. Acer...",825
Acklen Avenue,"Empowering Your Business for the Future Acklen Avenue is your strategic partner in digital transformation, delivering agile, custom software solutions that revolutionize how you operate, engage custom...",6639
ACL,"ACL has been manufacturing specialized IT hardware solutions for medicine and hygienically critical areas such as digital operating rooms, digitalization in intensive care units, telemedicine, and mob...",3934
Acre Security,,3471
Act Security,Act Security safely untangles the cloud access spaghetti using native controls.,10004
Activeloop,"Activeloop is the database for AI, empowering anyone to organize complex enterprise data and retrieve knowledge with AI Activeloop's product, Deep Lake, seamlessly connects unstructured data—DICOM ...",2812
Adaptive Security,Adaptive is a next-generation cybersecurity platform. We're working with pioneering security teams to protect critical systems from AI-powered cyber attacks. Our customers today include one of the...,11203
Adobe,"Adobe empowers everyone, everywhere to imagine, create, and bring any digital experience to life.",2812
Advantech,"Advantech is a leading provider of customized, certified medical solutions, offering a broad portfolio that includes medical computing systems, panel PCs, tablets, patient monitoring devices, infotain...",3056
"AFC Industries, Inc.","Since 1994, AFC Industries, Inc. has been at the forefront of designing and manufacturing ergonomic furniture, workstations and mobile carts. Our Mission is to improve work life quality by designing a...",3908
AGFA HealthCare,"AGFA HealthCare delivers a cloud-ready Enterprise Imaging platform designed to help healthcare organizations manage imaging data securely, efficiently, and at scale. Our Enterprise Imaging solution co...",2225
AiClaim,"At AiClaim, we transform healthcare operations with customizable AI software designed to optimize revenue cycle management. Our proprietary Agentix Models predict and prevent claim denials before subm...",717-28
AIRAdoc GmbH,,4058
Airia,"Airia revolutionizes healthcare AI adoption with our innovative platform, integrating advanced clinical models and data sources to transform medical and administrative workflows into HIPAA-compliant A...","11218, 12118, 3264-19"
AiRISTA,"AiRISTA is a global leader in Wi-Fi-based Real-Time Location Systems (RTLS), delivering location intelligence that transforms hospital safety, efficiency, and patient experience. Our patented technolo...",1357
AirStrip,"AirStrip is a leader in clinical surveillance, decision support, and alarm management solutions. We deliver a comprehensive, vendor- and data source–agnostic, enterprise-wide clinical mobility solutio...",5749
Aiva,"Aiva Nurse Assistant is the voice-powered charting solution for the nurses. Our smartphone app allows nurses to chart, submit orders, and complete routine tasks using only their voice, eliminating man...",962
AIVA MD,"AIVA MD is an AI-powered healthcare operations platform designed to streamline communication, documentation, and administrative workflows for clinics and medical groups. Our Advanced Intelligence assi...",4957
AiZtech Labs,"At AiZtech Labs, we are on a mission to make life 10X better for one billion people. We blend world-class AI research with human-centered design to redefine what’s possible in health technology. O...",10722
Alexander Group,"Alexander Group provides go-to-market consulting services to marketing, sales, service and talent leaders. With over 40 years of developing practical, executable solutions, we are singularly focused o...",4400-17
Align Business Advisory Services,"Align Business Advisory Services is a Mergers & Acquisitions and business advisory firm focused on lower-middle-market businesses nationwide. Our team of CPAs, MBAs, and diverse executives helps busin...",4501
ALKU,"ALKU is a leading specialized consulting firm with 15+ years of experience delivering innovative healthcare technology solutions. With a team of 2,500+ consultants, we serve public and private sector ...",6445
"Altera Digital Health, Inc.","A global healthcare IT leader, Altera Digital Health develops and elevates technology to bring next-level healthcare within reach. Altera’s approach to our solutions is changing the way healthcare is ...",4431
Altrina,"Altrina is the leading back office automation solution for healthcare, enabling end-to-end automation of RCM, scheduling, and records management.",12404
Altudo LLC,"Altudo is a global digital transformation firm specializing in delivering value through 1:1 personalization. Our strategic alliances include Sitecore, Optimizely, BigCommerce, Shopify, Netlify, Asana,...",1671
Altus,"Altus designs and builds durable mobile workstations and smart fleet management tools for healthcare. Based in Michigan, we serve clinical and IT teams with thoughtfully engineered solutions that impr...",1661
Alumni Ventures,,12024
"Amazon Web Services, Inc.","Amazon Web Services (AWS) is guided by customer obsession, pace of innovation, commitment to operational excellence, and long-term thinking. By democratizing technology for nearly two decades and maki...","1823, MP11950, MP11951 + 5 more"
AMD,"AMD is the high performance and adaptive computing leader, powering the products and services that help solve the world’s most important challenges. Our technologies advance the future of the data cen...","2570, MP11149"
American College of Radiology,"Founded in 1923, the American College of Radiology® (ACR®) is at the forefront of radiology evolution, representing more than 40,000 diagnostic and interventional radiologists, radiation oncologists, ...",1668
American Heart Association,"AHA has established the Center for Telehealth, providing a unique opportunity for professionals in the telehealth space, including those involved in remote patient monitoring and patient navigation to...","3322, MP11351"
American Medical Informatics Association (AMIA),"AMIA, the leading professional association for informatics professionals, is the center of action for over 6,400 informatics professionals from more than 65 countries. As the voice of the nation's top...",1470
American Messaging,"With over 35 years of experience, American Messaging is one of the largest critical messaging companies in the United States, and the largest privately-owned company focused exclusively on critical me...",6153
American Psychological Association,"The American Psychological Association (APA) is the largest psychology organization in the United States, with the mission to benefit society and improve lives through the advancement of psychological...",320
Amico Accessories Inc,"Amico Accessories is an innovator in the medical industry with a line of Healthcare Mounting Solutions that suit the needs of healthcare providers. Meeting and exceeding standards, we strive to provid...",3916
AMTELCO,"Amtelco is a family-owned company founded in 1976 and a respected provider of interoperable, comprehensive, and customizable communication software. Its products offer automation, integration, and lea...",1340
Anatomage,"Anatomage, now united with BioDigital, offers a powerful 3D visualization platform for medical education and healthcare. Combining virtual anatomy, interactive dissection, and dynamic health simulatio...",4764
Anchora,"Anchora is a global leader in business process outsourcing (BPO), dedicated to helping clients achieve exceptional growth through innovative solutions. Leveraging a diverse team and innovative technol...",4300
Andor Health,Andor Health revolutionizes clinical care through generative AI-powered virtual care experiences across the care continuum. Our virtual care experiences empower healthcare providers with actionable in...,5639
Anshar AI,"Anshar AI transforms advanced machine learning research into robust, production-ready systems. Our team partners closely with product and engineering leaders to develop custom AI solutions - from mode...",10626
AORN Syntegrity,"AORN Syntegrity is an evidence‑based perioperative EHR enhancement that optimizes native EHR content and strengthens the perioperative foundation. It delivers 3,000+ curated procedures aligned with CP...",1319
Apella,"Apella is an OR optimization platform providing busy hospitals with real-time operational intelligence to eliminate delays, distractions, and inefficiencies throughout the day. Apella uses ambient AI ...",644
Appian,"Appian empowers government agencies to streamline operations, unify data, and deliver better services—faster. From personalized patient journeys to case management and procurement, Appian brings the p...",12531
Apps Associates LLC,"Apps Associates is a premier enterprise application and technology advisor, counseling and executing across every stage of the enterprise transformation journey – not just the destination. For more th...",6533
Apricorn,"THE LEADER IN PORTABLE HDD / SSD ENCRYPTION Headquartered in Poway, California, Apricorn provides hardware-based encrypted external storage products to companies and organizations that require high-l...",3910
Arcadia,"Arcadia helps payers and providers put their data to work so they can transform healthcare. We do that through an interoperable data platform that uses advanced analytics to shape strategies, inform d...",2447
Armis,"Armis, the cyber exposure management & security company, defends the entire attack surface and manages an organization’s cyber risk exposure in real time. In a rapidly evolving, perimeter-less world...",11107
Arrive AI,"Arrive AI is a pioneer in mailbox-as-a-service (MaaS), providing secure, seamless delivery and pickup infrastructure for the last inch of the autonomous last mile. Our solutions are designed to work w...",12122
Artera,"Artera is the proven agentic healthcare company, leveraging a decade of expertise to support 2 billion patient communications annually. Our solutions empower humans and AI Agents to work together to f...",6421
Artificial Intelligence Pavilion,"The AI Pavilion is your go-to destination for exploring innovative solutions. This dedicated space serves as the central hub where decision-makers, clinicians, and technology leaders converge to disco...",10018
Artisight,"Artisight redefines the possibilities of healthcare through its Smart Hospital Platform and solutions for virtual care, quality improvement, and care coordination. Anchored in deep clinical knowledge ...",2264
Ascom (US) Inc.,"Ascom is a global leader in clinical communication and collaboration solutions, dedicated to improving healthcare outcomes through digitalization. With over 35 years of expertise and 32,000+ installat...",1449
Asimily,Asimily helps protect your connected medical and IoT devices from ransomware and malware attacks. We are headquartered in California and designed exclusively for healthcare to address connected medica...,10001-11
ASP-RCM Solutions LLC,"ASP-RCM Solutions is a full-service, technology-enabled Revenue Cycle Management partner delivering measurable financial and operational impact for hospitals, health systems, and specialty providers. ...",4001
Assort Health,"Assort Health is the precision patient access platform powered by voice AI - built to operate at the messy intersection of clinical nuance, payer rules, and real human behavior. Trained on 100M+ patie...",3264-12
AT&T Business,"Why AT&T Business for Healthcare? See how ultra-fast, reliable fiber and 5G connectivity protected by built-in security can help you improve business and clinical operations. Let our experts work wit...","2231, Titian 2204, VHQ10453"
Atera,"Atera is a full-stack IT management platform built for the demands of modern healthcare. By consolidating device management, ticketing, automation, and AI-driven support into a single solution, Atera ...",10607
athenahealth,"Since 1997, athenahealth has been curing complexity for ambulatory healthcare practices and the patients they serve, empowering them to deliver the best possible care and business outcomes through inn...",3231
Atos,"Atos is a global leader in digital transformation, helping organizations across North America modernize, secure, and scale their digital operations. With approximately 63,000 employees worldwide and €...",3264-15
Atropos Health,"Atropos Health is the developer of GENEVA OS®, the operating system for rapid healthcare evidence across a robust network of real-world data. Healthcare and life science organizations work with Atropo...",2812
Attuned Intelligence,"Attuned Intelligence provides healthcare call center automation using AI voice agents. Our platform answers inbound patient calls in natural, multilingual speech, triages requests, and routes or resol...",717-01
Authenticx,Authenticx is the new standard for listening at scale with artificial intelligence. The platform brings conversational intelligence to healthcare by analyzing millions of customer interactions (like v...,10018-24
Autonomize AI,"Autonomize AI uses specialized AI Agents to simplify some of healthcare’s most complex and manual processes, transforming them into streamlined, AI-native operations. Our solutions reduce administrati...",2812
Availity,"Availity is the place where healthcare finds the answers needed to shift focus back to patient care. We work to solve communication challenges in healthcare by creating a richer, more transparent exch...",MP11554
Avalue Technology Inc.,"Avalue's smart healthcare solution not only improves the quality of care, but also enhances the communication between healthcare professionals and patients. Avalue’s smart healthcare solution provides...",3914
AvaSure,"AvaSure® is an intelligent virtual care platform that healthcare providers use to engage with patients, optimize staffing, and seamlessly blend remote and in-person care at scale. The platform deploys...",5444
Avidex,"Avidex is an award-winning team of AV industry experts, specializing in the design and integration of innovative audiovisual solutions. Our systems incorporate a broad range of cutting-edge technologi...",4364
AXIOMTEK,Axiomtek’s medical computer solutions are purposely designed to deliver the best embedded computing technology and be the most logical solution choice for medical OEMs and ODMs. In addition to product...,3861
Axis Communications,"Axis enables a smarter and safer world by creating network solutions that provide insights for improving security and new ways of doing business. As the industry leader in network video, Axis offers p...",827
Axonius,"Axonius transforms asset intelligence into intelligent action. Preemptively tackle hard-to-spot threat exposures, misconfigurations, and operational challenges across your entire technology footprint ...",10807
Axway,"Axway is a global software company that enables secure, scalable, and reliable AI-ready ecosystems anchored in proven API management, MFT, and B2B integration solutions. With deep expertise across all...",11924
AZPIRED PREMIER CALL CENTER SOLUTIONS,"AZPIRED is a cutting edge leader in the contact service vertical. We handle some of the most recognizable names in business today. We offer reliability, high security and unsurpassed cost savings to o...",5226
Azulity,"Azulity helps healthcare organizations turn fragmented data into a standardized, interoperable foundation they can trust. We specialize in consulting and implementing data management solutions built f...",759
B. Braun Medical Inc.,"B. Braun Medical Inc. is a leader in smart infusion therapy and safe and effective pharmacy products, patient and provider safety, and sustainable health solutions. Our purpose is to help providers co...",4006
b.well Connected Health,b.well Connected Health is the most data-rich digital health platform for AI-powered consumer experiences and better outcomes. Our FHIR®-based platform solves healthcare's fragmentation problem by uni...,12613
Baker Tilly,"Baker Tilly is a premier advisory, tax and assurance firm, possessing deep insight into the intricate connections within the provider, payer and life sciences industries. Drawing on our extensive heal...",831
Bank of America,"In a healthcare industry that’s moving at lightning speed, you need a dedicated team of specialists, backed by the resources of a global leader. From transformative digital treasury tools to employee ...",Room 303
"Barco, Inc.","Barco’s high-precision medical monitors bring accuracy and efficiency to a broad range of healthcare disciplines including Radiology, Mammography, Digital Pathology, Clinical Review, Surgery and Denti...",1516
Bavarian Participation,"Looking to establish business contacts with Bavarian companies? Would you like to find out more about Bavaria as a business location or Bavarian technologies and innovations? We, at Bayern Internati...",4058
Baxter Healthcare,"Baxter is a global medtech leader, providing connected devices, medicines and technologies that healthcare providers use to enable the best patient care possible, while streamlining workflows for the ...",1131
BD,"BD is one of the largest global medical technology companies in the world and is advancing the world of health by improving medical discovery, diagnostics and the delivery of care. BD helps customers ...",12723
BDO,,2812
Beam Mobile,Beam Mobile is the #1 selling iPhone and iPad case for healthcare. It's the only case designed specifically for hospitals using disinfectant-ready plastics for continuous cleaning. With our advanced d...,739
Bell MedEx,Bell MedEx is a nationwide medical billing and revenue cycle management company built to help healthcare organizations maximize collections and operate with confidence. We provide full-service medical...,1471
Bellator AI,,717-10
BelleTorus Corporation,"No Derm, No Problem In a world where most people have limited access to dermatology, BelleTorus Corporation (“Belle.ai”) helps healthcare professionals address the unmet demands for global skin hea...",4959
Berrymmed,"Berry Med was founded in 2003 and has been dedicated to the research, development, and manufacturing of patient monitoring devices. We offer monitors with various parameters, including ECG, respiratio...",3264-14
Better Care,"Better Care transforms device data into reliable clinical intelligence. Through BC Link®, a device-agnostic and interoperable platform, it connects and harmonizes data across the entire care pathw...",4400-08
BeyondID - A KeyData Cyber Company,"BeyondID is an identity security services firm and part of KeyData Cyber, one of North America’s largest pure-play identity organizations. We help healthcare organizations protect patient data, secure...",11604
Biamp Systems,"For over 45 years, Biamp has created professional audiovisual solutions that enable great communication. Our sound masking products eliminate noise distractions and help improve speech privacy, sign...",1416
Biobeat,"Biobeat is redefining hypertension diagnosis and management with a first-of-its-kind, FDA-cleared, cuffless 24-hour blood pressure monitoring platform that delivers accurate, reliable, and comfortable...",3260
Bionime Corporation,"Founded in 2003, Bionime is a global innovator in Blood Glucose Management, specializing in the research, design, manufacturing, and marketing of advanced solutions for personal, Blood Glucose Meters ...",4265
Biotronics 3D Inc,,4859
"Black Talon Security, LLC","We specialize in protecting healthcare organizations from cyberthreats. Our flagship risk management solution, EAGLEi, a first-of-its-kind attack surface management dashboard, provides comprehensive v...",11303
BlueFletch,"Deliver the instant, tap-and-go experience clinicians expect without sacrificing security with HIPAA-certified rapid authentication and universal SSO across Android, iOS, and Windows devices. We desig...",4401
Bluip,"BluIP is a leading Telecommunications Service and Solutions Provider that offers an AI Conversational Virtual Assistants, Cloud PBX/Microsoft Teams and Contact Centers for Hospitals, Clinics, Labs and...",3967
BMC Helix,"BMC Helix helps forward-thinking IT organizations turn AI into action—unlocking human potential to multiply productivity so teams can focus on the work that matters most. Our industry-leading, open pl...",6053
BMJ Clinical Intelligence,"BMJ Clinical Intelligence provides healthcare providers, payors, and healthcare platform providers with high-quality computable guideline recommendations across the whole patient and population health...",4659
Bolton Install Pros,"Bolton Install Pros provides turnkey solutions for in-building cellular and public safety systems, supporting projects from planning through post-deployment service. Our team has the expertise to depl...",3912
Bond Health,"Bond Health is an AI platform that helps hospitals and research sites find, pre-screen, and enroll eligible patients into clinical trials. We connect to EHRs, use large language models grounded in a 1...",717-20
Boost Health AI,"Boost Health AI equips healthcare payers with end-to-end AI Agents that unlock the payer rulebook to optimize complex workflows while ensuring audit-ready compliance. Unlike black-box point solutions,...",10018-05
Boostlingo,"Boostlingo is a language intelligence platform that helps organizations communicate clearly across languages. More than 3,000 organizations use Boostlingo for AI and human interpreting, translation, s...",11623
BORDA TECHNOLOGY,"Borda is the ""IoT & RTLS for Healthcare"" company, delivering operational awareness & insights across more than 50M sqft. of hospital space, tracking millions of assets, and improving the efficiency of...",2064
Bounteous,,MP11933
BrainStorm,"BrainStorm is different. One part communications engine, one part learning management, and one part analytics, BrainStorm is THE behavior change platform for software vendors, software customers, and ...",6442
Brandon Systems,"About Brandon Systems For over two decades, Brandon Systems has helped healthcare organizations modernize systems and unlock value from siloed data. As healthcare evolved toward data-driven intellige...",1217
"BridgeHead Software, Inc.","BridgeHead’s Clinical Data Repository, HealthStore®, lays the foundations for the future of clinical data management with an interoperable solution that unifies siloed live and legacy data with the EH...",6024
Broadcom Inc.,"VMware by Broadcom is a trusted partner to healthcare organizations globally, delivering a comprehensive hybrid and multi-cloud platform for healthcare innovation. Our Cross-Cloud services acceler...","10018-15, MP11559"
BRSi,"For over 33 years, BRSi has been a trusted provider of Healthcare Revenue Cycle and Revenue Integrity services, Denial Management, and Billing and Collections software. Serving commercial, state, and ...",4467
Business Operations Pavilion,The Business Operations Pavilion makes its landmark debut at HIMSS26 as a dedicated space for the critical infrastructure that enables provider and payer organizations to survive and thrive. Explore n...,4400
Buzz Health,"Buzz Health™ is a healthcare technology company delivering smart, customized prescription savings solutions through its various platforms, including BuzzRx and RxCompare. The modular suite of products...",761
Cabana Corner,"Transport yourself to a tropical paradise without stepping off the HIMSS26 exhibit floor. Cabana Corner brings authentic island vibes to healthcare networking, featuring comfortable lounge seating rem...",4670
Calcium,"Calcium is a closed-loop predictive prevention platform that helps hospitals reduce avoidable utilization, stabilize surgical performance, and improve value-based outcomes. By connecting predictive an...",3264-09
Call Center Concierge,"Call Center Concierge is a global BPO portfolio representing 16 trusted call center and AI solution providers. Our portfolio partners support over 300 healthcare organizations and deploy more than 60,...",3862
CallMiner,"CallMiner is the global leader in customer experience (CX) automation, powered by deep conversation intelligence. Leveraging AI agents and human expertise, CallMiner delivers smarter, more efficient i...",10225
"CalmWave, Inc.","Building the Foundation of Safer, Smarter Hospitals CalmWave helps hospitals uncover critical signals long buried in noise so every decision, intervention, and shift moves with confidence. our mis...",4067
Campfire Commons,"Embrace the charm of outdoor hospitality at the HIMSS26 debut fireside networking hub. Featuring authentic Adirondack chairs bathed in warm, glowing light, this space recreates the timeless appeal of ...",6017
Canary Speech,"Canary Speech is a clinical decision support tool that helps clinicians identify health conditions earlier, including cognitive and behavioral conditions such as anxiety, depression, violence and aggr...",2812
"Canon USA, Inc.",,10001-43
Capsa Healthcare,"Across the healthcare continuum, Capsa stands out as the leader in purposefully designed, integrated solutions for point-of-care, medication management, and pharmacy automation. Capsa has partnered wi...",4547
CAQH,"CAQH is a leading organization focused on aligning the healthcare ecosystem around essential solutions, creating a more connected and less costly experience for all. For more than 20 years, CAQH has p...",4804
Carahsoft Technology Corp.,,"12828, 6424, VHQ 6924"
CareCode Pro,"CareCode Pro (CCP) helps transform healthcare coding and revenue cycle performance through clinical expertise, advanced technology, and a skilled coding workforce. We deliver high accuracy, speed, and...",2959
Caregility,"Caregility is the global leader in enterprise connected care solutions, enabling organizations to deliver care anytime, anywhere. The Caregility Connected Care™ platform spans inpatient, outpatient, a...",3511
Carequality,"Carequality is a national-level, consensus-built, interoperability framework to enable exchange between and among health information networks. Carequality brings together diverse groups, including ele...",MP11547
CareQuest Institute for Oral Health,CareQuest Institute for Oral Health® is a national nonprofit championing a more equitable future where every person can reach their full potential through excellent health. CareQuest Institute does th...,667
Carimus,"Carimus is a strategic consultancy specializing in brand experience and digital transformation—where clarity meets craft and strategy becomes scalable execution. As strategic partners in progress, we ...",4860
CDW Healthcare,"CDW Healthcare provides technology solutions & services to healthcare organizations such as hospitals, clinics, and medical practices. We offer a range of products and services, including hardware and...","626, MP11747"
Celerium,"Celerium® powers active cyber defense to help organizations combat cyberattacks and data breaches. For 18 years, we’ve supported critical industries and government agencies, including the DoD. Today, ...",10001-36
Censinet,"Censinet®, based in Boston, MA, takes the risk out of healthcare with Censinet RiskOps™, the industry’s first cloud-based risk exchange enabling healthcare organizations to collaboratively manage and ...",10018-04
Centaur.ai,Centaur.ai provides a quality-driven workforce management system for teams building mission-critical AI. We harness collective intelligence to produce superhuman annotation across every primary modali...,11222
Centauri,"Centauri delivers data-driven technology solutions that transform fragmented clinical and member data into actionable intelligence — maximizing accuracy, quality performance, and outcomes for health p...","4464, CD-17, MP11347"
Centers for Medicare & Medicaid Services,,12728
"CenTrak, Inc.","Hospitals can’t afford blind spots. CenTrak’s scalable Real-Time Location System (RTLS) delivers real-time visibility to protect staff, track assets, and improve clinical workflows. With flexible opti...",3009
CereCore,CereCore® provides IT services that make it easier for you to focus on supporting hospital operations and transforming healthcare through technology. With a heritage rooted in top-performing hospita...,6126
CertifyOS,"Certify is architecting the modern provider data infrastructure — combining best-in-class technology, best-in-class data, and deep domain expertise to transform how healthcare operates. Entering the m...",4601
Certilytics,Certilytics is redefining how healthcare organizations turn data into decisions. We bring GenAI-powered answer and decision support intelligence to leaders who are tired of digging through dashboar...,6244
Chameleon Corporation,"ChameleonLink Digital Whiteboard incorporates all of Chameleon’s Interchangeable functionality into the first of its kind Touch-Screen Digital Environment. Bi directional, two way communication using ...",5323
"Chetu, Inc.","Chetu is a global leader in healthcare technology, offering a wide array of specialized healthcare software solutions. Our renowned experts and technology innovate startups, SMBs, and Fortune 5000 com...",364
CHG Healthcare,"CHG Healthcare delivers comprehensive, clinical workforce solutions. We use our decades of healthcare staffing experience, industry-leading technology, and strategic consultation to not simply mitigat...",1419
ChipSoft,ChipSoft develops cutting-edge software that supports healthcare professionals –from medical specialists to admin and executives- in providing the best quality of care in the most efficient way. Our m...,5019
Chronic Care Staffing,Chronic Care Staffing® is a nationwide provider of remote patient health services strictly following CMS service guidelines. We work with an array of clients ranging from small practices to large heal...,671
"CI&T, Inc.","At CI&T (NYSE: CINT), we don't just follow trends—we set them. As global tech transformation specialists, we help hospitals and payers revolutionize the healthcare industry. With our expansive team of...",360
Cisco Spaces,,MP10954
"Cisco Systems, Inc.","Cisco has innovative solutions that lay the foundation for a more connected, secure, and sustainable future in healthcare. From patient engagement and data-driven workflows to operational transformati...",10922
CITI Program,"CITI Program is the trusted standard in research, ethics, and compliance training. We are dedicated to serving the training needs of colleges and universities, healthcare institutions, technology and ...",822
CitiusTech,"CitiusTech is a global technology services, consulting, and business solutions enterprise 100% focused on the healthcare and life sciences industry. We enable 140+ enterprises to build a human-first...",4935
Citizen Systems America Corporation,"Citizen Systems printers offer reliable, cost-effective solutions for the U.S. healthcare market. Designed for seamless integration, our printers connect easily with EHR and EMR systems, streamlining ...",1426
CIVIE,AI-powered solutions for unmatched radiology operations advantage Leverage our complete suite of solutions or choose from individual state-of-the-art solutions including radiology information system ...,2270
Claroty,Claroty has redefined cyber-physical systems (CPS) protection with an unrivaled industry-centric platform built to secure mission-critical infrastructure. The Claroty Platform provides the deepest ass...,10911
CLEAR,"CLEAR1 is CLEAR’s secure identity platform, designed to bring trust to every healthcare interaction. Built on a NIST IAL2/AAL2 and HIPAA-compliant foundation, CLEAR1 confirms identity using hundreds o...","433, CD-18"
ClearBridge Technology Group,"Through ClearBridge’s Life Sciences & Healthcare practice, we help some of the biggest & best companies meet their health IT challenges with a comprehensive set of technology staffing solutions and se...",3724
ClearDATA,"ClearDATA is a leading managed cloud security, compliance, and operations provider specializing in healthcare. Through our robust Cloud Security Posture Management (CSPM), the CyberHealth™ Platform, w...",10803
Clearsense,Clearsense is a healthcare data enablement platform designed to help health systems optimize operating costs while revitalizing access to data. The 1Clearsense™ Platform enables large-scale decommissi...,1058
Clearwater,"Healthcare — Secure, Compliant, Resilient Propel your mission forward with the leader in healthcare cybersecurity & compliance. Clearwater is the only company combining deep healthcare security ...",10001-07
Cleo Health,Cleo Health is the first AI-powered platform that unifies documentation and revenue integrity for acute care organizations. Our solutions reduce clinician documentation burden while helping organizati...,764
Clinia,"Clinia helps health organizations and digital health builders make sense of and act on fragmented health data. Our platform offers embeddable search, summarization, and conversational UI components th...",10018-21
Clinical AI,Clinical AI is a technology company specializing in the application of artificial intelligence for the general healthcare market. We focus on addressing unment needs during the clinical trial lifecycl...,1446
"Clinical Architecture, LLC","Clinical Architecture delivers data quality solutions for healthcare enterprises focused on managing vast amounts of disparate data to succeed with analytics, population health, and value-based care. ...",5753
CLINICALLY SPEAKING,"Clinically Speaking is a small, highly specialized team of experts in the field of AI, voice recognition, EHR documentation, and office workflows. We enhance Microsoft’s Dragon Copilot by embedding it...",2812
CliniComp,"CliniComp is a trusted technology partner offering an innovative, New Era EHR Solution Suite with native AI that is interoperable, scalable and adaptable. With an over forty-year history, our comprehe...",6021
Clinicus,"Clinicus delivers enterprise-grade care management solutions for Chronic Care (CCM), APCM, PCM, TCM, RPM, BHI, and more—serving health systems, ACOs, ASOs, health plans, and telehealth operators ready...",6547
Cloudforce,"As Microsoft’s 2025 Education Partner of the Year and 2024 Supplier of the Year, Cloudforce specializes in deploying secure, responsible AI solutions on Microsoft Azure for regulated industries. Its f...",317
Cloudticity,"Cloudticity is a healthcare-focused cloud enablement partner that helps organizations innovate quickly without compromising security or compliance. Founded in 2011, Cloudticity designs, builds, and ma...",10006
CloudWave,"CloudWave is a full-service cybersecurity and cloud services provider built exclusively for healthcare. The company protects community hospitals & health systems, and specialty healthcare providers wi...",6235
Cloverkey,Cloverkey is a national operating partner for hospital gift shop management. Our professionally-operated shops are designed specifically for the unique needs of the hospital environment. We are commit...,3172
Club Colors,Club Colors modernizes custom apparel and uniform programs for the healthcare industry by integrating personalized shopping experiences with disciplined program management. Our solutions streamline or...,771
CMP Water dba 20% Water Savings,Municipal water is moved through every city's system at a very high pressure. Every facility’s internal water meter has to reduce that pressure to 50-80psi to accommodate it’s internal plumbing. That ...,12108
Codal,"Codal is an award-winning design and development consultancy that helps enterprise healthcare organizations solve complex problems and accelerate growth through cutting-edge, data-driven digital solut...",3059
CodaMetrix,Health systems spend more than $9B annually on manual revenue cycle tasks and clinical documentation. CodaMetrix is an AI-powered solution that delivers autonomous medical coding for 30+ Epic health s...,439
CodeDark Health,"CodeDark Health is a HIPAA-compliant, offline platform that keeps inpatient, ER, pharmacy, lab, L&D, EVS and billing running during EHR and EMR downtime caused by hospital ransomware attacks, healthca...",717-27
CODITAS,"Coditas is an AI-native digital engineering company that enables healthcare teams to move AI from pilot to production, backed by clear ownership, governance, and human-centered user experience. We ...",10224
CognomIQ,"You’ve spent millions chasing clean data—and still wait months for answers. How much longer will you fund dysfunction? CognomIQ eliminates vendor sprawl with healthcare’s only provider-owned data OS, ...",11724
Cognosos,"Cognosos utilizes the power of AI/ML to transform RTLS data into operational intelligence, redefining the value of location solutions. Cognosos is able to quickly deploy with an ultra-lightweight foot...",858
Cohere,"Empowering enterprises with private, powerful foundational models and AI solutions.",11319
Cohesity,"Cohesity protects, secures, and provides insights into the world’s data. As the leader in AI-powered data security, Cohesity helps organizations strengthen resilience, accelerate recovery, and reduce ...",MP11357
Commence,"Commence delivers data-centered healthcare solutions that make data more accessible, discoverable, and interoperable. Creating a healthier future with data that drives answers, technology that advance...",1367
CommonWell Health Alliance,CommonWell Health Alliance is a not-for-profit trade association committed to helping overcome the longstanding obstacles to interoperability in the health care industry. Together with our service pro...,5322
Commure,"Commure delivers next-generation AI infrastructure for enterprise health systems, integrating ambient intelligence, agentic AI, and revenue cycle automation on a single platform. Its Forward Deployed ...",870
Concentric.ai,,10108
Concord Technologies,"Concord is the market leader in Intelligent Data Exchange for the Healthcare industry, securely processing over 4 billion pages of protected data every year. Our portfolio includes AI-powered fax and ...",1461
Connected Intelligence,"Technical skill alone doesn't cut it anymore. Traditional analytics only tells what has happened, not why or what will happen next. We've combined deep analytics expertise with operational knowled...",4201
Connection,"Connection, a Fortune 1000 company, calms the confusion of IT by delivering customers industry-leading technology solutions to enhance growth, elevate productivity, and empower innovation. Dedicated s...",3519
Continuant,"Since 1996, Continuant has provided business communication services and support to over 100 members of the Fortune 500 and clients around the globe. And in the process, we established ourselves as a l...",3271
"Continuia, Inc.","Continuia is an AI-first clinical intelligence and governance platform designed to support clinicians, hospitals, and health systems in delivering high-quality, compliant care at scale. Continuia augm...",717-22
Contour Active Key,"WORK MIRACLES. Active Key brings 20 years of trusted health technology to Contour's mission of reducing harm at work, one career, one life at a time. So far, Contour's Active Key portfolio has helped ...",3911
"ControlUp, Inc.","ControlUp unifies IT operations and digital employee experience (DEX) in a single platform, giving healthcare IT teams real-time visibility, intelligent automation, proactive remediation, and actionab...",1726
Core Mobile Inc.,"Core Mobile is an AI-enabled foundational platform that integrates data, workflows, and services across hospitals, clinics, and community care. By improving care coordination and operational intellige...",1218
CoreView,"CoreView is the leading SaaS platform for Microsoft 365 Tenant Resilience. Trusted by enterprises worldwide, CoreView secures the configuration, identity, and access layers of Microsoft 365—hardening ...",10105
Corti,"Initially established in AI innovation and emergency services, Corti now builds unique systems to augment all care-based consultations. Code Automate codes cases in one click, saving hundreds of th...",MP11757
CoverMyMeds,"CoverMyMeds solves medication access challenges for patients throughout their journey through a unified brand that encompasses RelayHealth, RxCrossroads by McKesson and CoverMyMeds. While we’re bes...",1422
Cox Business,Cox Business helps healthcare organizations perform at their highest level with secure reliable and purpose-built technology solutions. Our integrated portfolio goes beyond connectivity to support col...,11404
Credenti,Credenti was founded with a clear purpose: to close the critical gaps left by Identity Providers (IdPs) in delivering passwordless and multi-factor authentication (MFA) where it matters most — at the ...,10204
Creyos,Creyos is a digital cognitive assessment platform helping clinical practices and health systems modernize how brain health is measured and managed. Built on more than 30 years of neuroscience research...,4301
CrowdStrike,"CrowdStrike, a global cybersecurity leader, has redefined modern security with the world’s most advanced cloud-native platform for protecting critical areas of enterprise risk – endpoints and cloud wo...",1135
CTG Health Solutions,"CTG, a Cegeka company, delivers IT and business solutions that enhance digital agility. With 55+ years of experience—and 35+ years in healthcare—we empower healthcare organizations to modernize syste...",3516
CueZen Inc,,2812
Curbell Medical,"Curbell Medical has been driving innovation in patient communication, monitoring, and safety in hospitals around the world for over 60 years. With products like the Rego Patient Interaction System and...",1526
CureMD,CureMD is a leading healthcare technology company delivering enterprise-grade health information systems and services to medical practices and health systems nationwide. Our fully integrated platform ...,"10018-20, 3264-17, 4400-11 + 1 more"
Cybernet,"Founded in 1996 – we design, manufacture, and service medical computing solutions. As a supplier and technology partner to many of the largest organizations in world, we collaborate with our partners...",4035
CyberSalus Inc,"Cyber Salus is a leading MedTech cybersecurity company dedicated to protecting the clinical ecosystem from evolving cyber threats. Specializing in medical device and IoT security, we provide cutting-e...",11004
Cybersecurity Command Center,"In today’s digital landscape, safeguarding your organization against cyber threats is more crucial than ever. The Cybersecurity Command Center is dedicated to providing insights and solutions to enhan...",10001
Cyera,"Data is the fastest growing attack surface in the world. Cyera is a pioneer in the data security space that empowers security leaders at Paramount Pictures, Mercury Financial, and others, to discover ...",10604
D&S Communications,"D&S Communications is a U.S. telecommunications and IT services company founded in 1986 and based in Elgin, Illinois. It provides business communications solutions including VoIP, D&S CloudAnywhere a...",12406
"daisyBill, LLC",daisyBill offers cloud-based revenue cycle management solutions specifically built to manage the complex challenges of workers’ compensation. With its industry-leading electronic billing for workers’ ...,5147
DAMCO SOLUTIONS INC,"Damco Solutions is the trusted technology partner of businesses worldwide enabling them to leverage IT as a strategic asset. Empowered by technology expertise, immaculate execution capabilities, and u...",4856
Dash,"Dash helps healthcare organizations streamline patient receivables and modernize financial engagement. The platform automates outreach, standardizes workflows, and consolidates account activity, reduc...",3173
Databricks,"Databricks is the data and AI company. More than 10,000 organizations worldwide — including Block, Comcast, Condé Nast, Rivian, Shell and over 60% of the Fortune 500 — rely on the Databricks Data Inte...","5453, MP11352, MP11353 + 2 more"
Datadog,"Datadog is an observability and security platform that unifies metrics, traces, logs, security signals, cloud spend and other telemetry data—from across your stack—into a single pane of glass. With ov...",11317
Datalogic,"Datalogic is a global leader in automatic data capture (ADC). We specialize in designing and producing barcode readers, mobile computers, sensors for detection, measurement and safety, RFID, machine v...",6149
Dataminr,"Dataminr is the global leader in AI-powered real-time event, threat & risk intelligence. The company delivers the earliest actionable intelligence on breaking events, emerging threats, and unexpected ...",10001-37
Datango,"Datango Learning Platform [DLP™] is a comprehensive off the shelf , On Premise or Software as a Service cloud based, performance support solution that enables you to create, manage, publish, and share...",11223
Dedalus S P A,Dedalus’ vision is for a digitally-enabled healthcare ecosystem where all stakeholders actively collaborate across the continuum of care to improve the consumer and clinician experience. Our software ...,Room 301
Deepgram,"Deepgram is the leading voice AI platform designed for developers building voice-first products using speech-to-text, text-to-speech, or speech-to-speech APIs. Over 200,000 developers build with Deepg...",10718
Definitive Healthcare,Definitive Healthcare is a data and analytics company focused on the business side of healthcare. The healthcare market is complex — our data makes it clearer. We cut through the noise to deliver the ...,3833
delight.ai,"Delight.ai is the branded AI concierge that helps every customer feel seen, remembered, and cared for. Powered by Sendbird, it combines memory, personalization, presence, and trust to deliver experien...",6043
DeliverHealth,"DeliverHealth is a healthcare technology company that helps organizations reduce administrative burden and improve financial performance. Our AI-powered solutions connect clinical documentation, codin...",747
Dell Technologies,,"2531, MP11947, MP11948 + 1 more"
Deloitte,"Creating a health care ecosystem that provides quality, accessible care for all takes innovative leaders. Challenging the status quo requires guidance from a trusted team equally committed to health a...",1724
DENSO Health,"Discover the pinnacle of Innovative barcode technology at DENSO Health's BOOTH #4939, live demo, register to win. ""World’s Cleanest Barcode Scanner"" for pathogen reduction. This innovative scanner f...",4939
"Department of Industrial Technology, MOEA",,4016
Design I.T. Solutions,"Celebrating 20 years of exceptional service, Design I.T. Solutions has built a track record of expert I.T. and cybersecurity solutions for organizations across every industry nationwide. Our team g...",4400-18
Dexcom Inc.,"Dexcom empowers people to take control of health through innovative biosensing technology. Founded in 1999, Dexcom has pioneered and set the standard in glucose biosensing for more than 25 years. Its ...",772
"Diaspark, Inc.","Diaspark is a global technology consulting and solutions company advancing digital transformation for healthcare organizations and ISVs through AI, data, and interoperability. With deep expertise in h...",10018-13
Digi International,"Digi delivers secure, reliable infrastructure management solutions for healthcare organizations to keep critical systems connected and operational. Digi Infrastructure Management enables centralized, ...",6124
"DigiCert, Inc.","DigiCert is a global leader in intelligent trust. We protect the digital world by ensuring the security, privacy, and authenticity of every interaction. Our AI-powered DigiCert ONE platform unifies PK...",10001-40
Diligent,"Diligent helps organizations and public sector entities strengthen governance, manage risk and meet compliance obligations across the enterprise. Our platform connects board and leadership collaborati...",6539
"Dimensional Insight, Inc.","Dimensional Insight®, an 11-time Best in KLAS winner, is a leading provider of analytics, data management, and performance management solutions, offering a complete portfolio of capabilities ranging f...",2853
Diplomat MFT,"Diplomat Managed File Transfer enables businesses to automate and secure their file transfers with an easy-to-use solution that ensures compliance, reduces operational risk, and simplifies complex wor...",4400-16
Dish Business,"Connection is vital to the senior living experience—and DISH Business helps residents connect with the stories, characters, and places they love with community-wide entertainment technology.",4400-09
Diwei Industrial Co. Ltd.,"Diwei, we are a manufacturer on mounting solution in Taiwan. We devote ourselves to design, manufacture, and export the medical arm, medical cart, monitor arm, mobile cart, wall mount, tablet arm, wal...",5054
DME Service Solutions,DME Service Solutions is a HIPAA-compliant BPO company that partners with innovative healthcare brands to improve efficiency and customer satisfaction. Our experienced team offers customizable outsour...,674
Doceree,"Doceree is the only AI-powered Operating System for healthcare marketing. We believe the role of AI is to bring richer context to every HCP interaction. Hence, our patented AI understands multiple la...",1464
Docfluent Powered by TackleAI,"Optimizing the Clinical Data Lifecycle — From Referral to Release Smarter workflows, structured insights, complete compliance.",6042
Documo,"Founded in 2017, Documo was built to solve healthcare’s persistent fax and document workflow challenges. Today, we’ve evolved beyond traditional fax solutions to modernize how healthcare organizations...",467
Doximity,"Founded in 2010, Doximity is the leading digital platform for medical professionals and ranked the #1 telehealth video conferencing platform five years in a row, 2022-2026, Best in KLAS report. The co...",443
DrChrono,"DrChrono works the way you do, with everything from intake and clinical documentation to billing in one unified platform: no switching screens or systems. Built for mobility, our cloud-based EHR is ac...",564
DrFirst,"Optimize Medication Management From Prescribing to Adherence. The complexity of medication management leaves healthcare organizations vulnerable to workflow inefficiencies and errors, negatively impa...",3243
"DrKumo, Inc.","DrKumo is a leader in secure, intelligent digital health solutions for chronic care. Our technology enables effortless home health monitoring and drives better outcomes through real-time data, advance...",6750
Drummond Group,"For over 25 years, Drummond has been a trusted partner, helping organizations like yours meet industry standards, achieve regulatory compliance, and strengthen their cybersecurity defenses. Our histor...",12511-08
DT Research,"DT Research designs and manufactures TAA compliant medical grade all-in-one computers, medical-cart computers, medical monitors, medical tablets and laptop computers for the healthcare industry. From ...",1964
DTI Philippines,"The Department of Trade and Industry – Export Marketing Bureau (DTI-EMB) is a Philippine government agency responsible for overseeing the development, promotion, and monitoring of the country’s export...",4353
Dynamic Lifecycle Innovations,"Dynamic Lifecycle Innovations is a leader in IT asset disposition (ITAD), data center decommissioning, and electronics lifecycle management, delivering boutique service with global capabilities. Dynam...",3719
"Dynascale Technologies, Inc","Dynascale Technologies is a private cloud and managed infrastructure company built for regulated industries that demand security, compliance, and control. We specialize in cloud modernization, helping...",6242
Eaton,"Eaton's approach is focused on smart healthcare solutions that help ensure your facility is always-on, optimized and ready for what’s next.",6048
EBSCO Clinical Decisions,"EBSCO Clinical Decisions provides trusted, evidence based support that helps clinicians make confident decisions at the point of care through an integrated suite—DynaMed®, DynaMedex®, and Dynamic Heal...",3208
eClinicalWorks,"eClinicalWorks is a leader in healthcare IT, providing cloud-based Electronic Health Record and Practice Management solutions that help improve patient satisfaction, promote better medical outcomes, a...","4043, CD-08, VHQ13951"
Eclipse Global,Eclipse Global is a cybersecurity solutions partner focused on helping organizations strengthen their human layer of defense. We work with enterprise and healthcare organizations to move beyond compli...,11607
Edan Diagnostics,"EDAN is a healthcare company dedicated to improving the human condition around the world by delivering value-driven, innovative, and high-quality medical products and services. We manufactured patien...",417
eFax by Consensus Cloud Solutions,"Building on more than 25 years of success as one of the world’s largest and best-known providers of digital cloud fax technology, eFax® has evolved to be a trusted provider of advanced solutions that ...",4847
EHC Consulting,"EHC Consulting is a trusted leader in Epic® EHR cloud services, specializing in seamless migrations, expert advisory, and long-term managed services. With over 20 years of experience in healthcare IT ...",2812
eHealth Exchange,"eHealth Exchange, a 501(c)3 non-profit dedicated to public good, is the oldest and largest health information network in the country. Recognized for certified data quality, trusted governance, transpa...",MP11552
Elastic,"Elastic makes data usable in real time and at scale for enterprise search, observability, and security. Elastic solutions are built on a single free and open technology stack that can be deployed anyw...",10218
"ELDR-US, LLC","ELDR-US, LLC is a HIPAA CMMC-level secure Medical, Legal, and Private data repository for individuals, families and seniors. ELDR keeps all your health information and Private documents separate, orga...",717-14
EllisDon,"EllisDon is a global leader in construction and infrastructure services, trusted to execute Canada’s most complex healthcare projects. As the nation’s number one healthcare builder, with more than 500...",4662
"ELLKAY, LLC","ELLKAY is a trusted enterprise data management partner, driving innovation and connectivity across the healthcare ecosystem. Since 2002, ELLKAY has empowered hospitals, laboratories, payers, healthcar...",5423
Elsevier,"Elsevier Health applies innovation, facilitates insights, and helps drive more informed decision-making for students, clinicians, leaders, educators and policymakers, across healthcare systems globall...",2843
Emergent Connect,"Emergent Connect provides 100% cloud-based software solutions for the Healthcare Industry. We specialize in Radiology solutions that are designed and built to support a small, single Urgent Care busin...",3256
Empeon,"Empeon’s enterprise workforce management platform delivers a comprehensive solution for healthcare organizations, combining payroll, human resources, time management, advanced caregiver scheduling, an...",12111
emtelligent,"Our emtelliPro NLP engine transforms difficult-to-use, narrative medical text into valuable and actionable insights. We partner with healthcare institutions, companies and organizations to strategical...",4202
Enable Dental,"At Enable Dental, we provide onsite dental services for unique populations in the comfort of the patient’s home, senior home, assisted living facility, or community center. Our dental team comes to th...",11421
"Enlitic, Inc","At Enlitic, we empower healthcare systems to enhance the quality of their medical imaging data using the capabilities of artificial intelligence. Enlitic has developed an intelligent data framework th...",5337
Epic,"Epic software is built around a single comprehensive health record, so everything works together – in a doctor’s office, hospital, long-term facility, or the patient’s home. This approach helps care t...","12713, 1431, Room 306 + 2 more"
eProc Solutions,"eProc Solutions is a pioneer in real-time IT remediation and crisis alerting for enterprise environments where every second counts. Designed for large-scale organizations with thousands of endpoints, ...",6331
"Epson America, Inc.","Today’s demanding healthcare environments call for technology that can support exceptional experiences while simplifying training and reducing costs.  Epson delivers innovative, effective solutions fo...",3561
Equina,"Equina’s AI-native platform powers staffing, coverage, and operational workflows—so healthcare teams can move faster.",639
"Ergotron, Inc.",Ergotron uses human-centered design principles and the Technology of Movement™ to build healthcare environments that help caregivers and patients thrive. Our ergonomic product innovations connect heal...,2235
"ETHERFAX, LLC","A leading provider of cloud fax solutions, ETHERFAX® offers a secure document delivery platform and suite of applications across a broad range of industries to digitize workflows and optimize business...",3247
Expedient,Expedient is a full-stack cloud service provider that helps enterprises simplify IT complexity to focus on business outcomes. By curating best-of-breed technologies—from hybrid cloud infrastructure an...,10018-34
Experian Health,Experian Health's data-driven software and platforms help a wide range of healthcare providers make smarter revenue cycle management decisions to deliver a better bottom line and establish strong pati...,MP11158
EY,,2812
"FDB (First Databank, Inc.)","FDB (First Databank) creates and delivers the world’s most powerful drug knowledge that ignites, inspires, and illuminates critical medication decisions. We collaborate with our partners to help impro...",3235
Federal Electronic Health Record Modernization Office,"The Federal Electronic Health Record Modernization (FEHRM) office and its partners are implementing a single, common Federal Electronic Health Record (EHR) that enhances patient care and provider effe...",12526-12
Feroot Security,"Feroot Security is a pioneering cybersecurity and compliance company powered by an advanced GRC AI technology. Its always-on AI agents secure client-side execution, data flows, and third-party vendor ...",10104
Ferrum Health,Ferrum Health delivers the interoperable AI platform that transforms healthcare enterprises from scattered pilot programs into systematic clinical intelligence. Unlike specialty-focused vendors that c...,2812
FHIR Business Alliance,"The FHIR Business Alliance (FHIRBall) is a global partnership supported by AaNeel, AEGIS, HealthLX, HIKE Health, Onyx, Smile, and Triostech. Our organizations have been deeply involved with HL7® FHIR®...",249
Fibr AI,"Fibr AI is an agentic web experience platform that turns websites into adaptive, revenue-driving consumer experiences. As marketing grows increasingly dynamic and intent-driven, the website, the layer...",11817
Files.com,"Files.com is a cloud-native File Orchestration Platform that moves sensitive data between cloud services, internal systems, and external partners – securely, reliably, and without writing code. Unifyi...",3904
FinThrive,FinThrive is redefining revenue cycle management with dynamic data intelligence. Our comprehensive suite of solutions maximizes the power of Agentic AI and adaptive workflows to create an intelligent ...,2459
Firely,"Firely is a global digital healthcare company providing software, training, and consultancy to bring FHIR to life. As one of the initiators of the HL7 FHIR standard, Firely has helped shape its evolut...",5144
First Products Inc.,"FIRST HELPS TEAMS OVERCOME CHALLENGES USING TECHNOLOGY DEVICES IN DEMANDING HEALTHCARE WORK ENVIRONMENTS by creating ‘perfect fit’ mobile carts, device mounts and other tailored solutions. Together w...",2222
First Time Exhibitor Pavilion,Connect with emerging industry leaders and explore groundbreaking products and solutions from first-time exhibitors poised to transform the future of healthcare. The First-Time Exhibitors Pavilion is ...,1016
Fiserv/Clover PracticePay,"Fiserv, Inc. is a leading global provider of financial technology and payments solutions, enabling digital banking, merchant acquiring, and card processing for thousands of financial institutions and ...",MP11752
Five9,"Five9 helps healthcare organizations reimagine patient engagement by connecting every conversation—voice, digital, or automated—into a single intelligent platform. Our HIPAA-compliant cloud contact ce...",3264-04
Fivetran,"Fivetran, the global leader in data movement, helps customers use their data to power everything from AI applications and ML models, to predictive analytics and operational workloads. The Fivetran pla...",10019
FlexKey,"FlexKey is a proud minority-owned business with deep expertise in work-from-anywhere (WFA) technologies and cloud computing, and a particular focus on serving government, healthcare, and education ent...",3261
Floatbot.AI,"Floatbot.AI is an enterprise-grade, no-code Conversational AI platform purpose-built for healthcare operations. Designed to automate and elevate patient engagement and administrative workflows, Floatb...",1468
Florida International University- Business,FIU offers more than 190 degree programs to prepare our students for whatever the future holds. Many of our programs have ranked among the best in the country for their academic excellence and excepti...,319
Forescout Technologies,"For 20+ years, governments and enterprises have trusted the Forescout 4D platform™ to manage risk, ensure compliance, and stop threats with asset intelligence, continuous control, and integrations acr...",10001-14
Fortified Health Security,"Fortified Health Security is healthcare’s cybersecurity partner, trusted nationwide to reduce risk, simplify complexity, and protect what matters most: patients. A four time Best in KLAS winner, Forti...",11302
FortifyData,FortifyData empowers organizations to proactively manage and mitigate cybersecurity risks through its intelligent and automated Cyber GRC platform. Delivering actionable insights and streamlined workf...,10001-20
Fortuna Helix,Fortuna Helix analyzes an individual’s genetic predisposition to disease development and health traits using advanced polygenic risk modeling. Our flagship Disease Prediction Program evaluates over 3....,717-17
"Forward Advantage, Inc.",Forward Advantage has provided innovative and cost-effective solutions for over 1000+ healthcare organizations over the past 30 years. Our solutions include enterprise cloud faxing and automated docu...,5223
FPT,"FPT Corporation is a leading global technology and IT services provider headquartered in Vietnam, with over 54,000 employees across its core businesses. For more than 20 years, FPT has partnered with ...",10018-37
"Fresenius Kabi, LLC.","Fresenius Kabi is a global healthcare company that specializes in medicine and lifesaving technologies for infusion, including IV pumps, IV solutions, irrigation solutions, and clinical nutrition. Our...",MP10747
Freshworks,,10818
FUJIFILM Healthcare Americas Corporation,"As a longstanding and trusted partner, FUJIFILM Healthcare Americas Corporation understands today's biggest enterprise imaging challenges. With an advanced cybersecurity architecture, its cloud and AI...",1617
GateKeeper Proximity,"GateKeeper Enterprise delivers passwordless 2FA for healthcare. Using proximity-based authentication, it automatically locks and unlocks computers—no typing passwords required. Clinicians log in with ...",6332
GCX Corporation,"For more than 50 years, GCX Healthcare Solutions have been empowering clinicians to achieve optimal patient outcomes. GCX offers hospitals, medical equipment distributors, and medical device manufactu...",4039
GDT,"GDT is an award-winning, $1.4 billion IT solutions provider with a 30-year heritage and a global workforce, including its Technology Center in Bangalore. The company takes a people-first approach to s...",3264-06
GE HealthCare,"GE HealthCare is a leading global medical technology, pharmaceutical diagnostics, and digital solutions innovator, dedicated to providing integrated solutions, services and data analytics to make ...","2525, MP11549"
General Dynamics Information Technology,"We are GDIT. The people supporting some of the most complex government, defense, and intelligence projects across the country. We deliver. Bringing the expertise needed to understand and advance criti...","MP11958, MP11959"
"Genesys Cloud Services, Inc.","Genesys® empowers more than 8,000 organizations worldwide to create the best customer and employee experiences. With agentic AI at its core, Genesys Cloud™ is the AI-Powered Experience Orchestration ...",1361
"GenieMD, Inc.",,10018-38
Genzeon,"Genzeon is a healthcare AI and automation company with strong engineering and data experience. We deliver deep domain expertise, engineering excellence, advanced analytics, and AI-powered solutions to...",2812
GETT North America LLC,"GETT® IS A LEADING MANUFACTURER OF WASHABLE DATA INPUT DEVICES MADE IN GERMANY. OUR COMPUTER KEYBOARDS AND MICE, AS WELL AS COMPLETE SOLUTIONS ARE BEING MANUFACTURED USING THE BRAND NAME “INDUKEY”. YO...",5327
GIV Solutions Inc.,,MP12033
Global Medical Virtual Assistants,"Global Medical Virtual Assistants (GMVA) is a remote staffing partner for U.S. healthcare practices and organizations. We recruit, train, and place highly skilled, HIPAA-certified medical virtual assi...",6141
GlobalMed,GlobalMed® powers the world’s most advanced virtual health technology platform and wellness applications that support a patient at any point in the continuum of care. Providers are enabled with integr...,2867
Glooko,"Glooko is focused on helping health systems solve the growing challenge of glycemic safety and diabetes management across care settings. Through the acquisition of Monarch Medical Technologies, we ar...",4103
Glory Star Group Limited,"We are a leading provider and manufacturer of industry-focused touch solutions, specializing in healthcare applications. With an extensive track record as pioneers in display screen and all-in-one tou...",5847
Glow & Gather,"Step into your illuminated sanctuary on the bustling HIMSS26 exhibit floor. This networking hub features cutting-edge glow-lit furniture that creates a serene, futuristic atmosphere where healthcare p...",1070
GoGo Meds,"Commercially available and Compounding Pharmacy fulfillment that works with Telehealth, Animal Health, Self Funded plans, and Directly to Primary Providers. Contact: Kaleigh Beilharz- (440) 554-546...",1017
GoodX International,"At GoodX Software, we believe doctors should focus on patient care while technology simplifies everything else. Our mission is to make healthcare easier, more affordable, and more accessible. Founded ...",6045
Google LLC,Google's expertise and technology are driving measurable improvements in global health outcomes through innovative solutions tailored to both patients and healthcare organizations. Google empowers hea...,"3507, MP11151, MP11152"
Government Connections Plaza,"The Government Connections Plaza offers a platform to engage with top government agencies on pressing healthcare issues from the One Big Beautiful Bill Act ramifications, health equity and patient ide...",12526
Gozio Health,Gozio Health transforms the patient experience with a mobile-first platform that allows systems to deliver a wonderful patient experience that seamlessly integrates all patient-facing apps. Our award-...,3268
Granica AI,"Granica.ai provides continuous table maintenance for open lakehouse formats like Delta Lake and Apache Iceberg. Deployed directly in your VPC with no data leaving your environment, Granica optimizes t...",6055
Green Cubes Technology,Green Cubes Technology develops and manufactures safe and reliable electrification solutions that enable its OEM and enterprise customers to power their equipment with Lithium-ion batteries. Green Cub...,961
Greenway Health,"Greenway Health provides electronic health records (EHR), practice management, and revenue cycle management solutions that help practices in multiple specialties grow profitably, remain compliant, wor...",1953
"GTB Technologies, Inc.","GTB Technologies®, a leader in Enterprise Data Loss Prevention (DLP), DSPM, and Cybersecurity, is relentlessly committed to engineering excellence, innovation, and unparalleled customer satisfaction. ...",10603
Guidehouse,"Guidehouse is a global AI-led professional services firm delivering advisory, technology, and managed services to the commercial and government sectors. With an integrated business technology approach...",10018-12
Guru Technologies,Guru is a team of seasoned Utah-based software developers. We work hard to design and develop your enterprise software and mobile apps. Let us help you take your business to new heights!,5154
HadenGrey,"Managed Security Services have become a standard across organizations, but while threats continue to evolve, service delivery often does not. At Haden Grey, we’re redefining what excellence in managed...",10001-41
Haemonetics,"Haemonetics is a global healthcare company dedicated to providing a suite of innovative medical products and solutions for customers, to help them improve patient care and reduce the cost of healthcar...",742
Harmony Healthcare IT,"Harmony Healthcare IT is a data management firm that moves, stores, and manages patient, employee, and business records for healthcare organizations. Our proven data lifecycle solutions help optimize ...",3253
Hatchmed,intuitive care communication products,1447
HCLTech,"HCLTech is a global technology company, home to more than 226,300 people across 60 countries, delivering industry-leading capabilities centered around AI, digital, engineering, cloud and software, pow...",6142
healow,healow Genie™ is a multimodal AI-powered contact center solution that uses voice-recognition technology and advanced AI algorithms to strengthen patient engagement and expand patients' access to care....,2831
Health Catalyst,"Health Catalyst is a leading provider of data and analytics technology and services that ignite smarter healthcare, lighting the path to measurable clinical, financial, and operational improvement. Mo...",4539
Health Gorilla,"Health Gorilla is the nation's first dual-designated Qualified Health Information Network and Qualified Health Information Organization in California, maximizing data connectivity at the national and ...",MP11753
Health Level Seven (HL7) International,"Health Level Seven® International (HL7) is an ANSI-accredited, not-for-profit standards developing organization with the mission of empowering health interoperability worldwide. With affiliates in ove...",12517
Health Recovery Solutions (HRS),"Health Recovery Solutions (HRS) is the leader in Enterprise Remote Care, delivering proven clinical and financial outcomes for organizations across North America. Recognized by top industry analysts a...","12511-05, CD-19"
Health Samurai,"Health Samurai helps healthcare providers, health plans, IT vendors, and digital health startups develop FHIR-native solutions with the Aidbox FHIR Platform. Since 2012, Aidbox has powered over 100 he...",12511-09
HealthAsyst,"HealthAsyst powers the healthcare industry through product engineering, digital transformation, digital engineering, and consulting services. Over the last 25 years, HealthAsyst has partnered with pre...",5750
Healthcare Compliance Pros,"At Healthcare Compliance Pros (HCP), we understand that the healthcare industry continues to face a significant amount of regulatory oversight in HIPAA, OSHA, Corporate Compliance, and Human Resources...",11424
Healthcare IT Today,"Healthcare IT Today publishes articles, videos, and podcasts to a broad audience of healthcare providers, payers, and health IT companies. If you are launching a product, want to highlight a successfu...",6453
Healthcare Regensburg - managed by BioPark Regensburg GmbH,"More than 50 businesses and institutions, five hospitals and two universities. At the beginning of 2017 the BioPark brought the new brand name “Healthcare Regensburg” to life to be able to do justice ...",4058
HealthEx,,CD-16
HealthForecast,"HealthForecast is an healthcare decision-intelligence company building the first system-level digital twin of the U.S. healthcare ecosystem. Our platform enables payers, providers, and policymakers t...",4400-02
HealthLeap,,1264
Hearth Hub,Experience the pinnacle of conference comfort at our fireside networking hub. This thoughtfully designed space centers around a beautiful stone fireplace with inviting couch seating that creates an at...,6653
Heidi,"Heidi is building an AI Care Partner to expand clinical capacity by automating administrative work — documentation, form filling, and task management — so clinicians can focus on patients. Used across...",1453
hellocare.ai,"hellocare.ai specializes in AI-driven virtual care, enhancing healthcare through innovative solutions. Our platform encompasses five core modules: Virtual Nursing and Telehealth, AI-Assisted Virtual S...",2239
"Henry Elliott & Company, Inc.","Henry Elliott & Company, an InterSystems Elite-Level Solutions Provider for more than 30 years, specializes in InterSystems technology, Healthcare IT consulting, systems integration, implementation, a...",623
Hewlett Packard Enterprise,"About Hewlett Packard Enterprise HPE (NYSE: HPE) is a leader in essential enterprise technology, bringing together the power of AI, cloud, and networking to help organizations achieve more. As pion...","12138, MP11147, MP11148 + 1 more"
Hexaware,"Hexaware is a global technology and business process services company. Every day, Hexawarians wake up with a singular purpose: to create smiles through great people and technology. With offices across...",10217
Hexnode,"Hexnode is a leading Unified Endpoint Management (UEM) solution that helps businesses streamline device management across platforms, enhancing security and efficiency. With a focus on simplifying IT a...",4205
HID,"HID powers the trusted identities of the world’s people, places and things. We make it possible for people to transact safely, work productively and travel freely. Our identity solutions connect thing...",3371
HIMSS Connect,,2016
HIMSS Podcast Row,,12800
HIMSS TV,,HIMSS TV
HIMSS27 Rebook Room,,Bellini 2102-2103
Hitekon,"Hitekon is dedicated to creating customized technologies that align precisely with your market needs. We design solutions that streamline operations, boost workplace efficiency, and adapt seamlessly t...",665
HITRUST,"HITRUST is a leader in validated cybersecurity assurance for third-party risk management and compliance. It delivers certification programs for the application and independent validation of security, ...",11307
HL7 Da Vinci Project,"The HL7 Da Vinci Project is a private-sector initiative bringing together 60+ industry-leading payers, providers, and technology vendors to accelerate the adoption of HL7® FHIR®. By uniting stakeholde...",12620
HL7 FHIR At Scale Taskforce (FAST),,12511-11
Honey Health,"Honey Health is the all-in-one AI back office for primary and specialty care. We replace manual workflows with intelligent automation—so providers can move faster, lower costs, and focus on what matte...",717-09
Honeywell,"Honeywell is Improving patient care with innovative solutions that drive efficiency, accuracy, and safety across healthcare workflows.",2564
Hopper OS,"Hopper Operating Systems is the industry’s only configurable, intelligent healthcare operating system, built to deliver better performance, experiences, and outcomes across the entire care continuum. ...",4809
Howard Medical,"Howard Medical is a leading provider of integrated medical solutions designed to ease workflows, boost efficiency, and enhance patient care. From state-of-the-art Audiovisual installations and Patient...",3139
HP Healthcare Solutions,"As the world’s largest technology company, HP creates technology that inspires ambitious and meaningful progress—helping healthcare organizations deliver more connected, secure, and efficient patient ...",2575
Hugo Inc.,"Hugo is an AI-enabled CX partner supporting healthcare and healthtech organizations in delivering responsive, compliant patient and member support. We analyze, design, and build custom AI agents tailo...",1118
"Humata Health, Inc.",,2812
Hyland,"Hyland is the pioneer of the Content Innovation Cloud, delivering ubiquitous enterprise intelligence to organizations with solutions that unlock actionable insights and drive automation. Trusted by th...","2822, 3031, VHQ13953"
Hyro,"Hyro, the leading Responsible AI-Powered Communications Platform for healthcare, enables health systems to safely automate workflows and conversations across their call centers, websites, SMS, mobile ...",2812
iboss,"iboss is an AI-Powered Zero Trust Secure Access Service Edge (SASE) platform that consolidates network and security into a single cloud service. iboss ingests deep signals across endpoint, network, an...",10503
Iconic by MDR,"Iconic powered by MDR is an innovative SaaS platform that delivers true interoperability for post-acute care partners and LTC providers. By integrating directly with the EMR, Iconic centralizes reside...",1318
IEI Technology USA Corp.,"IEI Technology USA Corp. is a leading supplier of IPC (Industrial PC) and AIoT solutions, dedicated to providing innovative industrial computers, embedded systems, and artificial intelligence Internet...",3909
IGEL Technology Corporation,"Clinicians need fast, reliable access to clinical applications so they can spend more time with patients. Hospitals need secure, low-cost workstations with choice of hardware and proven peripheral sup...",4267
"iHealth Labs, Inc.","Nationally recognized for its orange-box COVID tests, iHealth Labs is a leading provider of innovative digital health solutions that are transforming traditional healthcare. iHealth's range of cons...",2673
ImageTrend,"ImageTrend offers sophisticated software solutions to facilitate crucial data collection and analysis for emergency medical professionals. With seamlessly integrated architecture, ImageTrend solutions...","CD-09, MP11150"
IMO Health,"IMO Health is a clinical data intelligence business at the heart of a digital revolution in healthcare. Combining rich, highly nuanced medical terminology, extensive domain knowledge, and artificial i...",3831
"Imorgon Medical, LLC",Automated Measurement Transfer Plus Interoperability | Clinical Intelligence | Zero Operational Burden Imorgon is middleware that automates measurement transfer between imaging modalities and repo...,CD-07
Imprivata,Imprivata delivers solutions that provide simple and secure access management for healthcare and other mission-critical industries to ensure every second of vital work is both frictionless and secure....,2453
Indian Health Service,"The Indian Health Service (IHS) provides federal health services to American Indian/Alaska Native (AI/AN) people. Within the IHS, the Health IT Modernization Program's vision is to deliver and sustain...",12526-08
Industrial Technology Research Institute,"ITRI is a world-leading applied technology research institute with more than 6,000 outstanding employees. Its mission is to drive industrial development, create economic value, and enhance social well...",4016
Infinite / OptaFi,"Infinite and OptaFi help healthcare organizations migrate EHR and surrounding applications to the cloud, accelerate cloud and AI adoption, and optimize environments through end-to-end managed services...",2812
INFINITT North America,"INFINITT North America, part of INFINITT Healthcare, delivers advanced healthcare IT solutions to hospitals and clinics across the globe. With over 6,500 installations in 55 countries, we support radi...",4339
Info-Tech Research Group,"Info-Tech Research Group is the world’s fastest growing information technology research and advisory company, proudly serving over 30,000 IT professionals. We produce unbiased and highly relevant r...",10817
Infor,"Infor is a global leader in business cloud software specialized by industry. We develop complete solutions for our focus industries, including industrial manufacturing, distribution, healthcare, food ...",3631
Infosim®,"Founded in 2003 as a spin-off from the University of Würzburg, Germany, Infosim® is a global leader in automated Service Fulfillment and Service Assurance solutions. The company develops StableNet®, a...",267
"Infoverity, Inc.",Infoverity is a global information technology (“IT”) consulting firm focused on solving business problems caused by the proliferation and diversification of data in healthcare enterprises. Over the...,6054
Ingram Micro,Ingram Micro is a leading technology company supporting the global IT ecosystem. We connect technology manufacturers and cloud providers with business-to-business solution providers through the IT sal...,4922
Innobot Health,Transform Your RCM with AI-Powered Automation That Delivers Measurable ROI. Innobot Health deploys intelligent automation across healthcare organizations to maximize profitability and unlock operation...,3605
Innova Solutions,"Innova Solutions is a global technology and talent partner specializing in transformative digital solutions. Founded in 1998, we empower client success through bold innovation, exceptional talent, and...",11217
Innovaccer Inc.,"Innovaccer Inc. is the data platform that accelerates innovation. The Innovaccer platform unifies patient data across systems and care settings, and empowers healthcare organizations with scalable, mo...",6249
Insight,"Insight Enterprises is a leading Solutions Integrator that helps healthcare organizations modernize their IT and deliver better patient care with secure, compliant technology. As a Fortune 500 technol...",10001-22
INTEGRITY Security Services LLC,INTEGRITY Security Services LLC (ISS) provides best-in-class infrastructure and embedded security solutions for high assurance enterprises. With end-to-end solutions ranging from software toolkits to ...,10208
Intelerad Medical Systems,"At Intelerad, we believe the path to answers in healthcare should be clear — whether you’re waiting for a diagnosis, or trying to expedite one. Our medical imaging solutions streamline the flow of inf...",MP11156
Intelligent Locations,"Intelligent Locations delivers advanced, cloud-based Real-Time Location Services (RTLS) for healthcare, enabling organizations to track assets, people, workflows, and environmental conditions in real ...",6441
Intellimed,"Since 1983, Intellimed has been at the forefront of healthcare analytics, specializing in providing transparent and actionable healthcare data solutions. With extensive experience and expertise in ...",4311
IntellimedAI,"IntelliMed AI delivers the first true end-to-end AI platform built exclusively for outpatient medicine. Founded by practicing physicians, IntelliMed adapts to how each clinic actually works — not the ...",343
"Intellistack, formerly Formstack","Intellistack, formerly Formstack, is a leading provider of data capture and process automation solutions trusted for over 20 years by more than 32,000 organizations worldwide — including more than 1,0...",3468
"iNTERFACEWARE, Inc.","At iNTERFACEWARE, we make healthcare integration easy for providers and software vendors with our end-to-end solution offerings. Iguana, our development-based integration platform, is the only tool yo...",3453
"Interlace Health, LLC","Interlace Health is a solutions company. We transform workflows by enabling seamless data capture and information exchange among providers, staff, and patients. Our clients increase operational effici...",5222
Interlinx Systems Inc,"In today's rapidly evolving healthcare landscape, seamless data exchange and system integration are crucial. Interlinx is designed to meet these demands, solving challenging interoperability issues in...",6447
Interop and Smart Experience,"Learn from experts and explore secure, innovative solutions that overcome system incompatibilities, driving a more connected and trusted healthcare ecosystem. Immerse yourself in healthcare's connecte...",12511
"InteropX, now Onyx","InteropX, now part of Onyx, is accelerating CMS-aligned interoperability and electronic prior authorization for health plans, ACOs, and state Medicaid programs nationwide. Together, we enable near rea...",3353
Interra Health,"Interra Health delivers the first truly patient-centric prescribing experience, equipping providers and patients with trusted eligibility, real-time price transparency, and comprehensive pharmacy info...",3264-20
InterSystems Corporation,"InterSystems is the leading provider of data technology for extremely critical data in healthcare. InterSystems brings disparate data into a single reality, creating a unified vision that enables info...","222, Titian 2304, Titian 2305-2306 + 1 more"
Intuition Robotics,"Intuition Robotics is the creator of ElliQ, an AI companion that helps older adults stay independent, connected, and well. ElliQ offers daily support through conversation, proactive engagement, cognit...",3072
"Intuitive Data Analytics, LLC","IDA is a true end-to-end analytics platform built to support the complex needs of the healthcare sector. It manages the full analytics lifecycle—from ingesting and cleansing clinical, financial, and o...",6230
IPCMobile,"A trusted world-leading enterprise mobility solutions provider. Mobile enterprise payments, ticketing, scanning, printing, asset tracking, supply chain and logistics, and self-service leaders.",1164
"IPeople Healthcare, LLC","IPeople combines innovative solutions with in-depth industry knowledge for smarter, easier access to MEDITECH data. With better access to MEDITECH data, you can make more informed decisions. The IPeo...",5235
IPORT,"Healthcare Runs on iOS demonstrates how Apple platforms power secure, clinician-preferred healthcare solutions. Explore iPhone and iPad innovations transforming care delivery, patient engagement, and ...",246
Iron Mountain,"Iron Mountain is the global leader in data and information management with over 230,000 customers across 60+ countries, including the largest healthcare and life sciences organizations. Today, we secu...",10018-22
IS Partners,"IS Partners, LLC is a leading provider of independent IT audit and security compliance services. We help organizations of all sizes achieve and maintain compliance with industry-leading standards such...",10001-13
IT Solutions,"Your security is at the heart of everything we do. At IT Solutions, we offer a tailored and strategic approach to cybersecurity—safeguarding your systems today, anticipating tomorrow’s threats, and he...",5621
ITC Guard,,3071
Itiliti Health,"Our innovative, flexible platform is built to streamline and automate the prior authorization process, enabling a touchless solution. With an open-API framework, our products can operate as a comprehe...",1770
J Michael Consulting,"Since our founding J Michael Consulting (JMC) has made a mark on public health informatics, working with The Association of Public Health Laboratories (APHL), The Centers for Disease Control and Preve...",CD-20
J2 Interactive,"J2 Interactive, two-time recipient of Best in KLAS for Technical Services, is an award-winning consulting firm with over 200 healthcare IT experts in the US, Europe and the Middle East. With over 20 y...",220
Jabra,"Hej. (That’s 'hi' in Danish.) We’re Jabra and we’ve been engineering technology that makes life look and sound better for over 150 years. And you? Well, you might be running a million-dollar account f...",1672
Jamf,"Jamf helps healthcare organizations succeed with Apple. By enabling IT and IS to manage and secure devices with ease, we enable transformative solutions for productivity, patient experience, clinical ...",1144
JardogsHealth,"Founded to close the gap between documentation and reimbursement, JardogsHealth goes beyond ambient AI transcription. Our enterprise-ready platform transforms patient-provider conversations into struc...",2567
Junction,Junction offers an API for lab testing and wearables data integration for 500+ wearable devices and lab results across all 50 US states. A single connection with Junction's API supports pulling struct...,3771
Juno Health,"Healthcare IT is broken. We’re fixing it. Juno Health was born because technology providers had fallen behind, leaving clinicians with dysfunctional solutions developed decades ago. Instead of facilit...",5431
Karta Healthcare,"Karta Healthcare has been developed with a singular vision: to improve healthcare environments through better product design. As an Australian-based company, we believe in the power of high-quality, l...",3062
Kensington,"Headquartered in Burlingame, California, Kensington is the inventor and worldwide leader in laptop security locks, privacy screens, ergonomic products, headsets, docking solutions, biometric fingerpri...",4200
Key Source International,KSI delivers award-winning healthcare keyboards and peripherals that serve as powerful shields against insider threats and data breaches. Our distinctive range of keyboards and pods offer user secu...,5421
KeyReply,KeyReply delivers AI voice and chat automation purpose-built for healthcare. Our platform helps organizations improve patient access and engagement while reducing administrative burden—answering commo...,10018-39
Kimetec GmbH,,4058
Kiosk Association - The Industry Group (TIG),"The Industry Group (TIG) is the global authority in self-service and automation. Since 1998, we have bridged the gap between clinical needs and technology, representing companies across the Americas, ...",3461
KIOSK Information Systems,"KIOSK provides self-service automation solutions to increase operational and cost efficiencies, while enhancing the customer experience. With more than 30 years of experience and over 250,000 kiosks d...",5647
Kitten Playground,"This delightful space is designed to put a smile on every attendee’s face, making it an irresistible stop on the show floor. Come unwind, cuddle with furry friends, and enjoy a moment of pure happines...",11611
Kitware,"Kitware advances science and technology to make a meaningful difference in the world. We deliver high-impact software solutions built on open source foundations, combining deep technical expertise wit...",6353
KLAS,"KLAS has been providing accurate, honest, and impartial insights for the healthcare IT (HIT) industry since 1996. The KLAS mission is to improve the world’s healthcare by amplifying the voice of provi...",3535
Kno2,Kno2 is leading the future of healthcare communication by providing the nation’s largest comprehensive communication network including as a federally designated Qualified Health Information Network (Q...,12720
Kognitos,"Kognitos is the leader in AI-native automation, enabling enterprises to automate complex business and IT operations using plain English. Built on a neurosymbolic architecture, we combine the reasoning...",4002
Komprise,"Komprise is an intelligent, storage-agnostic unstructured data management platform that helps healthcare organizations like hospitals and pathology labs control exploding volumes of medical images, re...",6635
Konica Minolta Healthcare,"Konica Minolta Healthcare introduces Exa® Teleradiology, Powered by NewVue, designed for distributed reading environments utilizing an AI-powered Radiology Workflow Orchestrator that overcomes the lim...",1664
Kontakt.Io,"As the leader in Inpatient Journey Analytics, Kontakt.io creates responsive health systems that anticipate and adapt to constantly changing operational demands and human needs. We optimize processes a...",1961
Kontron,"Kontron, a global leader in embedded medical technology and local electronics manufacturing services, delivers ISO 13485-certified solutions for imaging, life sciences, and surgical applications. With...",823
Korchek Technologies,"Korchek Technologies has been a trusted partner to hospitals, health systems, laboratories, and blood banks for 30 years, delivering data conversions, archiving, regulatory validations, implementation...",2864
Kore.ai,Kore.ai is a global leader in enterprise conversational AI platform and solutions helping enterprises automate voice and digital interactions that deliver extraordinary experiences for their customers...,10227
Kudelski Security,"We provide innovative cybersecurity solutions that reduce exposure, stop threats, and respond before business impact. Partner with us for continuous protection across your entire digital ecosystem.",10304
"Kyndryl, Inc.","Kyndryl works at the core of businesses that move the world. With a global network of experts serving customers in over 60 countries, we design, build, manage and modernize the mission-critical techno...",2812
Lana Health,"Lana Health's smart patient room platform uses AI-powered ambient intelligence and two-way audio/video with computer vision to transform patient rooms, helping improve patient safety and reduce clinic...",3264-18
LanguageLine Solutions,"LanguageLine Solutions® has been the global leader in language access innovation for over 40 years. We support critical communication across health care, setting the global standard for secure audio, ...",672
Latam Pavilion,,2873
Lateetud,"Lateetud, an award-winning company, provides a distinctive value proposition for Digital Transformation and Operational Excellence. By harnessing advanced technologies such as AI, Cloud, Process Autom...",4306
Latin America Lounge,"For the first time in history, the HIMSS Global Conference will feature a VIP space created by Latin America, for everyone. Our leaders and changemakers, our challenges and opportunities, our culture...",6449
Layer Health,"Layer Health is a cutting-edge healthcare AI company whose LLM-powered platform helps health systems automate data abstraction across large volumes of structured and unstructured EHR data, enabling fa...",717-19
Leap of Faith Technologies,"Leap of Faith Technologies is a digital health informatics company that licenses tools and technologies, and supports startup and early-stage digital health companies to enable commercialization and a...",1035
Legacy Data Access,"LDA is an inventive healthcare data management company transforming how U.S. healthcare providers protect and leverage their data assets. From its origins in healthcare data archiving, LDA has evolved...",3623
Leidos,Leidos is an innovation company rapidly addressing the world’s most vexing challenges in national security and health. We collaborate to create smarter technology solutions for customers in heavily re...,1022
Lenovo Inc,Lenovo Solutions for Healthcare & Life Sciences are powering the future of healthcare technology to transform the experiences of patients who receive care and the providers who deliver it. From server...,3919
LexisNexis Risk Solutions,,2843
LexisNexis Risk Solutions Government,"LexisNexis® Risk Solutions empowers government healthcare agencies with advanced data analytics to improve outcomes, verify eligibility, and prevent fraud. Our solutions support person-centered care c...",MP11754
"Liberty Solutions, Inc.","At Liberty Solutions, we don’t just provide consultation; we build partnerships. Our commitment is to your success, ensuring that your healthcare IT projects are not only completed on time and within ...",3722
Life Systems International,"LSI is an Cardiac and Pulmonary Rehabilitation Telemetry Monitoring and Patient Documentation System. The LSI System offers multiple options for interfacing including enterprise-level HL7, Charges, an...",453
lifespin GmbH,Lifespin enables proactive health management through metabolomic digital profiles with 200+ parameters from a single blood sample. Our AI-driven platform offers unbiased insights on a multitude of hea...,4058
Lightbeam Health Solutions,"Lightbeam Health is a proven, AI-enabled platform, solutions, and services leader for population health management. Lightbeam’s AI-enabled population health platform arms payers and providers with the...",4053
Limbic,"Limbic offers patient and provider-facing clinical AI tools for behavioral health triage, and ongoing care. Our evidence-based tools improve not just operational efficiency but also patient outcomes...",10822
Limina,"Limina (formerly Private AI) helps enterprises unlock the value of their most sensitive data. Our context-aware AI de-identifies PII, PHI, and PCI across 50+ entity types and 52 languages, ensuring yo...",10001-05
Lincata,"Lincata’s Bedside Operating System (OS) transforms hospital televisions into digital experience tools that launch MyChart® Bedside TV directly in-room. It’s simple. LincTV by Lincata, coupled with ...",1365
"LiNK One Technologies, Inc.","LiNK One Technologies, Inc. is redefining the hospital room with LiNK – The Smart Room Platform, a unified ecosystem designed to improve the healthcare experience for patients, nurses, and leaders. Bu...",5236
Litum,"Litum’s Healthcare RTLS solutions, powered by hybrid UWB and BLE technology, enhance security and efficiency in hospitals, clinics, and senior living centers with tamper-proof security, scalability, a...",3915
LIVEMED Telehealth,We are a physician-led health technology company that blends the expertise of clinicians with cutting-edge technology to transform healthcare delivery. Our approach combines deep medical insights with...,6049
Locate Global,"Locate Global is a workforce safety and incident management platform helping healthcare organisations protect staff across hospitals, clinics, and community settings. We provide real time visibility o...",1119
"Locumsmart, LLC","Locumsmart is the only VMS solution built for locums. We understand the unique needs and challenges of locums and can help you by bringing together the right people, technology, and expertise in your ...",1419
LRQA,"We work with our clients to quantify their cybersecurity risks and implement end-to-end proactive strategies that mitigate, manage and combat these risks across their entire organization. LRQA allows...",10001-32
LRS Output Management,"LRS Output Management is the leading provider of print management solutions used in 80% of the country’s largest healthcare systems. Each year, our software delivers more than 1.5 billion print jobs f...",6239
Lumenix,,867
"Lund Industries, Inc.","Lund Industries, a family-owned business with over 40 years of experience in mechanical design and engineering, manufactures a wide range of mobile computer carts. Our DATACART™ line offers ergonomic...",4010
"Machan International Co., Ltd","Established in 1976, Machan has over 50 years of expertise in sheet metal manufacturing, serving sectors like automotive, medical, hand tools, education, and logistics. Our core capabilities include a...",1258
Magical,"Agentic AI for healthcare operations. Run automations reliably at scale. The Magical platform fully automates clinical, administrative, and revenue cycle workflows with AI agents tailored to your sys...",10018-23
Main Stage,Join industry leaders for dynamic presentations on groundbreaking ideas shaping the future of healthcare technology and sparking thought-provoking discussions. The Main Stage is the focal point of the...,270
Man & Machine Inc,"Man & Machine, Inc., founded in 1982, is a leading USA based manufacturer of waterproof, washable wired & wireless keyboards and mice that are designed to complement infection control protocols in den...",927
ManageEngine (A Division of Zoho Corp),"ManageEngine is a division of Zoho Corporation and a leading provider of IT management solutions for organizations across the world. With a powerful, flexible, and Al-powered digital enterprise manage...",446
Management Health Services,"Management Health Services partners with hospitals and healthcare organizations to deliver secure, reliable IT operations. We connect health systems with experienced IT professionals and operational s...",1117
Marvix AI,Marvix AI is an ambient AI assistant for Specialty Care. It combines patient conversations with the patient’s historical record from the EHR to create structured clinical notes in your writing style a...,2072
Masimo,"Masimo is a global medical technology company that produces industry-leading hospital and home monitoring technologies, including measurements, sensors, patient monitors, and connectivity, automation,...",2839
MaxRemind Inc.,"MaxRemind Inc. is one of the top-tier healthcare solution providers in the US that offers medical billing, coding, credentialing, EHR, and other healthcare-related services. With 20 years of experienc...",1871
Mayo Clinic Platform,"Mayo Clinic Platform, a critical embodiment of Mayo Clinic's Bold. Forward. vision to transform healthcare, brings together healthcare providers, pharmaceutical companies, medical device companies, he...",MP11159
MCG Health,"MCG Health, part of the Hearst Health network, is the industry’s source of truth in AI technology and evidence-based guidelines. As an Associate Member of the HL7® Da Vinci Project since 2019, MCG is ...",6232
MD-Staff,"MD-Staff is a comprehensive medical staff management solution that streamlines provider credentialing, privileging, and enrollment for healthcare organizations. Leveraging intelligent automation and A...",2170
MDClone,"MDClone is a global leader in healthcare data technology innovation, offering a suite of technologies for data analysis and synthetic data generation. Whether establishing learning health systems, t...",10319
Med Tech Solutions,"Med Tech Solutions (MTS) is a Managed Services Provider delivering comprehensive IT and EHR support to healthcare organizations nationwide. With a singular focus on healthcare technology, MTS empowers...",5448
"MedAllies, Inc.","MedAllies, a Centauri offering, securely delivers vital health information to impact care by operating multiple national networks supporting interoperability for all healthcare constituents. We serve ...","4464, CD-17, MP11347"
Medallion,"Medallion is the only AI-assisted credentialing and enrollment platform with expert oversight — built to deliver speed and accuracy at scale, with contract-backed performance. Healthcare organizations...",2859
Medbillytics,"MedBillytics provides comprehensive revenue cycle management for medical practices, including expert billing, accurate coding, advanced analytics, and full-service call center operations. In today’s c...",12123
MedDream,"MedDream html5 zero-footprint DICOM Viewer is vendor neutral and ready to be integrated into PACS/VNA, HIS/RIS, EHR/EMR, Telemedicine, Patient Portals, eHealth, Cloud, CAD and AI algorithms. MedDream ...",4841
Medesto Health,"Transforming Specialty Therapy Outcomes at Scale. Automated clinical intelligence and real-time patient engagement that is purpose-built for payers, providers, pharmacies, and pharma.",874
"MedEvolve, LLC",MedEvolve empowers healthcare organizations with award-winning Effective Intelligence®(Ei) solutions. MedEvolve’s Ei solutions include workforce automation and AI-powered analytics designed to optimiz...,4400-14
Medical University of South Carolina - Department of Healthcare Leadership & Management,"The College of Health Professions (CHP) at the Medical University of South Carolina is a national leader in health professions education, research, and discovery. For more than 50 years, CHP has educa...",420
MedicaSoft,"MedicaSoft is an established provider of cloud-based healthcare data solutions for HIEs, providers, and payers. Our high-performance NXT Platform is built on the HL7 FHIR standard, containing a native...",4400-13
"Medicomp Systems, Inc.","Medicomp Systems delivers the industry's only comprehensive clinical data foundation, powering intelligent systems through its evidence-based Clinical Intelligence Engine, Quippe®. Healthcare faces a ...",5435
"MediQuant, LLC","MediQuant is the leader in enterprise active archiving for hospitals, health systems, government, and tribal organizations. DataArk®, MediQuant’s flagship product, enables the retirement of legacy cli...",2856
MEDITECH,"MEDITECH empowers healthcare organizations to expand their vision of what’s possible with Expanse, the intelligent EHR. Expanse provides a future-ready foundation that leverages the power of AI, cloud...","12623, 5031"
Medix Technology,"Delivering technology solutions that scale with your vision for healthcare and your organization. Technology is only as impactful as the people and partnerships behind it. For 20+ years, we’ve focu...",4400-12
MedSec,"As the global leader in medical device product security services, we empower companies to navigate the evolving landscape of cybersecurity with confidence. Our highly qualified and experienced team br...",10903
Medsol,,6443
Merch Shop,"Informa is home to dozens of different brands and businesses. What we all share is a focus on connecting people, connecting knowledge and connecting ideas. Informa's events, digital products and acade...",Merch Store
Merge,"Merge empowers healthcare organizations with advanced medical imaging solutions to enhance workflows, optimize care delivery, and improve patient outcomes. Trusted by 6 of the 10 largest U.S. health s...",4635
Metric Insights,"Metric Insights’ Business Intelligence Portal integrates all your BI tools, reporting, and metrics into a consolidated catalog of governed and certified assets. Drive engagement with BI by making it s...",5849
Metriport,"Metriport transforms fragmented patient data into actionable clinical intelligence, delivering comprehensive medical summaries in minutes. Our open-source platform aggregates patient data from hundred...",1018
MicroGrid Power,,3661
Microsoft Corporation,"Microsoft for Healthcare provides trusted and integrated capabilities that makes it easier for organizations to create personalized patient experiences, gives health teams connected and secure collabo...","2812, Room 308, Room 309 + 1 more"
Midmark RTLS,"Through multiple locating technologies, the Midmark CareFlow™ real-time locating system (RTLS) delivers location data and actionable information to help guide healthcare operations so that staff can f...",MP11348
Milliman MedInsight,Milliman MedInsight® empowers healthcare organizations to drive better outcomes and maximize value-based care performance through unmatched data confidence and reliability. As a trusted partner in the...,4413
MiloX Robotics,Milo-X Robotics provides AI-powered mobile robots that streamline critical logistics for diverse service environments like healthcare and hospitality. Our systems empower your team to focus exclusiv...,5155
Mindbowser,"Mindbowser is a HealthTech Consulting company which blends deep clinical expertise with top-tier engineering to deliver tailored, AI-driven, interoperable, and compliant digital health solutions. With...",12511-04
Mindray,"At Mindray, we rise up to meet the highest standards possible because we believe everyone deserves access to quality healthcare. Mindray delivers efficient interoperability solutions that enable seaml...",5636
Mindsprint,"Mindsprint engineers secure, AI-first platforms for healthcare and life sciences enterprises. We combine healthcare data engineering, AI/AGI, enterprise applications, and cybersecurity to modernize co...",10018-01
Mindwave Medical,"MindWave Medical is a healthcare startup pioneering a silent revolution hospital alarm systems. By shifting alarms from loud speakers, to smart wearables, it quiets bedside noise, combats alarm fatigu...",717-13
Minitab,"For nearly 50 years, Minitab has helped companies and institutions spot trends, solve problems and discover valuable insights in data by delivering a comprehensive and best-in-class suite of data anal...",10124
Mitel,"Mitel powers communication for over 70 million users worldwide, including leading healthcare organizations that demand more from their technology. We empower healthcare organizations to deliver ex...",12407
Mobile Heartbeat,"Mobile Heartbeat offers a clinical communication and collaboration solution (CC&C) to securely engage colleagues across every department resulting in accelerated decision-making, improved care deliver...",4213
"Mobile Integrate, Inc.",Mobile Integrate is a technology integrator that enables the successful execution of the clinical mobility strategy. Our team brings clarity to the technical complexity and consults with IT and Clinic...,6637
"Modernsolid Industrial Co., Ltd","Modernsolid, a Taiwanese company founded in 1989, is an ergonomic manufacturer. We design and manufacture ergonomic products for workspace, healthcare, industrial, education, and public spaces. For...",1458
Modius,"Modius delivers real-time, scalable infrastructure management software purpose-built for critical facilities—from data centers to telecom, smart buildings, and beyond. Our flagship platform, OpenData®...",6342
ModMed,ModMed® delivers the AI-Powered Practice through its award-winning EMA® EHR and a comprehensive all-in-one practice solution. By embedding physician-coded medical knowledge into a natively built AI pl...,864
MOKO SMART,"MOKO Technology Ltd. is a leading manufacturer and provider of ODM, OEM, and IoT devices in China. In 2013, MOKO Technology Ltd. established the R&D Center and created its own IoT brand – MOKO SMART, ...",1667
Monnit,"Monnit provides wireless sensing solutions for research, medical, and laboratory applications. We monitor temperature, humidity, low-temperature conditions (-80°C), air velocity, differential air pres...",4564
MorganFranklin Consulting,"MorganFranklin Cyber is a premier advisory, consulting, and managed services firm dedicated to securing digital transformation for organizations across industries. With a growing portfolio spanning cy...",10001-12
Mount-It!,"Founded in 2006, we have been dedicated to serving the healthcare sector with our range of wall-mounted computer workstations, mobile laptop carts, office desks and accessories, and display mounting s...",3053
Moxe Health,"Moxe connects the healthcare ecosystem with high quality, meaningful data to drive better outcomes. Compatible with the leading EHRs, Moxe improves collaboration by simplifying the way providers secur...",4102
MSI,"MSI is a world leader in AI PC, gaming, content creation, business & productivity and AIoT solutions. Bolstered by its cutting-edge R&D capabilities and customer-driven innovation, MSI has a wide-rang...",743
MTEG,"MTEG builds AI platforms to archive, analyze, and search surgical videos for smarter clinical workflows.",4964
MuleSoft,"MuleSoft is a leading provider of integration and API solutions, empowering organizations to connect applications, data, and devices seamlessly. MuleSoft simplifies the integration of diverse systems,...",2522
Multiview ERP,"Multiview Financial Software provides powerful, scalable ERP solutions that help hundreds of finance teams simplify operations and improve decision-making. With a proven and growing footprint and rate...",4818
"Murj, Inc.","Murj®️ is a cardiac device management software company supporting cardiac implantable electronic device (CIED) remote monitoring, ambulatory cardiac monitoring, and integrated heart failure (HF) progr...","12511-10, 419"
"Mutare, Inc.","Mutare is the Authority in Voice Security for Healthcare and an American Hospital Association Preferred Cybersecurity & Risk Provider for Voice Security. As vishing, spoofed calls, and GenAI-powered s...",10001-01
MV SISTEMAS LTDA.,"With the purpose of empowering society in health care, MV is a multinational company driving digital transformation in the sector. A market leader in Latin America, the company has been developing inn...",1067
My Mountain Mover,"Hire a Virtual Medical Assistant to Power Your Practice #1 Doctor Trusted and Referred. Transform your healthcare staffing with trusted, HIPAA-compliant Medical Virtual Assistants designed to suppor...",318
MyDataMove,MyDataMove is a healthcare data platform company that supports data migration and long-term data access during and after system transitions. The company helps healthcare organizations move data from l...,659
MyWorkDrive,"MyWorkDrive is a secure remote file gateway that enables users to access and collaborate on files stored on both on-premises and cloud-based file servers without a VPN, syncing, or migrating data. It ...",5056
N28 Technologies Inc,"N28 Technologies delivers a full suite of offerings designed to streamline operations, eliminate inefficiencies, and accelerate patient outcomes - powered by AI and Salesforce expertise. We don’t just...",10018-36
Nabla,"Nabla is building a comprehensive AI assistant designed to streamline clinical workflows, reduce administrative burden, and enhance patient care. Nabla produces AI-generated clinical notes in seconds ...",1958
Nanosonics,"Nanosonics is a global leader in infection prevention, transforming High-Level Disinfection (HLD) for ultrasound probe reprocessing. Our trophon® technology delivers automated HLD with new, advanced c...",3073
"Natera, Inc.","We aim to make personalized genetic testing and diagnostics part of the standard of care to protect health and inform earlier, more targeted interventions that lead to longer, healthier lives.",12017
National Committee for Quality Assurance,"NCQA is a private, nonprofit organization dedicated to improving health care quality. NCQA accredits and certifies a wide range of health care organizations. It also recognizes clinicians and practice...","5044, MP11751"
National Science and Technology Council,,4016
Nemours KidsHealth,"Patient education starts at admission. It is a key component to driving exceptional care and better educated patients. At Nemours KidsHealth, we develop and syndicate pediatric content that informs, e...",1626
Neo4j,"Neo4j, the Graph Database & Analytics leader, helps organizations find hidden relationships and patterns across billions of data connections deeply, easily, and quickly. Customers leverage the structu...",10118
"Netskope, Inc.","Netskope is a leader in modern security, networking, and analytics for the cloud and AI era. The unique architecture of its Netskope One platform enables real-time, context-based security for people, ...",10107
"Netsmart Technologies, Inc.",Netsmart is an industry-leading healthcare technology company empowering providers to deliver value-based care to the individuals and communities we serve. The Netsmart CareFabric® platform serves as ...,CD-10
Networking Lounge,,3758
Neurealm,"At Neurealm, we extend what’s possible in healthcare by engineering, modernizing, and operating technology stacks with an AI-first approach. With 2,100+ healthcare technologists, we serve 40+ payers, ...","10001-44, 10018-25, 5049"
Neximatic,Neximatic is the plug-and-play hardware and software solution that automates vital signs streaming and charting for any clinicial envionrment. Our offer seamlessly and securely streams real-time vital...,1219
NextGen Healthcare,"NextGen Healthcare, Inc. is a leading provider of innovative healthcare technology and data solutions. We are reimagining ambulatory healthcare with award-winning EHR, practice management and surround...",10018-16
NiCE,"NiCE is transforming the world with AI that puts people first. Our purpose-built AI-powered platforms automate engagements into proactive, safe, intelligent actions, empowering individuals and organi...",4843
NiCE Cognigy,"NiCE Cognigy delivers AI that works—fast, human, and enterprise-ready. As the leading AI-first CX platform built for real-world scale, we combine Generative and Conversational AI through orchestration...",4305
NIH - Office of Data and Science Strategy,"The Office of Data Science Strategy (ODSS) leads the NIH Strategic Plan for Data Science through scientific, technical, and operational collaboration with the institutes, centers, and offices that com...",12526-04
NIH-NITAAC,The NIH Information Technology Acquisition and Assessment Center (NITAAC) is a designated federal Executive Agent authorized by the Office of Management and Budget (OMB) to administer GWAC vehicles fo...,12526-03
Nihon Kohden America,"Nihon Kohden is a leading medical technology company dedicated to advancing patient care through innovative solutions. With a rich history of over 70 years, Nihon Kohden has become a global leader in ...",3153
Nihon Kohden Digital Health Solutions,"Nihon Kohden Digital Health Solutions is at the forefront of advancing medical information technology to support clinicians with tailored software solutions. With innovative software, Digital Health S...",3264-01
NinjaOne,"NinjaOne, the automated endpoint management platform, delivers visibility, security, and control over all endpoints for more than 30,000 customers in 130+ countries. The cloud-native NinjaOne platf...",10404
Nordic,Nordic helps healthcare organizations harness the power of technology to create healthier systems that lead to healthier businesses. Our global team of 2000+ professionals combine deep clinical exp...,631
Notable,"Deployed at over 12,000 sites of care, Notable is the leading healthcare AI Platform for transforming workforce productivity. Through Notable, millions of once-manual tasks are automated daily in a sa...",4358
Novum,,6636
NuboMed LLC,"Founded in 2012, NuboMed is a leading provider of integrated solutions for IoT+ Smart Hospitals. Using the core technology of algorithms, sensors, and IoT, NuboMed started by researching and developin...",5153
Numeracle,"Numeracle's Entity Identity Management™ (EIM) platform puts brands and brand managers in direct control of identity as applied to outbound communications. EIM is used to establish Verified Identity™, ...",3264-16
NursIT Institute GmbH,"nursIT develops AI-powered software for clinical documentation. Our flagship platform, careIT X, is a Clinical AI Agent System (KAAS) that connects clinical workflows, FHIR®-native data management, an...",4565
Nutanix,"Healthcare organizations around the world use Nutanix to power their clinical and business applications and data. Running on Nutanix Cloud Platform, our software integrates the cloud operating model a...","6026, MP11550"
NutKase Accessories,"NutKase Accessories is a pioneering brand at the forefront of providing innovative and durable solutions for protecting and enhancing your iPads, iPhones, or other technology assets. Established with ...",3159
Nuvilab,"Nuvilab is a healthcare AI company making the patient food intake visible, measurable, and clinically actionable. Our computer-vision tray analysis platform captures what patients actually receive and...",10717
OakTruss Group,"OakTruss Group safeguards your company at the intersection of cybersecurity, AI, and data. We support organizations with integrated security leadership. Our comprehensive advisory services, leadership...",10001-30
"OBIX by Clinical Computer Systems, Inc.","For over 30 years, OBIX has focused exclusively on its perinatal software solution designed for the unique demands of labor and delivery. The OBIX Perinatal Data System is a comprehensive, electronic ...",12511-06
OCHIN,OCHIN is a nonprofit leader in equitable health care innovation and a trusted partner to a growing national provider network. With the largest collection of community health data in the country and mo...,641
Octave,"Octave delivers innovative physical security solutions that enable organizations to better protect people, properties and assets. They help to identify risks and vulnerabilities, detect events and inc...",1364
Odin Health,"Odin Health redefines healthcare interoperability with an agentic, intelligence-driven platform that powers 500 million+ outpatient visits across 2,000+ healthcare organisations worldwide. Built on a ...",3961
Office Ally,"Office Ally is a healthcare SaaS company who partners with medical providers, small to large practices, IPA’s, healthcare billing companies, hospitals, and health systems to deliver various software s...",4811
"Olea Kiosks, Inc.","Olea Kiosks streamlines patient check-in, payments, and visitor management with intuitive self-service kiosks. Designed for healthcare, our kiosks enhance efficiency, reduce wait times, and improve th...",643
OLOID INC.,"OLOID is a passwordless authentication platform tailored for frontline & mobile employees. Fortune 500 companies across healthcare, pharmaceuticals, manufacturing, retail, and other frontline industri...",2268
OLYMPUS EUROPA SE & CO. KG,,10018-14
"Onbe, Inc","The payouts gateway that enables clients to outsource their entire B2C disbursement operation, relieving them of the cost, complexity and risk that come with orchestrating these payments in-house, del...",4807
OneCare Health,,717-16
OneSource Cloud,"OneSource Cloud provides secure, healthcare-focused private AI infrastructure built for hospitals, research institutions, and digital health companies. Based in Texas, we deliver dedicated GPU cluster...",11423
Oneview Healthcare,"Oneview is the connected care experience company – a global leader in patient, clinician and hospital system experience solutions. Our intuitive platform is thoughtfully designed to integrate with EHR...",3870
"ONYX Healthcare USA, Inc.","As a manufacturer dedicated to servicing the medical industry in the USA, Canada, and Latin America, Onyx Healthcare USA specializes in production of computers and peripherals for medical applications...","2248, 2253"
Opalite Health,"Opalite makes it easy for healthcare providers to communicate with non-English speaking patients. We’re built to work inside existing clinical workflows, so providers can communicate in real time with...",717-15
OpenAI,,MP120934
Openlayer,Openlayer is the AI governance and observability platform that accelerates the evaluation and observability of agentic systems through 100+ automated tests and real-time guardrails that prevent prompt...,10018-03
Openscreen,"Openscreen is an asset intelligence platform that connects physical healthcare assets —such as medical devices, equipment, and facilities— at the point of care, to real-time digital workflows and back...",1771
OpenText,"OpenText can help you tackle the most complex digital transformation programs with confidence. Meet with us to talk more about how our offerings such as SaaS fax, data capture, digital signature, pro...",1867
Opsin,"Opsin secures enterprise AI before data exposure occurs. It detects oversharing, misconfigurations, sensitive data leakage, and risky behavior across AI copilots and agents, including Microsoft 365 Co...",10001-53
Optimum Healthcare IT,"Optimum Healthcare IT is a Best in KLAS healthcare IT digital transformation and consulting firm based in Jacksonville Beach, Florida. Optimum's comprehensive service offerings include Enterprise Appl...",MP11356
Optum,"At Optum, we are creating a higher-performing, value-oriented and more connected health system to help every person in every community. Bringing together clinical expertise, technology and data to mak...","12511-02, 3224"
Oracle Health and Life Sciences,"Oracle offers suites of integrated applications plus secure, autonomous infrastructure in the Oracle Cloud. By connecting clinical, operational, and financial data across the healthcare ecosystem, we ...","4022, VHQ13947"
Orases,Orases is a custom software and AI solutions company that blends deep technical expertise with healthcare industry experience and AI-enabled development practices to help medical providers and healtht...,4466
Ordinatrum Health,"Ordinatrum Health is a healthcare technology company transforming critical care through intelligent, data-driven solutions. Its FDA-cleared platform unifies medical device data, clinical systems, and ...",1670
ORDR,"Ordr is the leader in AI-powered asset intelligence, trusted by top organizations across healthcare, pharmaceuticals, manufacturing, and financial services. With insights from over 100 million asset t...",11204
ORION MEDICAL SOLUTIONS,"Owned and operated by Firefighter Paramedics, Holliday Medical created a software called ORION that delivers real time, end to end visibility from the field to the hospital. The platform combines AI d...",717-26
"ORSynx, Inc.",ORSynx is a healthcare SaaS platform delivering real-time perioperative execution for operating rooms. It addresses one of hospitals’ most costly operational gaps: OR inefficiency caused by fragmented...,4857
OrthoPoP Inc.,"OrthoPoP offers an AI-enabled, clinician-designed musculoskeletal (MSK) decision-confidence and education platform that helps people, healthcare providers, and care teams make smarter, timelier MSK de...",11323
P&H Casters,,4568
PadHolder Products,"Padholder designs and manufactures tablet enclosures that bridge hardware and software, turning tablets into reliable tools for real work. Our mission is to make technology easier to adopt, more durab...",1062
PainChek,"PainChek® is an FDA De Novo–granted, AI‑enabled medical device that gives a voice to people who cannot verbalize their pain. Using facial recognition and a guided behavioral framework, PainChek identi...",4765
"Palo Alto Networks, Inc.","As the world’s cybersecurity leader and proud Platinum Corporate Member of HIMSS, Palo Alto Networks is committed to the Healthcare sector. Our Engineers design solutions specifically for healthcare t...","10426, 4853, VHQ14149"
PAN-Biotech GmbH,"PAN-Biotech offers high-quality cell culture media, sera, and custom manufacturing sterile liquid solutions. This includes state-of-the-art cell culture products for research and preclinical applicati...",4058
Parachute Health,"Parachute Health is the leading software platform for digital DME orders, with a network of more than 3,000 supplier locations and 270,000 eSigning clinicians across more than 70,000 facilities in all...",4400-15
Parallels,"Parallels® RAS is a secure, cost-effective application and desktop virtualization solution, enabling healthcare organizations to support hybrid and remote workforces across any device or location with...",3262
Parlance,"Parlance delivers HIPAA-compliant AI voice assistants that transform healthcare switchboard and call center operations by automating workflows at the digital front door. Leading health systems, enterp...",3222
"Parloa, Inc.","Parloa empowers global enterprises to build, train and manage agentic AI solutions for premier customer experiences. Founded by Malte Kosub and Stefan Ostwald, Parloa began with the belief that every ...",2812
Patient Experience & Wellness,Explore innovative telehealth platforms and remote monitoring solutions that enhance patient experiences and drive continuous engagement in their health journeys. The Patient Experience & Wellness Pav...,3264
"Paubox, Inc.","Paubox is a leader in HIPAA compliant email security for healthcare. Trusted by more than 8,000 organizations, including Cost Plus Drugs, Rippling, and Covenant Health, Paubox works with your existing...",660
PCI Pal,"PCI Pal is a leading global provider of secure engagement solutions that enable organizations globally to offer a frictionless and secure payment experience to their customers. With PCI Pal, end-users...",10001-02
PDC,"Connecting Health Systems to What Matters Most PDC Healthcare enables connected care from admission to discharge with end-to-end identification solutions, including printers, barcode scanners, wris...",436
"PDi Communication Systems, Inc.","Bring Epic MyChart Bedside TV, streaming TV, and IPTV infotainment to your patients. Streamline clinical workflows and patient engagement with PDi cloud-based smart room solutions. With the latest int...",4170
PEO DHMS - Enterprise Intelligence and Data Solutions (EIDS),"Under PEO DHMS, the Enterprise Intelligence and Data Solution program management office provides a centralized repository for all Military Health System data along with a portfolio of innovative peopl...",12526-10
PEO DHMS - JOMIS,"Under PEO DHMS, the JOMIS PMO provides health information technology capabilities to meet existing and emerging operational medicine requirements. JOMIS manages and maintains primary tactical medical ...",12526-11
Peraton,Peraton is a next-generation national security company that drives missions of consequence spanning the globe and extending to the farthest reaches of the galaxy. As one of the world’s leading mission...,MP11359
"PerfectServe, Inc.","PerfectServe accelerates speed to care by optimizing provider schedules, streamlining clinical communication, and engaging patients and their families in the care experience. Our cloud-based software ...",12511-03
Petal Health,"Petal enables health providers and hospital networks to unlock real-time capacity and intelligently route care demand to the best available, lower-cost option. By making capacity and availability visi...",861
Philips,Philips is a leading health technology company focused on improving people's health and well-being through meaningful innovation. Philips’ patient- and people-centric innovation leverages advanced tec...,2833
Philips Dictation,"Philips Dictation, powered by Speech Processing Solutions (SPS), delivers professional dictation solutions tailored for healthcare environments. Innovations such as SpeechMike Ambient, a wearable AI a...",654
"PilotFish, Inc.",PilotFish’s Hybrid Integration Platform features an exclusive graphical automated interface assembly line process. No coding or scripting is required to build and maintain interfaces. BAs and non-deve...,5821
Pindrop Security,"Pindrop solutions protect some of the world’s largest banks, insurers, and retailers using patented technology that extracts intelligence from every call encountered. These solutions help detect fraud...","10001-52, 5747"
Pioneer Solution Inc.,"Pioneer Solution Inc. designs and manufactures a complete line of industry specific all-in-one computers, touchscreen monitors, kiosks, and tablets. Founded in 1994 and based in California, Pioneer ma...",6444
Pixel Technology Ltd.,,11224
"Plaid, Inc.",,1019
Platinum Line,"PlatinumLine is transforming communication and patient care across Post-Acute Care, Long-Term Care, Home Health, and Hospice settings. Our platform streamlines collaboration and improves outcomes. Enj...",717-24
PLS,"PLS is an IT Integrator and Managed Service Provider based in Tempe, Arizona. Our team delivers best-in-class technology solutions to a variety of industries, including traditional and specialty retai...",653
PointClickCare,"PointClickCare is a leading health tech company with one simple mission: to help providers deliver exceptional care. With the largest network of acute and long-term and post-acute care (LTPAC) data, w...",4416
Pointr,"Pointr is the leader in digital maps and bluedot location technology for healthcare facilities. With intuitive interactive maps and seamless digital patient wayfinding, Pointr's technology helps reduc...",465
PolyAI,"PolyAI powers patient communication with human-like agents fine tuned for clinical language. With a proven track record across clinics and specialities, we help healthcare teams automate intake, sched...",4411
Polymatech,"Polymatech Electronics proudly stands as India’s first semiconductor chip manufacturer. With a relentless focus on innovation, precision, and quality, Our mission is to empower industries and societie...",6437
Premier Lounge,,12538
Prima Systems,"Prima Systems is a leading provider of healthcare business process outsourcing services. With a team of highly-skilled professionals and state-of-the-art technology, we specialize in offering a wide r...",3864
Profit Advisory Group,"Profit Advisory Group (PAG) is a nationally recognized and respected technology consulting firm based in the Charlotte, North Carolina area. Organizations representing various industries throughout th...",3616
PROMIS® (HealthMeasures),"PROMIS® (HealthMeasures) delivers precise, research-backed, and person-centered measures that set a global standard for health assessment. Through PROMIS®, NIH Toolbox®, Neuro-QoL™, and ASCQ-Me®, Heal...",3264-03
"Proofpoint, Inc","Proofpoint, Inc. is a global leader in human- and agent-centric cybersecurity, securing how people, data and AI agents connect across email, cloud and collaboration tools. Proofpoint is a trusted part...",10205
"Propio LS, LLC","Propio is a language services provider that supports healthcare organizations through interpretation, translation, and AI-supported language workflows. We offer in-person, phone, and video interpretat...",365
Prosper AI,"Prosper builds AI Phone Agents for Patient Access and RCM teams, handling calls to both patients and payors. Our agents speak in a natural, human-like way, managing patient switchboards, scheduling, a...",4302
"Provisions Group, LLC","Founded in 2003, Provisions Group delivers over 20 years of healthcare consulting and staffing expertise to hospitals, health systems, and provider organizations. Headquartered in Franklin, Tennessee,...",2812
PROXIMITY,"Proximity creates solutions that bring people together. For more than 25 years, out family-run company has been building furniture that doesn't just enhance efficiency, but actually helps to improve p...",5227
PsyOS.AI,PsyOS is an AI-orchestrated behavioral health EHR platform that reimagines treatment delivery through avatar-based care planning and multi-agent AI coordination. The system maintains a living digital ...,517
PubNub,"When patient success depends on real-time, interactive digital experiences, healthcare platforms and digital therapeutics can rely on PubNub’s innovative tools to build HIPAA-compliant apps that trans...",6439
"Pulse Supply Chain Solutions, Inc.","At Pulse, we specialize in safe and sustainable recycling practices, including safe disposal of electronic waste, recovery of useful raw materials, and removal of toxic byproducts. We are R2v3 & ISO c...",12105
Puppy Park,"This delightful space is designed to put a smile on every attendee’s face, making it an irresistible stop on the show floor. Come unwind, cuddle with furry friends, and enjoy a moment of pure happines...",3064
Pure Storage,The top healthcare innovators rely on Pure Storage to redefine the storage experience and simplify how people consume and interact with data. Pure’s fast and future-ready storage transforms data into ...,6433
PureLogics LLC,"Established in 2006, PureLogics is a leading developer of digital products for brands big and small. Built on a reputation for reliability, we take pride in our ability to build and maintain every app...",5336
Purplelab,"PurpleLab® is a health-tech company driven by one clear philosophy: outcomes matter most. As your trusted partner for real-world data, we help organizations drive decisive action based on precise insi...",3671
Pythagoras AI,"Pythagoras AI is the creator of Clara, a voice and text AI care agent powering outside-the-exam-room patient interactions for hospital/healthcare systems and independent primary care providers, like C...",717-02
Q-rounds,"Q-rounds is a virtual queue that sends real-time notifications to patients, families, nurses, and other stakeholders of when to arrive for rounds and gives families the opportunity to join virtually i...",3772
QGenda,"QGenda optimizes healthcare workforce management everywhere care is delivered. The QGenda healthcare workforce management platform empowers organizations to effectively deploy workforce resources, wit...",4656
Quadrant Health,Quadrant Health has an AI enterprise ecosystem that transforms how health systems operate. Our intelligent AI agents handle the full spectrum of patient communication — from 24/7 multilingual front-de...,717-08
QualiZeal,"QualiZeal is the world’s fastest-growing independent, AI-native Digital Quality Engineering services provider, redefining quality at scale through an automation-first, platform-powered, GenAI-driven a...",219
Quanta Computer Inc.,Quanta Computer is a renowned tech company listed in Fortune Global 500. It is the largest original design manufacturers of computing products in the world. With over 35 years of experience in product...,656
Quanta Health Inc,,6147
Qubika,"For over 20 years Qubika has been providing comprehensive healthcare design and development services, encompassing everything from patient management systems, virtual care, health integrations, wearab...",3264-07
QuellSecure,"QuellSecure delivers resilience in depth, so your operations never stop. When ransomware gets through the door, organizations can only rely on clean, uninfected backups to rebuild their entire enterpr...",10001-08
Quest Analytics,"Quest Analytics® provider network design and management solutions and services are trusted by 400+ clients — including all 9 of the nation’s largest health plans, many of the nation’s largest health s...",3264-10
Qure4u Inc.,Qure4u’s all-in-one AI platform automates every step of the patient journey—from scheduling and check-in to payments and follow-up—turning engagement into measurable revenue. With 60–80% self-scheduli...,1020
R1,"R1 is a leading provider of automation solutions that transform financial performance and patient experience for health systems, hospitals, and physician groups. R1’s flexible, proven and scalable par...",449
RAAPID INC,"RAAPID, backed by M12 (Microsoft's venture fund), is a healthcare AI company that helps providers and health plans achieve defensible, audit-ready risk adjustment. Powered by Neuro-Symbolic AI, RAAPID...",2812
Rackspace Technology,"Rackspace Technology is a leading provider of hybrid and AI cloud solutions for healthcare organizations, maximizing IT investments with 25+ years of cloud expertise and a deep bench of healthcare exp...",741
Radware,"Radware is a global cybersecurity leader, delivering advanced AI-driven protection for applications, data and infrastructure. As attackers turn to generative AI and automation, we strengthen enterpris...",10007
RAM Mounts,"RAM® Mounts is the leading manufacturer of rugged and versatile mounting solutions, working alongside device manufacturers to support healthcare workers and streamline the patient experience. The comb...",5335
"RamSoft, Inc.","RamSoft is a global provider of innovative cloud-based radiology software solutions for imaging centers, radiology departments, and teleradiology providers. PowerServer®, utilized by over 500 sites an...",3068
Randstad Digital,"Randstad Digital is a trusted digital enablement partner that facilitates accelerated transformation for businesses. We support four service lines, including customer experience, cloud & infrastructur...",1570
RapidClaims,"RapidClaims is a leader in AI-driven Revenue Cycle Management (RCM), redesigning the healthcare billing stack with autonomous medical coding and workflow solutions. Leveraging advanced AI and Large La...",6748
RaySearch Laboratories,"RaySearch Laboratories develops innovative oncology solutions, advancing cancer care through software and data-driven insights. RayCare® is an oncology information system that supports clinical workf...",10522
ReadyCloud,"ReadyCloud helps healthcare organizations retrieve employee IT assets and medical devices with only a QR code - no boxes or labels needed. Workers drop off company-owned equipment at any of 5,600+ UPS...",3716
Reagen Inc.,,418
Rectangle Health,"PayerSync™ accelerates and simplifies insurance reimbursement by automating virtual card processing, standardizing EOPs for all payers, and sharing financial and patient data in real time with practic...",4806
Red Hat,"Our world transformed overnight, and healthcare had to respond immediately. Now more than ever, it's critical to have access to data and unlimited scale, and to design and modify decisioning, processe...",1427
Red Sky Health,"Revolutionizing healthcare with AI-driven solutions for health insurance claim denials. Meet Daniel, our advanced AI powered by machine learning (ML), designed to analyze claim denials and recommend e...",717-25
ReflexAI,"ReflexAI is an AI training and quality assurance platform that uses hyper-realistic conversation simulations and analytics to help contact center teams ramp faster, improve performance, and deliver mo...",1064
Regard,"Regard, a New York City based healthcare company, creates technology that enriches and advances the practice of medicine. Regard’s Proactive Documentation solution unlocks EHR data by suggesting diagn...",460
Relay Robotics,"Relay Robotics’ autonomous, hospital delivery robots enhance staff productivity, job satisfaction, and patient experiences while streamlining healthcare operations. Our robots have completed more than...",4941
Remedio,"Remedio is a next-gen Device Security Posture Management solution that closes security gaps caused by misconfigurations - issues traditional tools like EDR miss. Using hacker logic, Remedio hardens ba...",924
Reva Global Medical,,4074
Revolution Lightboards,"Revolution Lightboards is a U.S.-based company that designs and manufactures illuminated glass lightboards, digital lightboards and turnkey video studio solutions for education, corporate training, an...",11324
RevSpring,"RevSpring turns data into smart guidance so every interaction drives the best possible outcome. From the first search to the final payment, experiences feel personalized, trustworthy, and actionable. ...",1335
rf IDEAS,"We’re your go-to authority for access control, partnering with leading technology companies to provide passwordless authentication, identification and logical access control solutions for multi-factor...",2258
Rhapsody,"Rhapsody provides infrastructure for agent-ready interoperability with healthcare integration, identity, and clinical terminology solutions that serve more than 1,900 customers worldwide. Rhapsody hel...",4832
Ricoh Document Scanners,"Ricoh empowers healthcare organizations to streamline data intake, reduce administrative workload, and improve accuracy with next‑generation intelligent scanning solutions. Leveraging advanced AI, Ric...",MP11154
"RingCentral, Inc.","RingCentral for Healthcare provides a secure, AI-powered, and HIPAA-compliant communication and collaboration platform that unifies calls, messaging, video conferencing, and a contact center for staff...",4407
Rinova AI,"Rinova is a physician-founded revenue cycle management solution, born from firsthand experience with the complexities and frustrations of medical billing.",11524
Roche,"Throughout our 125-year history, Roche has grown into one of the world’s largest biotech companies, as well as a leading provider of in-vitro diagnostics and a global supplier of transformative innova...",6221
Rohirrim,,10018-17
RosettaHealth,"RosettaHealth is a health IT company focused on secure, compliant interoperability and patient data exchange. GetPatient Record enables healthcare organizations to quickly and reliably access patient ...",361
Rubrik,"Rubrik, the Security and AI Operations Company, leads at the intersection of data protection, cyber resilience, and enterprise AI acceleration. Rubrik Security Cloud delivers complete cyber resilience...","10804, MP10950"
"S&P Consultants, Inc.",S&P is a veteran-owned small business with the ability to rapidly scale in support of government ERP and EHR modernization initiatives. We offer the flexibility and agility of a small business paired ...,458
S3 Connected Health,"At S3 Connected Health, we accelerate the development of next-generation connected medical devices and digital health solutions for wearable, implantable, and in-hospital devices. Our proven processes...",4071
S3 Recycling Solutions,"S3 Recycling Solutions is the right choice for businesses in need of an easy, hassle-free way to responsibly manage excess electronics. S3’s Springfield, Tenn. facility is R2-certified, and we offer o...",1546
SafeDoc Global,"SafeDoc Global is an international healthcare coordination platform that connects overseas patients with carefully selected medical institutions in South Korea, providing end-to-end support including ...",6148
SailPoint,"As the leading provider of identity security, SailPoint empowers healthcare organizations to put identity security at the core of their business. With a foundation of artificial intelligence and machi...",6424
Salesforce,"Salesforce is the #1 CRM and is leading the Agentic Revolution where humans and AI agents work together to drive customer success. With the Agentforce 360 Platform and its Trust Layer, we help organiz...","2522, MP11748, MP11749"
Samsung Electronics America,"Whether you’re a large enterprise or a small business, Samsung can bring you an entire ecosystem of innovative technology solutions under one roof to reimagine and reconnect Healthcare, enriching the ...",4335
SANS Institute,People are the most critical line of defense in any organization. SANS training and certifications provide them the practical skills they need to protect your company. From building high-performing se...,1543
Sapphire Health,,2812
SATO America,SATO Healthcare ID Solutions Comprehensive and affordable healthcare solutions to reduce your operation cost and improve the identification quality – all while empowering healthcare professionals wit...,922
Scale Computing,"Scale Computing is the industry’s largest edge-first platform company, uniquely positioned to power the AI-driven future of distributed enterprises. Providing edge computing, managed network security,...",4400-04
SCC Soft Computer,"SCC Soft Computer designs, develops, delivers, supports, and implements healthcare IT. Since 1979, SCC Soft Computer has been one of the world’s leading and most widely recognized providers of clinic...",6225
Schneider Electric,"Schneider Electric is your trusted energy technology partner in healthcare. We electrify, automate, and digitalize critical healthcare environments to enhance operational efficiency, resilience, and s...",6039
SciMynd Inc,"SciMynd Inc sits at the intersection of science, data, and human empathy. Our team is building a medical condition-related AI tool on steroids-an adaptive intelligence platform that listens, learns, a...",11321
Scosche Industries,"Scosche Industries is a multi-award winning consumer technology accessory company. Family owned and operated in California since 1980, we are dedicated to creating sustainably responsible, world class...",1317
ScribeRyte AI,"ScribeRyte AI revolutionizes healthcare documentation with advanced ambient AI that delivers fast, accurate medical scribing and can reduce documentation time by up to 80%. Available in English and Sp...",645
Seal Shield,"Seal Shield is the world leader in innovation, development, and manufacturing of industrial-grade solutions, including waterproof keyboards and mice, UV resistant multilayer screen protectors, advance...",4544
Sectra,"With over 30 years of innovation, Sectra manages 170 million annual imaging exams and is a leading provider to health systems worldwide. Imaging modules for radiology, cardiology, pathology, orthopaed...",839
Secure Exchange Solutions,"Secure Exchange Solutions, a Centauri offering, is an industry-leading provider of interoperable, cloud-based clinical data exchange, real-time health event notifications, and NLP-powered clinical dat...","4464, MP11347"
SecurEnds INC,"SecurEnds transforms identity governance by automating access reviews, requests, and provisioning. Enforce least privilege, streamline roles, and instantly deprovision accounts to reduce risk. Gain re...",10303
Securitas Healthcare,"Delivering scalable healthcare solutions to create safe, secure and efficient care environments Reimagine RTLS as a unified, enterprise platform. Leading health systems are expanding RTLS to improv...",3922
SecurITe Technology Inc.,SecurITe are revolutionizing healthcare security by fusing human expertise with AI-driven intelligence to end the era of escalating breaches.,10001-03
SecurityMetrics,"SecurityMetrics secures peace of mind for organizations that handle sensitive data. They hold their tools, training, and support to a higher, more thorough standard of performance and service, so you ...",10207
Semedy,"Semedy provides integrated knowledge management solutions for healthcare. Our semantically-enabled products bring efficiency and scalability to data and knowledge engineering efforts, enabling sustain...",10018-35
SentinelOne,"SentinelOne is a leading AI-powered cybersecurity platform. Built on the first unified Data Lake, SentinelOne empowers the world to run securely by creating intelligent, data-driven systems that think...",11002
Service Express,"Service Express is a leading data center solutions provider specializing in multivendor maintenance, managed infrastructure and hardware services. We work with organizations worldwide to improve servi...",2070
ServiceNow,"Healthcare is too important to run on silos, outdated infrastructure, and inefficient processes. ServiceNow® makes it easier for clinicians to do the work that matters. The Now Platform® connects ever...","MP11556, MP11557, MP11558"
Shenzhen Eview GPS Technology,Shenzhen Eview GPS Technology is a trusted OEM & ODM leader with over 16 years of expertise in delivering innovative telecare and personal safety solutions. Our comprehensive product portfolio — inclu...,1567
Sholder Healthcare,"LOS, Readmissions & Denials reduction a part of your 2026 strategic plan? Sholder Healthcare’s ProActive Care Throughput (PACT) Model hardwires inpatient workflows around diagnosis and acuity at adm...",4570
Siemens Healthineers,"Siemens Healthineers pioneers breakthroughs in healthcare. For everyone. Everywhere. Sustainably. The company is a global provider of healthcare equipment, solutions and services, with activities in m...",3925
Sierra,"Sierra is the platform that helps companies deliver better, more human customer experiences with AI. Built with industry-leading standards for security, compliance, and privacy, it empowers healthcare...",844
Silna,,4070
Singulr.ai,Singulr AI equips forward-thinking technology leaders with the tools to transform safe AI adoption into a strategic advantage. Our platform provides unparalleled visibility into AI systems and user ac...,"10001-21, 717-11"
Sitecore,"Sitecore is the global leader in AI-driven digital-experience software. Its next-generation platform, SitecoreAI, helps brands plan, create, personalize, and deliver content across every channel — web...",4862
Smart Meter,"Smart Meter is the trusted supplier of cellular-enabled remote patient monitoring solutions, delivering reliable, real-time patient data to healthcare providers, payers, and technology partners. With ...",5244
Smarter Technologies,"Smarter Technologies, the automation and insights platform for healthcare efficiency, is a leading AI-powered revenue management platform that combines proprietary clinical agents, human-in-the-loop A...","853, MP11153"
Smartsheet,"Smartsheet is the Intelligent Work Management Platform that unites people, data, and AI to eliminate execution silos - turning operational complexity into better patient outcomes. Purpose-built for sc...",6535
Smarty,"Smarty has the tools you need to stay HIPAA compliant, reduce billing delays & returns, identify fraudulent claims, and more. That's because Smarty specializes in address data solutions like address v...",2961
SMILE DIGITAL HEALTH,"Smile Digital Health delivers FHIR®-native, enterprise-grade data and intelligence solutions that unify, structure, and standardize clinical data across diverse systems. Our platform transforms fragme...",4361
Smith + Nephew,"Smith+Nephew is a portfolio medical technology company focused on the repair, regeneration and replacement of soft and hard tissue. We exist to restore people’s bodies and their self-belief by using t...",1443
SNOMED International,"SNOMED International is a not-for-profit organization that owns, administers, and develops SNOMED CT, the world’s most comprehensive clinical terminology. We play an essential role in improving human ...",3422
Snowflake Inc,"Snowflake is the platform for the AI era, making it easy for enterprises to innovate faster and get more value from data. More than 12,000 customers around the globe, including hundreds of the world’s...","5247, MP11750"
Soaring Eagle Data Solutions,"Providing Healthcare Institutions the data expertise they need to keep patient data Accessible, Secured, Integrated, and moving FAST. On shore Data engineers and DBAs, ready to solve your hardest prob...",12113
"Softek Solutions, Inc.",Softek provides consulting and software solutions to help you optimize your Oracle Health EHR system. Our EMR Performance solution monitors your system 24/7 so you don’t have to. Our Charge Capture an...,3933
Softlinx,"Softlinx' ReplixFax offers cloud fax services that cater to the most demanding business faxing requirements, ensuring HIPAA compliance for healthcare document delivery and secure transmission of priva...",4400-06
SoftSkan Technologies,"SoftSkan helps healthcare organizations move to safe, governed, production-ready AI. We combine AI readiness assessments, governance frameworks, and embedded engineering teams to design, build, and op...",717-23
Softtek,"Softtek is a global software engineering partner, driving businesses forward. We help healthcare organizations build, run, and modernize digital platforms at scale—improving patient journeys, clinicia...",6633
Solarity,"Solarity’s mission is to make healthcare data accessible to all end users. Our intelligent automation engine has the ability to read, decipher, and understand patient information regardless of the so...",4813
SolarWinds,"SolarWinds is a leading provider of simple, powerful, secure observability and IT management software built to enable customers to accelerate their digital transformation. Our solutions provide health...",6333
SOLiD,"SOLiD (http://www.solid.com/us/) enables indoor and outdoor cellular and public safety communications at many of the world's best-known and most challenging venues, including the busiest airports, sub...",1623
Solventum,"At Solventum, we’re transforming how healthcare organizations manage revenue by combining advanced AI with deep clinical expertise. As pioneers of trusted classification systems like Clinical Risk Gro...",4031
Sonatype,,12729
SONIFI Health,SONIFI Health provides industry-leading interactive patient engagement technology proven to improve patient outcomes and staff productivity. The EHR-integrated platform is designed to anticipate the n...,2861
SOTI Inc.,"SOTI is a proven innovator and industry leader for simplifying business mobility solutions by making them smarter, faster and more reliable. With SOTI’s innovative portfolio of solutions, organization...",3360
SoundHound AI,"SoundHound AI (Nasdaq: SOUN), a global leader in voice and conversational AI, builds solutions that deliver incredible experiences. Built on proprietary technology, SoundHound’s groundbreaking product...",4402
Spectrum Business,"We are a connectivity company for everyone: families, businesses of all sizes and communities that count on our secure, state-of-the-art broadband network every minute of every day. Spectrum’s connect...","10018-33, 2260"
Splunk,"Splunk is the data platform leader for security and observability. Our extensible data platform powers enterprise observability, unified security and limitless custom applications. Splunk helps tens o...",11824
"Spok, Inc.","Spok, Inc., a wholly owned subsidiary of Spok Holdings, Inc. (NASDAQ: SPOK), headquartered in Plano, Texas, is proud to be a global leader in healthcare communications. We deliver clinical information...",925
Staples Technology Solutions,Staples Technology Solutions is one of the country’s leading providers of the latest technology your business needs to succeed. We provide a full range of IT services and support including solution ar...,118
Star,"Star is a global technology consultancy with nearly two decades of experience delivering digital transformation in healthcare and life sciences. We bring together regulated expertise, user-first desig...",3264-05
Startup Park,Explore cutting-edge technologies from emerging startups and connect with potential partners and investors in this dynamic hub for healthcare innovation. Startup Park is a vibrant space dedicated to e...,717
Stat,"Stat is the first and only true CareOps platform, purpose-built to optimize ambulatory healthcare operations with a seamless combination of software, hardware, and real-time data. Delivered through sm...",3170
Stedi,"Stedi is the only programmable healthcare clearinghouse. We're how you run eligibility checks, process claims, and receive remits.",12124
Sterling Computers,"For almost 30 years, Sterling has been helping Federal, State and Local, Education, and Commercial entities address their most complex technology requirements. Leveraging elite internal teams and supe...",3160
Strongarm Healthcare,"Strongarm Healthcare is a leading manufacturer of wall arm mounting systems and workstations, modular mobile carts, telehealth workstations, and medical device mountings for hospitals, healthcare, and...",3458
Stryker,"What matters to you, matters to us. That’s why we work side by side with you to understand exactly what you need to deliver safer care and better outcomes across the care continuum. Our seamlessly con...","2847, VHQ14252"
Sublime Security,,10001-42
Suki AI,"Suki is a leading technology company building presence at the heart of care through its Ambient Clinical Intelligence (ACI) layer. Unlike add-on tools, Suki’s ACI is embedded at the point of care, pow...",1047
Sully AI,"Sully.ai is your dedicated team of AI medical employees designed to make healthcare 10x better, 20x cheaper, and 100x faster by automating staffing costs—healthcare's largest expense. Trusted by 400+ ...",10422
Sunny Castors Co LTD,"Sunny Castors Co.,Ltd is the leading caster manufacturer and offer the mobility solution over 40 years. Customer service is our priority and high quality is our commitment. We look forward to become y...",4839
SuperDial,"SuperDial is an AI company that automates high-volume outbound phone calls for healthcare revenue-cycle teams (providers and billing companies), using AI agents that place calls, navigate IVRs/hold qu...",518
Surescripts,"Our purpose is to serve the nation through simpler, trusted health intelligence sharing, in order to increase patient safety, lower costs and ensure quality care. At Surescripts, we align healthcare o...",1139
"Symphion, Inc.","Symphion is the world leader in print fleet cyber hygiene for healthcare. Our flagship offering, Print Fleet Cyber Security as a Service™ (PFCSAAS), delivers a vendor agnostic, done for you program th...",12102
symplr,symplr helps you optimize your healthcare operations so you and your staff can focus on the highest level of care. Better operations. Better outcomes.,Room 302
Syndicus NACON,"Talent, Training and Technology",4072
T-Mobile for Business,"T-Mobile for Business brings unconventional approaches to businesses so they can capitalize on the convergence of network and technology. With the nation’s largest 5G network, they help organizations ...","5643, MP11756, VHQ10456"
Tadiran Telecom Inc.,"For over 60 years, Tadiran has led in reliable connectivity solutions. Serving major organizations globally, we provide communication systems with exceptional uptime for critical healthcare environmen...",218
Taiwan Excellence,The Taiwan Excellence Awards were established in 1993 by Taiwan's Ministry of Economic Affairs (MOEA) to recognize and celebrate the exceptional achievements of Taiwan's most innovative products. Each...,6035
Taiwan Medtech Pavilion,"The Taiwan MedTech Pavilion will be exhibiting at HIMSS Global Conference and Exhibition 2026, presenting cutting-edge innovations developed in collaboration with leading Taiwanese medical device comp...",4016
Talkdesk,"Talkdesk Healthcare Experience Cloud™ for Providers is a connected, intelligent, and intuitive contact center platform for reimagining the patient experience. With EHR integrations and workflows, and ...",1658
"Tasso, Inc.","Tasso is a healthcare technology company transforming traditional blood collection with a patient-centric, virtually painless approach. Its devices enable simple, remote blood sampling for users and h...",117
Tata Consultancy Services,"TCS taps into the power of AI and digital technologies to address customer needs, including health plans, hospital systems, pharmaceutical companies, pharmacy benefit managers (PBMs), and distributors...",MP11957
Taylor & Francis Group,,Bookstore
"TCROSS Co., Ltd.","TCROSS is a company that supports all stakeholders in the healthcare industry. We incorporate scientific perspectives into sales and marketing, aiming to contribute to the sustainable development of t...",4400-03
TD SYNNEX,"Technology moves fast. We partner with the entire technology ecosystem to manage relentless transformation, execute confidently, and evolve to capture opportunities up ahead.",MP12035
Tealium,"Tealium helps companies collect, govern, and enrich customer data in real-time to power AI and deliver exceptional experiences. Its solutions include a real-time CDP with intelligent AI data streaming...",1320
Tech Mahindra (Americas) Inc,"Tech Mahindra is a global consulting service and systems integrator that operates in over 90+ countries, delivering solutions with a unique blend of digital innovation and robust, industry-strong proc...",11318
Tegria,"Tegria is a global healthcare consulting and services company that partners with provider and payer organizations to transform healthcare. Tegria’s global team of more than 1,000 experienced professio...",4802
Teguar Corporation,"Teguar is a leading provider of advanced medical and industrial computer solutions. Teguar provides world-changing innovators with purpose-built computer hardware that performs where others don’t, so ...",4919
Teleray,"TeleRay is an integrated virtual care and telehealth solution for telenursing, telesitting, tele ICU and many other use cases that is fully integrated into Epic telenursing or any EMR. TeleRay offers ...",1865
Televox,"With more than 30 years of expertise, Televox, now part of WestCX, leads the orchestration of trusted, AI-powered communication journeys for regulated industries. Our AI-native platform ensures every ...",3264-08
Telnyx,"Telnyx is a global communications platform powering real-time AI applications with voice, messaging, wireless, and networking infrastructure. Built on a private, carrier-grade IP backbone, Telnyx deli...",4956
temi,"temi is a global robotics company that develops autonomous, AI-powered personal and service robots designed to enhance communication, productivity, and user experience. Our flagship robotic platform c...",3571
Tenovi,Tenovi is a data aggregation and automation platform that connects medical device manufacturers with remote monitoring companies. It provides over 40 medical device point solutions that connect with i...,4064
Teqfocus Consulting LLC,Teqfocus is a Data and AI services company dedicated to helping healthcare organizations enhance patient care and operational efficiency through AI-driven insights and intelligent automation. At H...,4000
TestAssure,"TestAssure is a cloud-based automated workforce management testing platform that helps HRIS, payroll, shared services, and IT professionals ensure accuracy, compliance, and confidence in their WFM con...",6634
TestMu AI,"TestMu AI (Formerly LambdaTest) is a fully autonomous agentic quality engineering platform that empowers teams to test intelligently, smarter, and ship faster. Built for scale, it offers a full-stack ...","10018-32, 1120"
The Craneware Group,"The Craneware Group (AIM:CRW.L), the leader in healthcare financial and operational transformation, delivers innovative solutions that drive measurable impact. Our Trisus® cloud ecosystem integrates d...",4101
The Headset Team,"Since 2007 The Headset Team has served over 15,000 customers. Some organizations purchase headsets, phones and video solutions from their Phone Vendor, Megastore or Office Products Supplier. The Heads...",1872
The Hub Central,"Combining advanced technology with a human heart, The Hub offers daily support, family peace of mind, and a fuller life for older adults, all from the comfort of their own home. Our mission is to crea...",717-12
The Language Group,"The Language Group (TLG) is a full-service language solutions provider founded in 1999 and headquartered in Virginia Beach, Virginia. With a global network of linguists and offices across the Americas...",1568
The Whann Group,"The Whann Group is a technology development and licensing company focused on transforming how businesses engage, present, transact, and document interactions in a compliant, evidence-grade environment...",11322
Thoropass,"Thoropass is the only end-to-end cybersecurity auditor. Our Audit Lifecycle Platform combines continuous, AI-powered evidence collection with the industry’s most advanced suite of AI agents and a high...",6537
ThreatLocker,"Stop ransomware! ThreatLocker® Zero Trust Endpoint Protection Platform improves enterprise-level server and endpoint security with policy-driven controls, including Allowlisting, Ringfencing™, Elevati...",10407
Tido Inc.,"Trusted by health systems for over 17 years and counting. We partner with health systems for managed integration (Tido Connect™), proactive interfaces and application monitoring (Tido MIDR-AI™), Workf...",3617
TigerConnect,"TigerConnect is the AI-driven orchestration platform that unifies messaging, voice, alerts, and workflows ensuring that every request, consult, and alarm reaches the right person at the appropriate ti...","3265, MP10947"
TIMS Medical,"TIMS Medical empowers hospitals to capture, manage, and share clinical video and imaging across the enterprise. Our flagship platform, TIMS MVP, connects to any medical imaging modality including endo...",4664
Tonic AI,Tonic.ai makes data usable for AI and software innovation to accelerate engineering velocity and safeguard data privacy.,10018-30
Topaz Systems Inc.,"Topaz Systems, Inc. is a global leader in electronic signature solutions and devices. Founded in 1995, Topaz provides electronic signature pads and software tools to enable the creation, signing, and ...",3836
Toptal,"Recently ranked the #1 Most Reliable Professional Services Company in America by Newsweek, Toptal is the world’s largest fully remote workforce, powered by a global network of more than 20,000 highly ...","1722, MP11553"
TouchPoint Medical,"At TouchPoint Medical, we are committed to developing customer-driven solutions that advance healthcare professionals’ delivery of care. We help securely mobilize medical technology and manage medicat...",MP12032
Transcend,Transcend is the compliance layer for health data — unlocking AI-ready patient data at scale. Health systems and care innovators rely on Transcend to embed HIPAA-compliant governance and privacy contr...,11417
Transtek Medical,"Founded in 2000, Transtek is a publicly listed company that specializes in the global manufacturing and supply of medical devices. Since 2019, Transtek has been making siqnificant progress by establi...",1162
TRIMEDX,"TRIMEDX is an industry-leading, independent clinical asset management company delivering comprehensive clinical engineering services, clinical asset informatics, and medical device cybersecurity. Powe...",10024
Trinzz,,717-06
Triomics,,2812
Trisotech,"Healthcare organizations face care variation, slow guideline updates, and limited visibility into how clinical decisions are made. Trisotech addresses these risks by enabling clinical and operational ...",10018-31
Trovo Health,"Trovo Health is a next-generation extended care team that combines agentic AI coordinators with a multidisciplinary clinical team (nurses, medical assistants, care coordinators, etc.). We use our pl...",3672
TruBridge,"TruBridge proudly supports rural and community healthcare providers in their efforts to stay strong, independent, and deeply rooted in the communities they serve. Backed by more than 45 years of healt...",2812
TruMed Systems,"TruMed Systems is a healthcare technology company delivering connected hardware and software solutions that simplify medication and vaccine inventory management. Through its intelligent platforms, inc...",3472
"TrustCommerce, a RevSpring Company","TrustCommerce, a RevSpring company, is the leading financial technology company trusted by the nation’s largest health systems. The TrustCommerce integrated payment platform facilitates secure, compli...",1624
Trustpoint.One,Trustpoint.One is a leading provider of integrated legal solutions—partnering with healthcare organizations to simplify and streamline the litigation and compliance lifecycle. Healthcare corporations ...,10305
TTEC,"We are TTEC (NASDAQ:TTEC), architects of next-generation customer experiences. For over four decades, we’ve helped brands connect with customers through seamless, digital-first, AI-powered CX. We deli...",3264-13
Twilio,Twilio for Healthcare is built to alleviate the technological complexity required to drive better patient outcomes through personalized engagement. The combination of communications data and rich cont...,3907
TYSIN USA LLC,,1359
UKG,"UKG is the workforce operating platform that puts workforce understanding to work. With the world's largest collection of workforce insights, our ability to reveal unseen ways to build trust, amplify ...",5931
Ultralife Corporation,"https://info.ultralifecorporation.com/medical-cart-power-solutions Ultralife's 120VAC X5 Power System is a reliable, hot-swappable uninterruptible power supply (UPS) that has proven itself in medic...",3061
University of Alabama-Birmingham - MSHI Program,,120
"Upland Software, Inc.","Upland Software enables healthcare organizations to work smarter with over 25 proven enterprise cloud software products that are trusted by more than 10,000 global customers. Our cloud solutions offer...",2067
URAC,"URAC is an independent accreditor of health care organizations across the spectrum. We partner with experts and organizations across the industry to raise the bar through rigorous, evidence-based accr...",12117
Urban Armor Gear,UAG BUILDS PROTECTIVE CASES FOR MEDICAL ENVIRONMENTS Medical professionals and their life-saving devices deserve the same amount of protection. Constant use of rubber gloves or disinfectants can caus...,5225
"US News & World Report, L.P.","U.S. News & World Report is a multifaceted digital media company dedicated to helping consumers, business leaders and policy officials make important decisions in their lives, businesses and communiti...",6247
Userful,"Userful’s InfinityAI Platform unifies clinical, operational, and executive data into a centrally managed, software-defined environment transforming clinical dashboards from EHR systems like EPIC into ...",1571
Ushur,"Ushur is a purpose-built Agentic CX Automation platform for regulated industries, streamlining customer journeys across the entire lifecycle. It enables customers to start, navigate, and complete comp...",3264-11
UST Global,"Since 1999, UST has partnered with leading companies to drive impactful transformation. Through digital solutions, platforms, engineering, R&D, products, and an innovation ecosystem, we turn challenge...",2812
UTHealth School of Biomedical Informatics At Houston,D. Bradley McWilliams School of Biomedical Informatics at UTHealth Houston is the only free-standing school in the nation dedicated exclusively to graduate programs in biomedical informatics; offering...,1622
Valcom,"Valcom is a leading provider of communication and life-safety emergency notification solutions, offering hardware and software for organizations worldwide. With over four decades of experience, Valcom...",1262
ValueMentor,"ValueMentor is a HITRUST Authorized External Assessor helping SMBs and mid-size organizations strengthen their cybersecurity posture while achieving regulatory compliance. We specialize in HITRUST, SO...",11603
Vasco Electronics LLC,"Vasco company was founded in 2008 by Maciej Góralski, a businessman and paramedic, who saw a real and tangible need for electronic translators. And so with this goal in mind, we grew to become one of ...",6253
Vasion,"Vasion is the intelligent print automation platform making digital transformation attainable for all by eliminating print servers, consolidating print environments, and digitizing workflows. We’re red...","661, MP10748"
Veltris,"Veltris is an AI-first Digital Product Engineering Services partner that delivers next-generation technology and micro-industry solutions across healthcare, communications & tech, manufacturing, and f...",6536
Veradigm,Veradigm has a proven history of delivering clinical and revenue cycle solutions that help independent practices improve outcomes and financial performance. Our AI-forward data and technology also hel...,MP11349
"Veratad Technologies, LLC",Veratad is a world-class provider of real-time online identity and age verification solutions for businesses operating on the internet. Our platform helps organizations verify an individual’s identity...,10403
Verato,"Verato powers exceptional experiences everywhere by solving the problem that drives everything else — knowing who is who. Verato MDM Cloud, the next generation of MDM, delivers unprecedented data inte...",3867
Verily,Verily is a data platform and technology company purpose-built to power AI for precision health. Verily offers AI-enabled solutions that transform multimodal health data into insights and actions that...,5047
Verisma,"Verisma is redefining how healthcare organizations manage and use health data, ensuring it is trusted, secure, and actionable for real-time, high-stakes decision making. Our lifecycle-driven approach ...",5053
Verizon,,MP10951
Vertebrai Solutions Inc.,Cloud-based HIPAA compliant clinical decision support (CDS) system enabling clinicians to make decisions faster. The clinician interacts with AI engine which accesses specific patient records in the E...,717-07
Vervint,"Vervint is a technology consulting firm for global companies on a mission to improve lives and deliver outcomes. We design and build digital products and experiences, architect and optimize infrastruc...",2812
VirtuAlly,Discover innovative solutions and a dedicated virtual care team to enhance and support virtual care models seamlessly. Discover key solutions like virtual nursing and telesitting. We offer adaptable s...,770
Visage Imaging,"Visage is a global provider of enterprise imaging solutions that enable PACS replacement with local, regional and national scale. The Visage® 7 Enterprise Imaging Platform is proven, providing a fast,...",3753
Visual Terminology Inc.,"VisualTerminology is an IT company specializing in 3D medical visualization solutions. We convert clinical and body coordinate data into intuitive, interactive visuals that make medical information e...",717-18
VividCharts,"VividCharts delivers automated, in-platform reporting solutions that bring clarity, confidence, and alignment to every team using ServiceNow. ServiceNow Advanced Platform Build Partner",4400-01
VM ELECTRONICS / SIMPLIFI MEDICAL,"Revolutionary products designed with care, for care. In 50 years of servicing, supporting and selling medical carts as VM Electronics, we faced every challenge in the book. So, we created every soluti...",1353
Vodafone Business,"By connecting people, places and things, Vodafone Business helps organisations succeed in a digital world. With our expertise in connectivity, our leading IoT platform and our global scale, we can del...",1220
Volanté Systems,"Volanté Systems is an enterprise point-of-sale platform purpose built for healthcare. It supports badge pay, integrates securely with hospital systems, and modernizes retail dining workflows to be mor...",4400-05
Voxyhealth,,717-05
Voyager Imaging,"Voyager Imaging, Australia’s pioneering medical imaging company specializing in PACS/RIS and Teleradiology solutions for over 30 years. Voyager RIS/PACS are fully functional on-premise, virtual and cl...",3354
VSee,"VSee is an AI-powered telehealth platform company delivering digital health solutions through its scalable, API-driven platform. VSee integrates secure video, AI tools, clinical workflows, device data...",4468
"VUNO, Inc.","VUNO is widely recognized as a pioneer in AI-based medical solution technologies, offering a specialized portfolio that includes biosignal solutions like VUNO Med®-DeepCARS® and medical imaging soluti...",3162
VytalMed,VytalMed is a healthcare technology company focused on modernizing radiology operations through AI-enabled workflow automation and data-driven tools. Its product suite is designed to reduce administra...,10117
Wardly Technologies Inc,"Wardly is a clinical context infrastructure for outpatient care. Wardly ingests EHR data, referrals and external records, builds longitudinal clinical context, calls patients 24 hours before their app...",717-03
Washington Department of Health,"The Washington State Department of Health (DOH) fights to defend the public’s health from threats in a rapidly evolving world. DOH’s programs and services, implemented in collaboration with local heal...",12526-05
Wavestone,"Wavestone was founded amid the rise of new technologies and digital innovation, growing with a strong entrepreneurial spirit. As a leading consulting partner supporting the world’s largest companies i...",10622
Waystar,"Waystar’s mission-critical software is purpose-built to simplify healthcare payments so providers can prioritize patient care and optimize their financial performance. Waystar serves over 30,000 clien...",4622
Weave Cloud Solutions,"Using GenAI-powered document processing, Weave Cloud Solutions® streamlines document workflows for healthcare. Our flagship solution, Weave Flow®, is a digital workforce that captures incoming files, ...",10018-26
"WestFax, Inc.","WestFax provides secure Cloud Fax and workflow integration solutions for regulated industries. Its HIPAA-compliant fax services, EHR integrations, AI-powered document workflows, fax APIs, and mobile f...",1970
Whatfix,"Whatfix is an AI-powered Digital Adoption Platform that helps healthcare providers make EHR, PMS, CRM, and other clinical systems easier for clinicians to use. By delivering in-app guidance and real-t...",464
White Knight Labs,White Knight Labs is a boutique offensive cybersecurity consultancy that specializes in red teaming healthcare environments and medical devices. Our team is comprised of seasoned engineers with deep t...,10203
Withings Health Solutions,"Withings Health Solutions is a dedicated division of global connected health leader Withings, serving healthcare professionals across chronic disease prevention and management, remote patient monitori...",2960
wolfSSL,"wolfSSL will be at HIMSS demonstrating how medical device security starts in the firmware. We provide lightweight, FIPS 140-3 validated cryptography and (D)TLS 1.3 for connected medical devices, prote...",10001-38
Wolters Kluwer,"Wolters Kluwer provides trusted clinical technology and evidence-based solutions that engage clinicians, patients, researchers, and the next generation of healthcare providers. With a focus on clinica...",3626
"Workday, Inc.","Workday is a leading provider of enterprise cloud applications for financial management, HR, planning, supply chain management, and analytics. Built with AI and ML at the core, Workday helps customers...",4208
World Wide Technology,"World Wide Technology (WWT), a privately held global technology solutions provider leading the AI and Digital Revolution, has over 30 years of experience helping the largest commercial enterprise, pub...",3264-02
Worldpay,We make everyday commerce better.,4400-10
WSO2,WSO2 (https://wso2.com/) empowers healthcare organizations to accelerate digital health innovation by overcoming the complexities of data integration and interoperability. Our specialized healthcare s...,12511-01
XCaliber Health,"XCaliber is helping healthcare teams reduce the administrative work that slows care down. Our AI Assistant is designed to support care teams with high-volume, coordination-heavy tasks like scheduling,...",10018-02
xCures,xCures® operates an AI-assisted healthcare data platform that reduces the operational burden of working with complex medical records. The platform accepts structured and unstructured medical recor...,2246
XenTegra,"At XenTegra, we’re not just redefining the role of a Value-Added Reseller; we’re setting a new standard as a VAR 2.0. Our mission extends beyond delivering cutting-edge technological solutions; we foc...",6025
"XiFin, Inc.","XiFin is a healthcare information technology company that provides innovative technologies and consulting services to deliver operational efficiency, interoperability, and simplicity to help organizat...",5631
Xillium,Xillium® provides enterprise healthcare organizations with workforce solutions designed to support operational change and growth. Our HIPAA-trained clinical support and administrative teams support...,1065
XpertDox,"XpertDox’s mission is to turn complex, unstructured, and disconnected healthcare data into clear, usable intelligence that improves healthcare access, delivery, and operations. XpertDox’s flagship ...",10322
Yealink,"Yealink is a global leader in unified communication and collaboration solutions, providing healthcare organizations with secure, easy-to-manage video and audio solutions for medical meeting rooms, tra...",4400-07
You Shift,YouShift is building the operating system for the healthcare workforce. We automate and optimize physician scheduling—the most complex and costly operational problem in healthcare—so hospitals can red...,6047
"Z-Band Technologies, LLC","Z-Band Technologies designs and delivers purpose-built, ultra-reliable video distribution solutions used by some of the largest healthcare systems in the country. Our RF-based Z-TV platform uses paten...",4211
Zaden Technologies,,5947
"ZAGG, Inc.","ZAGG brings a robust portfolio of mobile protection, productivity and power solutions to Enterprise customers. We're committed to continually innovating and developing products that fit your needs acr...",753
Zebra Technologies,"Enable your healthcare teams with easy, holistic and interoperable solutions from Zebra Technologies. We offer the industry’s broadest portfolio of healthcare-grade hardware and software solutions tha...","2435, MP11758, MP11759 + 1 more"
Zen Healthcare IT,"Zen Healthcare IT is an interoperability platform and services company. We help all stakeholders - Tech Vendors, Digital Health, HIEs, and Providers / Hospitals - simplify data exchange. We solve a...",12511-12
ZimWorX,"ZimWorX is a pioneering company leveraging global talent by connecting businesses with 1,700+ university-educated remote/virtual professionals, fluent and eloquent in the Queen’s English. From custome...",1467
Zivian Health,,2812
Zoho Corporation,"Zoho Sign is an AI-powered digital signature and workflow automation solution that helps businesses execute agreements quickly without the hassles of handling paper documents, while ensuring both secu...",4803
ZOLL,"ZOLL Data Systems, a division of ZOLL Medical Corporation, is a healthcare software and data solutions provider that empowers hospital, EMS and Fire, and billing/accounts receivable teams to deliver m...",MP10749
"Zones, LLC","Zones is a global solutions provider of end-to-end IT solutions with an unmatched supply chain. We solve complex IT problems TODAY with complete, turnkey solutions that transform TOMORROW. Our IT solu...",6330
Zoom,Zoom’s mission is to provide one platform that delivers limitless human connection. Reimagine teamwork with Zoom Workplace — Zoom’s open collaboration platform with AI Companion empowers teams to be m...,"4404, MP10949"
"Zscaler, Inc.","Zscaler protects healthcare organizations from cyberattacks and data loss while ensuring fast, secure connections between users and applications. Trusted by leading hospitals and health systems across...",5648
