"Name","LinkedIn URL","Verdict","Note","Slot status","Quick Msg sends","HeyReach campaign status","Connection status","Message status","Message"
"Dawn Mischler","https://www.linkedin.com/in/dawnmischler","In slot – already in campaign","Contact is already in the Quick Message campaign — HeyReach would only update the old lead and NOT send. Left in slot.","pending","0","Finished","None","MessageSent","Dawn, just saw your post about MSL interviews. ""Your experience gets you the interview, your stories get you the job"" is so true. I appreciate you laying out the examples worth preparing. 

Thought you might be interested in this webinar on October 29th. We have several exciting upcoming oncology research efforts.

Let me know if you want to meet 1:1 to discuss the other research efforts we're involved in. We'd be really excited to work with the J&J Innovative Medicine team in this important work. Thanks

https://www.linkedin.com/events/7514009104252674048/"
"Matthew Crouse","https://www.linkedin.com/in/matthew-crouse-71674a303","In slot – already in campaign","Contact is already in the Quick Message campaign — HeyReach would only update the old lead and NOT send. Left in slot.","pending","0","Failed","ConnectionAccepted","MessageSent","I just saw your post about National Substance Abuse Prevention Month. I appreciate you naming how much connection and community matter for healthcare professionals and their families.

Thought you likely would be interested in this webinar on October 29th. We have several pretty exciting upcoming oncology research efforts.

Please let me know if you want to meet 1:1 to discuss the other research efforts we are involved in. We would be really excited to work with Cancer Care Associates in this important work. Thanks

https://www.linkedin.com/events/7514009104252674048/"
"Deb Fogel","https://www.linkedin.com/in/deb-fogel-1338385","In slot – already in campaign","Contact is already in the Quick Message campaign — HeyReach would only update the old lead and NOT send. Left in slot.","pending","0","Failed","ConnectionAccepted","MessageSent","Deb, I appreciate you connecting. Leading operations for the largest multi-disciplinary cancer provider in Arizona is fascinating work. Academic-level care in a community setting.

Thought you likely would be interested in this webinar on October 29th. We have several pretty exciting upcoming oncology research efforts. This one studies how patients cope with cancer treatment.

Please let me know if you want to meet 1:1 to discuss the other research efforts we are involved in. We would be really excited to work with Ironwood in this important work. Thanks

https://www.linkedin.com/events/7514009104252674048/"
"Erica Jamison","https://www.linkedin.com/in/erica-jamison-46629962","In slot – already in campaign","Contact is already in the Quick Message campaign — HeyReach would only update the old lead and NOT send. Left in slot.","pending","0","Finished","ConnectionAccepted","MessageSent","I appreciate you connecting. So much of the patient experience at Blue Ridge runs through your front office team. That's why I thought you'd be interested in this webinar on October 29th. We have several exciting upcoming oncology research efforts. This one studies how patients cope with cancer treatment.

Let me know if you want to meet 1:1 to discuss the other research efforts we are involved in. We would be really excited to work with Blue Ridge Cancer Care in this important work. Thanks

https://www.linkedin.com/events/7514009104252674048/"
"Ali PhD","https://www.linkedin.com/in/alitimimi","In slot – already in campaign","Contact is already in the Quick Message campaign — HeyReach would only update the old lead and NOT send. Left in slot.","pending","0","Failed","ConnectionAccepted","MessageReply","Ali, I appreciate the breadth of your clinical research background. Supporting clinicians, trialists and statisticians across a large team is no small task.

Thought you likely would be interested in this webinar on October 29th. It covers one of our projects studying how patients cope with cancer treatment. We have several pretty exciting upcoming oncology research efforts.

Please let me know if you want to meet 1:1 to discuss the other research efforts we are involved in. We would be really excited to work with Beverly Hills Cancer Center in this important work. Thanks

https://www.linkedin.com/events/7514009104252674048/"
"Kelci Stoltenberg","https://www.linkedin.com/in/kelci-stoltenberg-815495198","In slot – already in campaign","Contact is already in the Quick Message campaign — HeyReach would only update the old lead and NOT send. Left in slot.","pending","0","Finished","ConnectionAccepted","MessageSent","Kelci, I just saw your post about Carrie's experience with triple-negative breast cancer. I appreciate you sharing her story so openly.

Thought you likely would be interested in this webinar on October 29th. It covers one of our projects studying how patients cope with cancer treatment. We have several pretty exciting upcoming oncology research efforts.

Please let me know if you want to meet 1:1 to discuss the other research efforts we are involved in. We would be really excited to work with Avera Oncology in this important work. Thanks

https://www.linkedin.com/events/7514009104252674048/"
"Amanda Allen, MA, CHC","https://www.linkedin.com/in/amanda-allen-ma-chc-a7b60710","In slot – already in campaign","Contact is already in the Quick Message campaign — HeyReach would only update the old lead and NOT send. Left in slot.","pending","0","Finished","ConnectionAccepted","MessageSent","Amanda, I appreciate how clearly patient care, compassion, and innovation sit at the center of your work. Especially how you lead clinical support services at CARTI.

Thought you likely would be interested in this webinar on October 29th. We have several pretty exciting upcoming oncology research efforts. This one studies how patients cope with cancer treatment.

Please let me know if you want to meet 1:1 to discuss the other research efforts we are involved in. We would be really excited to work with CARTI in this important work. Thanks

https://www.linkedin.com/events/7514009104252674048/"
"Ajay Sahajpal  MD, FACHE","https://www.linkedin.com/in/ACoAAA-ElYYB7Aqa7mh_x9o_h1JmCGNMPHpax9M","In slot – already in campaign","Contact is already in the Quick Message campaign — HeyReach would only update the old lead and NOT send. Left in slot.","pending","0","Finished","ConnectionAccepted","MessageReply","Thanks again for the encouraging reply, Ajay. I appreciate your openness to the patient outcomes collaborative.

Thought you likely would be interested in this webinar on October 29th. We have several pretty exciting upcoming oncology research efforts.

Please let me know if you want to meet 1:1 to discuss the other research efforts we are involved in. We would be really excited to work with Avera in this important work. Thanks

https://www.linkedin.com/events/7514009104252674048/"
"Changxing Liu","https://www.linkedin.com/in/changxing-liu-6b373446","In slot – already in campaign","Contact is already in the Quick Message campaign — HeyReach would only update the old lead and NOT send. Left in slot.","pending","0","Finished","ConnectionAccepted","MessageSent","Found the new GE HealthCare and Ascension collaboration fascinating. Especially what it could mean for technology and care across the network.

Thought you likely would be interested in this webinar on October 29th. We have several pretty exciting upcoming oncology research efforts.

Please let me know if you want to meet 1:1 to discuss the other research efforts we are involved in. We would be really excited to work with your head and neck oncology team at Ascension in this important work. Thanks

https://www.linkedin.com/events/7514009104252674048/"
"Eric FASCO","https://www.linkedin.com/in/eric-bernicker-44056488","Slot closed","Slot status: queued_as_campaign","queued_as_campaign","0","","","","Just saw your post about EPAs and global cancer control. I appreciate you tying it back to environmental exposures.

Thought you likely would be interested in this webinar on October 29th. We have several pretty exciting upcoming oncology research efforts.

Please let me know if you want to meet 1:1 to discuss the other research efforts we are involved in. We would be really excited to work with the CommonSpirit Mountain Region oncology team in this important work. Thanks

https://www.linkedin.com/events/7514009104252674048/"
"Evan Rumple","https://www.linkedin.com/in/evan-rumple-42340576","MISSING from HeyReach","Server recorded the add, but HeyReach does not list this lead in the campaign.","moved_to_quick_message","1","","","","Just saw your team's food bank for cancer patients. 1,000 pounds donated already is awesome. I appreciate you all tackling that side of care.

Thought you likely would be interested in this webinar on October 29th. We have several pretty exciting upcoming oncology research efforts.

Please let me know if you want to meet 1:1 to discuss the other research efforts we are involved in. We would be really excited to work with the oncology team at Ascension St. Vincent in this important work. Thanks

https://www.linkedin.com/events/7514009104252674048/"
"Amy Mills","https://www.linkedin.com/in/amymills27","MISSING from HeyReach","Server recorded the add, but HeyReach does not list this lead in the campaign.","moved_to_quick_message","1","","","","The Rural Health Transformation Program looks like it could be a real game changer for systems like Blanchard Valley. Especially for the access barriers your patients face.

Thought you likely would be interested in this webinar on October 29th. We have several pretty exciting upcoming oncology research efforts.

Please let me know if you want to meet 1:1 to discuss the other research efforts we are involved in. We would be really excited to work with Blanchard Valley in this important work. Thanks

https://www.linkedin.com/events/7514009104252674048/"
"Ahmed M.D","https://www.linkedin.com/in/ahmedaklmd","MISSING from HeyReach","Server recorded the add, but HeyReach does not list this lead in the campaign.","moved_to_quick_message","1","","","","Dr. Akl, I appreciate the path you've taken. Princess Margaret and Toronto-Bayview training. Brachytherapy work in Nancy. And now leading radiation oncology at HCA Florida Mercy. Sure you have seen a lot over the years.

Thought you likely would be interested in this webinar on October 29th. We have several pretty exciting upcoming oncology research efforts, and this one looks at how patients cope with cancer treatment.

Please let me know if you want to meet 1:1 to discuss the other research efforts we are involved in. We would be really excited to work with your radiation oncology team at HCA Florida Mercy in this important work. Thanks

https://www.linkedin.com/events/7514009104252674048/"
"Jamie Garcia","https://www.linkedin.com/in/jamie-garcia-6b983322a","MISSING from HeyReach","Server recorded the add, but HeyReach does not list this lead in the campaign.","moved_to_quick_message","1","","","","Jamie, I appreciate all you keep running behind the scenes at Los Angeles Cancer Network. The practice side is where patient experience really gets shaped.

Thought you likely would be interested in this webinar on October 29th. We have several pretty exciting upcoming oncology research efforts. This one looks at how patients cope with cancer treatment.

Please let me know if you want to meet 1:1 to discuss the other research efforts we are involved in. We would be really excited to work with Los Angeles Cancer Network in this important work. Thanks

https://www.linkedin.com/events/7514009104252674048/"
"Andrew T. Fisher","https://www.linkedin.com/in/andrewfisherhealth","MISSING from HeyReach","Server recorded the add, but HeyReach does not list this lead in the campaign.","moved_to_quick_message","1","","","","Andrew, I just saw your takeaway from the PrecisCa West Summit about preparing the next generation of physicians. Fascinating point. I appreciate you putting it out there.

Thought you likely would be interested in this webinar on October 29th. We have several pretty exciting upcoming oncology research efforts, and this one looks at how patients cope with cancer treatment.

Please let me know if you want to meet 1:1 to discuss the other research efforts we are involved in. We would be really excited to work with the AON team in this important work. Thanks

https://www.linkedin.com/events/7514009104252674048/"
"Nolan Miller","https://www.linkedin.com/in/nolan-miller-58018011","MISSING from HeyReach","Server recorded the add, but HeyReach does not list this lead in the campaign.","moved_to_quick_message","1","","","","Thought you'd be interested in this webinar on October 29th. We have several exciting upcoming oncology research efforts. This one studies how patients cope with cancer treatment.

Let me know if you want to meet 1:1 to discuss the other research efforts. We'd be really excited to work with Massey in this important work. Thanks

https://www.linkedin.com/events/7514009104252674048/"
"Jennifer Sidenstecker","https://www.linkedin.com/in/jennifer-sidenstecker-aa70696b","MISSING from HeyReach","Server recorded the add, but HeyReach does not list this lead in the campaign.","moved_to_quick_message","1","","","","Jennifer, awesome to see Comprehensive Cancer Centers sharing resources that help patients navigate a diagnosis and their treatment options.

Thought you likely would be interested in this webinar on October 29th. We have several pretty exciting upcoming oncology research efforts, and this one studies how patients cope with cancer treatment.

Please let me know if you want to meet 1:1 to discuss the other research efforts we are involved in — or point me to the right person on your leadership team. We would be really excited to work with Comprehensive Cancer Centers in this important work. Thanks

https://www.linkedin.com/events/7514009104252674048/"
"Jennifer Mazzella RN, OCN, CCRC","https://www.linkedin.com/in/jennifer-mazzella-rn-ocn-ccrc-4715ab199","MISSING from HeyReach","Server recorded the add, but HeyReach does not list this lead in the campaign.","moved_to_quick_message","1","","","","Jennifer, I found the data on opportunistic salpingectomy during other abdominal surgeries fascinating. It cuts ovarian cancer risk by 65%. That's the kind of finding that changes practice fast.

Thought you likely would be interested in this webinar on October 29th. We have several pretty exciting upcoming oncology research efforts. This one studies how patients cope with cancer treatment.

Please let me know if you want to meet 1:1 to discuss the other research efforts we are involved in. We would be really excited to work with LVHN's oncology research team in this important work. Thanks

https://www.linkedin.com/events/7514009104252674048/"
"Jaymeson Stroud","https://www.linkedin.com/in/jaymeson-s-stroud-0244aa16","MISSING from HeyReach","Server recorded the add, but HeyReach does not list this lead in the campaign.","moved_to_quick_message","1","","","","Dr. Stroud, I appreciate Ackerman's push to raise awareness about prostate cancer. The importance of PSA screening for men over 50 is something worth spreading.

Thought you likely would be interested in this webinar on October 29th. We have several exciting upcoming oncology research efforts. This one looks at how patients cope with cancer treatment.

Please let me know if you want to meet 1:1 to discuss the other research efforts we are involved in. We would be really excited to work with Ackerman in this important work. Thanks

https://www.linkedin.com/events/7514009104252674048/"
"Neil Flick","https://www.linkedin.com/in/neilflick","MISSING from HeyReach","Server recorded the add, but HeyReach does not list this lead in the campaign.","moved_to_quick_message","1","","","","Neil, I found it fascinating that your team runs clinical, research, and education programs across 16 sites. And with international partners too. That is a lot of coordination to hold together.

Thought you likely would be interested in this webinar on October 29th. We have several pretty exciting upcoming oncology research efforts. This one studies how patients cope with cancer treatment.

Please let me know if you want to meet 1:1 to discuss the other research efforts we are involved in. We would be really excited to work with the Center for Global Oncology in this important work. Thanks

https://www.linkedin.com/events/7514009104252674048/"
"Tracy Parks, RN, OCN, CBCN","https://www.linkedin.com/in/tracy-parks-rn-ocn-cbcn","MISSING from HeyReach","Server recorded the add, but HeyReach does not list this lead in the campaign.","moved_to_quick_message","1","","","","Tracy, I appreciate you letting me land in your inbox again, especially with the pharmacy and nursing side of AO to run.

Thought you likely would be interested in this webinar on October 29th. We have several pretty exciting upcoming oncology research efforts, and this one studies how patients cope with cancer treatment.

Please let me know if you want to meet 1:1 to discuss the other research efforts we are involved in. We would be really excited to work with the AO team in this important work. Thanks

https://www.linkedin.com/events/7514009104252674048/"
"Anthony Stec","https://www.linkedin.com/in/anthony-stec-3841ab2","MISSING from HeyReach","Server recorded the add, but HeyReach does not list this lead in the campaign.","moved_to_quick_message","1","","","","Thought you likely would be interested in this webinar on October 29th. It covers one of our projects studying how patients cope with cancer treatment. We have several pretty exciting upcoming oncology research efforts.

Please let me know if you want to meet 1:1 to discuss the other research efforts we are involved in. We would be really excited to work with Alliance Cancer Specialists in this important work. Thanks

https://www.linkedin.com/events/7514009104252674048/"
"Brandi Glenn","https://www.linkedin.com/in/brandi-glenn-638113340","MISSING from HeyReach","Server recorded the add, but HeyReach does not list this lead in the campaign.","moved_to_quick_message","1","","","","Brandi, I just saw Jeff Hunnicutt's podcast discussion about AI readiness in oncology practices. It was a fascinating take on a genuinely complex issue. I imagine you live it daily on the operations side.

Thought you likely would be interested in this webinar on October 29th. It covers one of our projects studying how patients cope with cancer treatment. We have several pretty exciting upcoming oncology research efforts.

Please let me know if you want to meet 1:1 to discuss the other research efforts we are involved in. We would be really excited to work with Highlands Oncology in this important work. Thanks

https://www.linkedin.com/events/7514009104252674048/"
"Afshin Eli Gabayan, MD","https://www.linkedin.com/in/afshin-eli-gabayan-md-78681621","MISSING from HeyReach","Server recorded the add, but HeyReach does not list this lead in the campaign.","moved_to_quick_message","1","","","","Dr. Gabayan, after 25 years in oncology and hematology I'm sure you have seen a lot over the years. Leading clinical trials at Beverly Hills Cancer Center since 2017 is fascinating work.

Thought you likely would be interested in this webinar on October 29th, which covers one of our projects studying how patients cope with cancer treatment. We have several pretty exciting upcoming oncology research efforts.

Please let me know if you want to meet 1:1 to discuss the other research efforts we are involved in. We would be really excited to work with Beverly Hills Cancer Center in this important work. Thanks

https://www.linkedin.com/events/7514009104252674048/"
"Carla Fisher, MD, MBA, FACS","https://www.linkedin.com/in/carlafishermdmba","MISSING from HeyReach","Server recorded the add, but HeyReach does not list this lead in the campaign.","moved_to_quick_message","1","","","","Dr. Fisher, I appreciate the work you're doing leading breast surgery across five hospitals in the Indy metro. Keeping patient experience central at that scale is fascinating to me.

Thought you likely would be interested in this webinar on October 29th, which covers one of our projects studying how patients cope with cancer treatment. We have several pretty exciting upcoming oncology research efforts.

Please let me know if you want to meet 1:1 to discuss the other research efforts we are involved in. We would be really excited to work with IU Simon in this important work. Thanks

https://www.linkedin.com/events/7514009104252674048/"
"Tamara M.D.","https://www.linkedin.com/in/tamara-lacouture-m-d-a9b15a59","MISSING from HeyReach","Server recorded the add, but HeyReach does not list this lead in the campaign.","moved_to_quick_message","1","","","","Dr. Tamara, I appreciate the scope of what you carry as Chief of Cancer Services and Medical Director of Radiation Oncology. Patient experience sits right at the center of that.

Thought you likely would be interested in this webinar on October 29th, which covers one of our projects studying how patients cope with cancer treatment. We have several pretty exciting upcoming oncology research efforts.

Please let me know if you want to meet 1:1 to discuss the other research efforts we are involved in. We would be really excited to work with Jefferson Health New Jersey in this important work. Thanks

https://www.linkedin.com/events/7514009104252674048/"
"Amy NEA-BC","https://www.linkedin.com/in/amy-hicks-dnp-rn-accns-ag-ocn-nea-bc-8611937b","MISSING from HeyReach","Server recorded the add, but HeyReach does not list this lead in the campaign.","moved_to_quick_message","1","","","","Amy, I just saw Alma Perez's story and the care she received at MUSC Health Lancaster. I appreciate you highlighting that kind of patient experience.

Thought you likely would be interested in this webinar on October 29th, which covers one of our projects studying how patients cope with cancer treatment. We have several pretty exciting upcoming oncology research efforts.

Please let me know if you want to meet 1:1 to discuss the other research efforts we are involved in. We would be really excited to work with MUSC Catawba in this important work. Thanks

https://www.linkedin.com/events/7514009104252674048/"
"Andrew MBA","https://www.linkedin.com/in/andrew-taylor-kissel","MISSING from HeyReach","Server recorded the add, but HeyReach does not list this lead in the campaign.","moved_to_quick_message","1","","","","Awesome to see Deaconess modernizing provider communications and scheduling across the Indiana region. That kind of groundwork makes a real difference for oncology patients.

Thought you likely would be interested in this webinar on October 29th. We have several pretty exciting upcoming oncology research efforts.

Please let me know if you want to meet 1:1 to discuss the other research efforts we are involved in. We would be really excited to work with Deaconess in this important work. Thanks

https://www.linkedin.com/events/7514009104252674048/"
"David R. Penberthy, MD MBA FACCC","https://www.linkedin.com/in/david-r-penberthy-md-mba-faccc-8b417116","MISSING from HeyReach","Server recorded the add, but HeyReach does not list this lead in the campaign.","moved_to_quick_message","1","","","","Just saw your post about SHIFT. The focus on what is actually working with AI in oncology is fascinating. I appreciate you sharing the takeaways.

Thought you might be interested in this webinar on October 29th. We have several exciting upcoming oncology research efforts.

Let me know if you'd want to meet 1:1 to discuss them. We'd be really excited to work with Covenant Oncology on this important work. Thanks

https://www.linkedin.com/events/7514009104252674048/"
"Jacqueline Asea, RN, MSN,CCRP","https://www.linkedin.com/in/jacqueline-asea-rn-msn-ccrp-607b047","MISSING from HeyReach","Server recorded the add, but HeyReach does not list this lead in the campaign.","moved_to_quick_message","1","","","","Jacqueline, I appreciate the clinical trials work you lead at HCRIU. Building cancer research capacity in Uganda is fascinating and important work.

Thought you likely would be interested in this webinar on October 29th. We have several pretty exciting upcoming oncology research efforts.

Please let me know if you want to meet 1:1 to discuss the other research efforts we are involved in. We would be really excited to work with HCRIU in this important work. Thanks

https://www.linkedin.com/events/7514009104252674048/"
"Evan Zaslow","https://www.linkedin.com/in/evanzaslow","MISSING from HeyReach","Server recorded the add, but HeyReach does not list this lead in the campaign.","moved_to_quick_message","1","","","","Evan, I appreciate the payer strategy work you lead for a system entirely focused on cancer care.

Thought you likely would be interested in this webinar on October 29th. We have several pretty exciting upcoming oncology research efforts.

Please let me know if you want to meet 1:1 to discuss the other research efforts we are involved in. We would be really excited to work with City of Hope in this important work. Thanks

https://www.linkedin.com/events/7514009104252674048/"
"Alexis Thomas","https://www.linkedin.com/in/alexisthomas96","MISSING from HeyReach","Server recorded the add, but HeyReach does not list this lead in the campaign.","moved_to_quick_message","1","","","","Hi Alexis-

Just saw your post about Blood Cancer Awareness Month. I appreciate your point about patient access to breakthrough therapies close to home.

That's why I thought you'd be interested in this webinar on October 29th. We have several exciting upcoming oncology research efforts. This one studies how patients cope with cancer treatment.

Let me know if you want to meet 1:1 to discuss the other research efforts we are involved in. We would be really excited to work with the Clear Lake oncology team in this important work. Thanks

https://www.linkedin.com/events/7514009104252674048/"
"Jacob Sands","https://www.linkedin.com/in/jacobsands","MISSING from HeyReach","Server recorded the add, but HeyReach does not list this lead in the campaign.","moved_to_quick_message","1","","","","Hi Jacob,

I appreciate the work you are leading on small cell lung cancer research at Dana-Farber. It is fascinating to follow.

Thought you likely would be interested in this webinar on October 29th. We have several exciting upcoming oncology research efforts. This one studies how patients cope with cancer treatment.

Please let me know if you want to meet 1:1 to discuss the other research efforts we are involved in. We would be really excited to work with Dana-Farber in this important work. Thanks

https://www.linkedin.com/events/7514009104252674048/"
"Wesley Falconer","https://www.linkedin.com/in/wesley-falconer-b404b790","MISSING from HeyReach","Server recorded the add, but HeyReach does not list this lead in the campaign.","moved_to_quick_message","1","","","","Hi Wesley,

I appreciate your focus on helping community oncology organizations stay independent. Your view of analytics and AI as force multipliers for teams, rather than another administrative burden, really resonates.

Thought you likely would be interested in this webinar on October 29th. We have several exciting upcoming oncology research efforts. This one studies how patients cope with cancer treatment.

Please let me know if you want to meet 1:1 to discuss the other research efforts we are involved in. We would be really excited to work with Cancer Care Specialists in this important work. Thanks

https://www.linkedin.com/events/7514009104252674048/"
"Jatinder Singh","https://www.linkedin.com/in/jatinder-singh-61b50b11","MISSING from HeyReach","Server recorded the add, but HeyReach does not list this lead in the campaign.","moved_to_quick_message","1","","","","Hi Jatinder,

Fascinating to see the path from Roswell Park to leading cancer services in Toms River. I'm sure you have seen a lot across both settings.

Thought you would be interested in this webinar on October 29th. We have several exciting upcoming oncology research efforts. This one studies how patients cope with cancer treatment.

Please let me know if you want to meet 1:1 to discuss the other research efforts. We would be really excited to work with the cancer program at Community Medical Center in this important work. Thanks

https://www.linkedin.com/events/7514009104252674048/"
"Erika Radeke","https://www.linkedin.com/in/erika-radeke-689b7b100","MISSING from HeyReach","Server recorded the add, but HeyReach does not list this lead in the campaign.","moved_to_quick_message","1","","","","Erika, I just saw your post about Dr. Patel's study on reproductive health intervention in cancer care. I found it fascinating.

Thought you'd be interested in this webinar on October 29th. We have several exciting upcoming oncology research efforts.

Let me know if you want to meet 1:1. I'd love to discuss the other research efforts we're involved in. We'd be excited to work with the CCH Cancer Center on this important work. Thanks

https://www.linkedin.com/events/7514009104252674048/"
"Amber Senteno","https://www.linkedin.com/in/amber-senteno","MISSING from HeyReach","Server recorded the add, but HeyReach does not list this lead in the campaign.","moved_to_quick_message","1","","","","Amber, I just saw your post about moderating that conversation on leaders being real with one another. I found that refreshing. And rare.

Thought you likely would be interested in this webinar on October 29th. We have several pretty exciting upcoming oncology research efforts.

Please let me know if you want to meet 1:1 to discuss the other research efforts we are involved in. We would be really excited to work with City of Hope in this important work. Thanks

https://www.linkedin.com/events/7514009104252674048/"
"Gus Halwani, PhD","https://www.linkedin.com/in/gushalwani","MISSING from HeyReach","Server recorded the add, but HeyReach does not list this lead in the campaign.","moved_to_quick_message","1","","","","Gus, I just saw your post about the U.A.E. Ministry of Health delegation's visit to Dana-Farber. I found that fascinating.

Thought you likely would be interested in this webinar on October 29th. We have several pretty exciting upcoming oncology research efforts.

Let me know if you want to meet 1:1. I would love to discuss the other research efforts we are involved in. We would be really excited to work with Dana-Farber in this important work. Thanks

https://www.linkedin.com/events/7514009104252674048/"
"David Kwon","https://www.linkedin.com/in/david-kwon-a2bb202","MISSING from HeyReach","Server recorded the add, but HeyReach does not list this lead in the campaign.","moved_to_quick_message","1","","","","David, I appreciate what you've built at the Brigitte Harris Cancer Pavilion. The Game On Cancer model, where every dollar reaches patients, is fascinating.

Thought you likely would be interested in this webinar on October 29th. We have several pretty exciting upcoming oncology research efforts.

Please let me know if you want to meet 1:1 to discuss the other research efforts we are involved in. We would be really excited to work with Henry Ford Cancer in this important work. Thanks

https://www.linkedin.com/events/7514009104252674048/"
"Chakra Chaulagain","https://www.linkedin.com/in/chakra-chaulagain-a17a61172","MISSING from HeyReach","Server recorded the add, but HeyReach does not list this lead in the campaign.","moved_to_quick_message","1","","","","Dr. Chaulagain, I appreciated your MajesTEC-9 post. Daratumumab-refractory myeloma is such a tough population. Your myeloma and amyloid work there is fascinating.

Thought you likely would be interested in this webinar on October 29th. We have several pretty exciting upcoming oncology research efforts.

Please let me know if you want to meet 1:1 to discuss the other research efforts we are involved in. We would be really excited to work with Cleveland Clinic Florida in this important work. Thanks

https://www.linkedin.com/events/7514009104252674048/"
"Chad Jacobsen","https://www.linkedin.com/in/chad-jacobsen-21376b104","MISSING from HeyReach","Server recorded the add, but HeyReach does not list this lead in the campaign.","moved_to_quick_message","1","","","","Chad, leading both pediatric neuro-oncology and the developmental therapeutics program at Carolinas is fascinating work. I appreciate the patients and families you serve through it.

Thought you likely would be interested in this webinar on October 29th. We have several pretty exciting upcoming oncology research efforts.

Please let me know if you want to meet 1:1 to discuss the other research efforts we are involved in. We would be really excited to work with your pediatric oncology team at Carolinas in this important work. Thanks

https://www.linkedin.com/events/7514009104252674048/"
"Farshid Sadeghi","https://www.linkedin.com/in/farshid-sadeghi-29812815","MISSING from HeyReach","Server recorded the add, but HeyReach does not list this lead in the campaign.","moved_to_quick_message","1","","","","Dr. Sadeghi, I appreciated your note back earlier. Glad the patient outcomes collaborative caught your interest.

Thought you likely would be interested in this webinar on October 29th. We have several pretty exciting upcoming oncology research efforts.

Please let me know if you want to meet 1:1 to discuss the other research efforts we are involved in. We would be really excited to work with City of Hope Phoenix in this important work. Thanks

https://www.linkedin.com/events/7514009104252674048/"
"Farrah FAAP","https://www.linkedin.com/in/farrahngastondo","MISSING from HeyReach","Server recorded the add, but HeyReach does not list this lead in the campaign.","moved_to_quick_message","1","","","","Farrah, I appreciate you connecting. A Med/Peds background heading into heme/onc fellowship is a fascinating path. It's one that clearly keeps the patient front and center.

Thought you likely would be interested in this webinar on October 29th. We have several pretty exciting upcoming oncology research efforts. This one studies how patients cope with cancer treatment.

Please let me know if you want to meet 1:1 to discuss the other research efforts we are involved in. We would be really excited to work with UAMS in this important work. Thanks

https://www.linkedin.com/events/7514009104252674048/"
"Anna Herrera","https://www.linkedin.com/in/anna-herrera-128077b7","MISSING from HeyReach","Server recorded the add, but HeyReach does not list this lead in the campaign.","moved_to_quick_message","1","","","","Hi Anna. Just saw your post about the new Tampa General, Mass General Brigham Cancer Care center. Awesome news for patients in the region.

Thought you likely would be interested in this webinar on October 29th. We have several pretty exciting upcoming oncology research efforts. This one studies how patients cope with cancer treatment.

Please let me know if you want to meet 1:1 to discuss the other research efforts we are involved in. We would be really excited to work with Cancer Center of South Florida in this important work. Thanks

https://www.linkedin.com/events/7514009104252674048/"
"Sandeep Bhave, MD, MS, DABR","https://www.linkedin.com/in/sandeep-bhave-md-ms-dabr-45080520","MISSING from HeyReach","Server recorded the add, but HeyReach does not list this lead in the campaign.","moved_to_quick_message","1","","","","Dr. Bhave, I appreciate you connecting. Leading a physician-owned radiation oncology group through this much market change is fascinating to follow.

Thought you'd be interested in this webinar on October 29th. We have several exciting oncology research efforts coming up. This one studies how patients cope with cancer treatment.

Let me know if you'd like to meet 1:1 to discuss our other research efforts. We'd be excited to work with Cancer Care Group on this important work. Thanks

https://www.linkedin.com/events/7514009104252674048/"
"Miguel Velez","https://www.linkedin.com/in/miguel-gonzalez-velez-249968a4","MISSING from HeyReach","Server recorded the add, but HeyReach does not list this lead in the campaign.","moved_to_quick_message","1","","","","I am sorry I did not answer your question before. My mistake! 

We run a biopharma-funded oncology collaborative focused on listening to patients. We use their reported outcomes to improve care today and inform better therapies going forward. Your post about condensing a patient presentation into a one-liner is exactly the kind of clarity we're after.

Thought you'd be interested in this webinar on October 29th. We have several exciting oncology research efforts coming up. This one studies how patients cope with cancer treatment.

Let me know if you'd like to meet 1:1 to discuss our other research efforts. We'd be excited to work with John Theurer on this important work. Thanks

https://www.linkedin.com/events/7514009104252674048/"
"Donna Piano","https://www.linkedin.com/in/donna-piano-b4580430","MISSING from HeyReach","Server recorded the add, but HeyReach does not list this lead in the campaign.","moved_to_quick_message","1","","","","Donna, I appreciate your interest when we last connected. I don't want this to fall through the cracks.

Thought you likely would be interested in this webinar on October 29th. We have several pretty exciting upcoming oncology research efforts.

Please let me know if you want to meet 1:1 to discuss the other research efforts we are involved in. We would be really excited to work with Florida Cancer Specialists in this important work. Thanks

https://www.linkedin.com/events/7514009104252674048/"
"Jeffrey CPhT","https://www.linkedin.com/in/jeffrey-beck-cpht-7020335","MISSING from HeyReach","Server recorded the add, but HeyReach does not list this lead in the campaign.","moved_to_quick_message","1","","","","Jeffrey. With 10+ years in oncology practice administration, I'm sure you have seen a lot over the years on the operations and billing side of cancer care.

Thought you likely would be interested in this webinar on October 29th. We have several pretty exciting upcoming oncology research efforts. This one studies how patients cope with cancer treatment.

Please let me know if you want to meet 1:1 to discuss the other research efforts we are involved in. We would be really excited to work with Hawaii Cancer Care in this important work. Thanks

https://www.linkedin.com/events/7514009104252674048/"
"Eliza Barragan, PhD","https://www.linkedin.com/in/elizarbacon","MISSING from HeyReach","Server recorded the add, but HeyReach does not list this lead in the campaign.","moved_to_quick_message","1","","","","Eliza, the strategic specimen collection and tissue/data biorepository work you lead at City of Hope is fascinating. I appreciate how much it enables for everyone downstream in cancer research.

Thought you likely would be interested in this webinar on October 29th. We have several pretty exciting upcoming oncology research efforts. This one studies how patients cope with cancer treatment.

Please let me know if you want to meet 1:1 to discuss the other research efforts we are involved in. We would be really excited to work with City of Hope in this important work. Thanks

https://www.linkedin.com/events/7514009104252674048/"
"Cataldo FACS","https://www.linkedin.com/in/cataldo-doria-md-phd-mba-facs-709923","MISSING from HeyReach","Server recorded the add, but HeyReach does not list this lead in the campaign.","moved_to_quick_message","1","","","","Just saw your post about Liver Cancer Awareness Month and your patient's experience with histotripsy. Fascinating to see that come to life clinically.

Thought you likely would be interested in this webinar on October 29th. We have several pretty exciting upcoming oncology research efforts. This one studies how patients cope with cancer treatment.

Please let me know if you want to meet 1:1 to discuss the other research efforts we are involved in. We would be really excited to work with the Capital Health Cancer Center team in this important work. Thanks

https://www.linkedin.com/events/7514009104252674048/"
"Chris Bissell","https://www.linkedin.com/in/chris-bissell-a14b327","MISSING from HeyReach","Server recorded the add, but HeyReach does not list this lead in the campaign.","moved_to_quick_message","1","","","","Chris, I found it fascinating how the new My Henry Ford platform is streamlining the patient experience. That matters a lot for cancer patients specifically.

I thought you'd be interested in this webinar on October 29th. We have several exciting upcoming oncology research efforts. This one studies how patients cope with cancer treatment.

Let me know if you want to meet 1:1 to discuss our other research efforts. We'd be excited to work with the Henry Ford Cancer Institute on this important work. Thanks

https://www.linkedin.com/events/7514009104252674048/"
"Alex FACRO","https://www.linkedin.com/in/alex-whitley-md-phd-facro-b6b8626","MISSING from HeyReach","Server recorded the add, but HeyReach does not list this lead in the campaign.","moved_to_quick_message","1","","","","Alex, I appreciate the precision radiation work your team is doing in Montgomery.

Thought you likely would be interested in this webinar on October 29th. We have several exciting upcoming oncology research efforts. This one studies how patients cope with cancer treatment.

Please let me know if you want to meet 1:1 to discuss the other research efforts we are involved in. We would be really excited to work with Central Alabama Radiation Oncology in this important work. Thanks

https://www.linkedin.com/events/7514009104252674048/"
"Claire Monticello","https://www.linkedin.com/in/claire-monticello-634194104","MISSING from HeyReach","Server recorded the add, but HeyReach does not list this lead in the campaign.","moved_to_quick_message","1","","","","Claire, I appreciate the oncology leadership you have brought at Corewell, from transplant and infusion to nurse navigation.

Thought you likely would be interested in this webinar on October 29th. We have several exciting upcoming oncology research efforts. This one studies how patients cope with cancer treatment.

Please let me know if you want to meet 1:1 to discuss the other research efforts we are involved in. We would be really excited to work with the Corewell oncology team in this important work. Thanks

https://www.linkedin.com/events/7514009104252674048/"
"Alexander MD","https://www.linkedin.com/in/alexander-itskovich-md-98510a103","MISSING from HeyReach","Server recorded the add, but HeyReach does not list this lead in the campaign.","moved_to_quick_message","1","","","","Alexander, I just saw your post about Montana's thesis defense and the pancreatic cancer screening program. Fascinating work, and I appreciate how you spotlight your team.

Since you mentioned the patient-voice study sounded interesting, thought you likely would be interested in this webinar on October 29th too. We have several pretty exciting upcoming oncology research efforts, and this one studies how patients cope with cancer treatment.

Please let me know if you want to meet 1:1 to discuss the other research efforts we are involved in. We would be really excited to work with Statesir Cancer Center in this important work. Thanks

https://www.linkedin.com/events/7514009104252674048/"
"Craig Schulz, MD","https://www.linkedin.com/in/craig-schulz-md-a9a84a6b","MISSING from HeyReach","Server recorded the add, but HeyReach does not list this lead in the campaign.","moved_to_quick_message","1","","","","Craig, I appreciate all you carry as Chair of Oncology at Ascension Wisconsin Columbia St. Mary's. Sure you have seen a lot over the years.

Thought you likely would be interested in this webinar on October 29th. We have several pretty exciting upcoming oncology research efforts, and this one studies how patients cope with cancer treatment.

Please let me know if you want to meet 1:1 to discuss the other research efforts we are involved in. We would be really excited to work with the Columbia St. Mary's oncology team in this important work. Thanks

https://www.linkedin.com/events/7514009104252674048/"
"Amy Smith","https://www.linkedin.com/in/amy-smith-69bb2641","MISSING from HeyReach","Server recorded the add, but HeyReach does not list this lead in the campaign.","moved_to_quick_message","1","","","","I just saw your post about Dr. Sharma and the young girl with a telomere biology disorder. A fascinating and moving read. I appreciate you sharing it.

Thought you likely would be interested in this webinar on October 29th. We have several pretty exciting upcoming oncology research efforts.

Please let me know if you want to meet 1:1 to discuss the other research efforts we are involved in. We would be really excited to work with Cleveland Clinic in this important work. Thanks

https://www.linkedin.com/events/7514009104252674048/"
"Christian Bowers","https://www.linkedin.com/in/christian-bowers-565b67bb","MISSING from HeyReach","Server recorded the add, but HeyReach does not list this lead in the campaign.","moved_to_quick_message","1","","","","I found your Neurosurgical Frailty & Outcomes Data Science Lab fascinating. Building outcomes evidence alongside a busy brain tumor and skull base practice is no small thing.

Thought you likely would be interested in this webinar on October 29th. We have several pretty exciting upcoming oncology research efforts.

Please let me know if you want to meet 1:1 to discuss the other research efforts we are involved in. We would be really excited to work with Hurley in this important work. Thanks

https://www.linkedin.com/events/7514009104252674048/"
"Babita Jyoti","https://www.linkedin.com/in/babita-jyoti-3b91ab128","MISSING from HeyReach","Server recorded the add, but HeyReach does not list this lead in the campaign.","moved_to_quick_message","1","","","","I just saw Ackerman's post about prostate cancer risk and early detection. Awesome to see that awareness push going out to the community.

Thought you likely would be interested in this webinar on October 29th. We have several pretty exciting upcoming oncology research efforts.

Please let me know if you want to meet 1:1 to discuss the other research efforts we are involved in. We would be really excited to work with Ackerman in this important work. Thanks

https://www.linkedin.com/events/7514009104252674048/"
"Antonia Corrigan","https://www.linkedin.com/in/antoniacorrigan","MISSING from HeyReach","Server recorded the add, but HeyReach does not list this lead in the campaign.","moved_to_quick_message","1","","","","I just saw the Project PINK mobile mammography bus is back at WBTV for its 10th year of free screenings. Awesome to see that kind of staying commitment to access in the Charlotte region.

Thought you likely would be interested in this webinar on October 29th. We have several pretty exciting upcoming oncology research efforts, and given your supportive oncology focus, the patient-coping piece may resonate.

Please let me know if you want to meet 1:1 to discuss the other research efforts we are involved in. We would be really excited to work with Levine in this important work. Thanks

https://www.linkedin.com/events/7514009104252674048/"
"Anjali Desai","https://www.linkedin.com/in/avvarma","MISSING from HeyReach","Server recorded the add, but HeyReach does not list this lead in the campaign.","moved_to_quick_message","1","","","","Just saw that Atlantic Health is bringing PatientGPT into the MyChart portal for personalized health guidance. Fascinating, and I appreciate how patient-facing that step is.

Thought you likely would be interested in this webinar on October 29th. We have several pretty exciting upcoming oncology research efforts. One of them looks at how patients cope with cancer treatment.

Please let me know if you want to meet 1:1 to discuss the other research efforts we are involved in. We would be really excited to work with Atlantic Health in this important work. Thanks

https://www.linkedin.com/events/7514009104252674048/"
"Jacob Keller","https://www.linkedin.com/in/jacob-keller-901618b2","MISSING from HeyReach","Server recorded the add, but HeyReach does not list this lead in the campaign.","moved_to_quick_message","1","","","","Jacob, I appreciate you pointing us to your email so we could loop in your admin. We've reached out there to find a time.

In the meantime, Duke's $650 million Cancer Center expansion is a fascinating step for cancer care in the Triangle. Thought you likely would be interested in this webinar on October 29th. We have several pretty exciting upcoming oncology research efforts, including one studying how patients cope with cancer treatment.

Please let me know if you want to meet 1:1 to discuss the other research efforts we are involved in. We would be really excited to work with Duke in this important work. Thanks

https://www.linkedin.com/events/7514009104252674048/"
"Yolanda Lopez","https://www.linkedin.com/in/ACoAAAGU8H4BbtgiY-DWKIRkOurOULn8dRUDnmw","MISSING from HeyReach","Server recorded the add, but HeyReach does not list this lead in the campaign.","moved_to_quick_message","1","","","","Yolanda, I appreciate your earlier interest in the patient feedback collaborative. Calendars just got in the way of us finding a time.

Thought you likely would be interested in this webinar on October 29th. We have several pretty exciting upcoming oncology research efforts. This one studies how patients cope with cancer treatment. It's closely tied to your survivorship work.

Please let me know if you want to meet 1:1 to discuss the other research efforts we are involved in. We would be really excited to work with Houston Methodist Sugar Land in this important work. Thanks

https://www.linkedin.com/events/7514009104252674048/"
"Stefanie Belanger, MHA, CCRP","https://www.linkedin.com/in/ACoAAAv0C5sB-6UXsBkoG9pAa6mVXXlPmP46LV4","Slot closed","Slot status: queued_as_campaign","queued_as_campaign","0","","","","Hi Stefanie, I just found the news about David Tuveson joining Duke Cancer Institute as executive director. Fascinating moment for the institute. I imagine an active one for your clinical trials office.

Thought you likely would be interested in this webinar on October 29th. We have several pretty exciting upcoming oncology research efforts.

Please let me know if you want to meet 1:1 to discuss the other research efforts we are involved in. We would be really excited to work with Duke Cancer Institute in this important work. Thanks

https://www.linkedin.com/events/7514009104252674048/"
"Lisa Maklary","https://www.linkedin.com/in/lisa-maklary-018485a5","Slot closed","Slot status: queued_as_campaign","queued_as_campaign","0","","","","Hi Lisa, I just found the Florida Weekly piece about the fear and the cost of breast cancer recurrence. Fascinating topic. It seems close to the financial and subspecialty side of care you lead every day.

Thought you likely would be interested in this webinar on October 29th. We have several pretty exciting upcoming oncology research efforts.

Please let me know if you want to meet 1:1 to discuss the other research efforts we are involved in. We would be really excited to work with Cancer Center of South Florida in this important work. Thanks

https://www.linkedin.com/events/7514009104252674048/"
"Elizabet RN","https://www.linkedin.com/in/elizabetramirez","Slot closed","Slot status: queued_as_campaign","queued_as_campaign","0","","","","Hi Elizabet, I just found the news that DHR Health Oncology Institute is part of BriaCell's expanded Phase 3 metastatic breast cancer study. Fascinating to see your site taking on trials of that scale for the Rio Grande Valley.

Thought you likely would be interested in this webinar on October 29th. We have several pretty exciting upcoming oncology research efforts.

Please let me know if you want to meet 1:1 to discuss the other research efforts we are involved in. We would be really excited to work with DHR Health Oncology Institute in this important work. Thanks

https://www.linkedin.com/events/7514009104252674048/"
"Daoud Dajani","https://www.linkedin.com/in/daoud-dajani-0808972a1","Slot closed","Slot status: queued_as_campaign","queued_as_campaign","0","","","","Dr. Dajani, found the mix of oncology and urology content in your annual meeting program fascinating. It is a strong range for GU physicians, and it fits your work directing GU oncology.

Thought you likely would be interested in this webinar on October 29th. We have several pretty exciting upcoming oncology research efforts. One is studying how patients cope with cancer treatment.

Please let me know if you want to meet 1:1 to discuss the other research efforts we are involved in. We would be really excited to work with Chesapeake Urology in this important work. Thanks

https://www.linkedin.com/events/7514009104252674048/"
"Jamie Bachman","https://www.linkedin.com/in/jamie-bachman-0347404","Slot closed","Slot status: queued_as_campaign","queued_as_campaign","0","","","","Jamie, I appreciate you sharing the AccessHope post about widening access to cancer expertise. That mission lines up closely with what our team is working on.

Thought you likely would be interested in this webinar on October 29th. We have several pretty exciting upcoming oncology research efforts. One of them studies how patients cope with cancer treatment.

Please let me know if you want to meet 1:1 to discuss the other research efforts we are involved in. We would be really excited to work with Kimmel in this important work. Thanks

https://www.linkedin.com/events/7514009104252674048/"
"Eric W. Presson, FACHE","https://www.linkedin.com/in/ericpresson","Slot closed","Slot status: queued_as_campaign","queued_as_campaign","0","","","","Eric, I appreciate you taking this to your team. No rush at all on their end.

In the meantime, thought you likely would be interested in this webinar on October 29th. We have several pretty exciting upcoming oncology research efforts. One of them studies how patients cope with cancer treatment.

Please let me know if you want to meet 1:1 to discuss the other research efforts we are involved in. We would be really excited to work with Baylor Scott & White in this important work. Thanks

https://www.linkedin.com/events/7514009104252674048/"
"Dale Shepard","https://www.linkedin.com/in/dale-shepard-abb22b66","Slot closed","Slot status: queued_as_campaign","queued_as_campaign","0","","","","Dr. Shepard, I appreciate how accessible you make your expertise. Your desmoid tumor Q&A with Smart Patients was fascinating. Leading both the Phase I and sarcoma programs is no small undertaking.

Thought you likely would be interested in this webinar on October 29th. We have several pretty exciting upcoming oncology research efforts. One is studying how patients cope with cancer treatment.

Please let me know if you want to meet 1:1 to discuss the other research efforts we are involved in. We would be really excited to work with Taussig in this important work. Thanks

https://www.linkedin.com/events/7514009104252674048/"
"Lauren Cornell","https://www.linkedin.com/in/lauren-cornell-370551330","Slot closed","Slot status: queued_as_campaign","queued_as_campaign","0","","","","Dr. Cornell, just saw your post about rethinking lifetime breast cancer risk as a dynamic assessment rather than a one-time number. Fascinating, and a strong case for more nuanced screening plans.

Thought you likely would be interested in this webinar on October 29th. We have several pretty exciting upcoming oncology research efforts. One is studying how patients cope with cancer treatment.

Please let me know if you want to meet 1:1 to discuss the other research efforts we are involved in. We would be really excited to work with the AdventHealth breast team in this important work. Thanks

https://www.linkedin.com/events/7514009104252674048/"
"Josh Parrish","https://www.linkedin.com/in/josh-parrish-619138235","Slot closed","Slot status: queued_as_campaign","queued_as_campaign","0","","","","Josh, I appreciate the work you are doing leading oncology operations across CHI Saint Joseph. There are a lot of moving parts in that role.

Thought you likely would be interested in this webinar on October 29th. We have several exciting upcoming oncology research efforts. One of them studies how patients cope with cancer treatment.

Please let me know if you want to meet 1:1 to discuss the other research efforts we are involved in. We would be really excited to work with CHI Saint Joseph in this important work. Thanks

https://www.linkedin.com/events/7514009104252674048/"
"Heather Edwards, MD FACS FRCSC","https://www.linkedin.com/in/heather-edwards-md-facs-frcsc-84393353","Slot closed","Slot status: queued_as_campaign","queued_as_campaign","0","Finished","ConnectionAccepted","MessageSent","Heather, I just saw the AJMC piece on the panel featuring BMC on advancing oncology care. Fascinating discussion, especially on access to trials.

Thought you likely would be interested in this webinar on October 29th. We have several exciting upcoming oncology research efforts. One studies how patients cope with cancer treatment.

Please let me know if you want to meet 1:1 to discuss the other research efforts we are involved in. We would be excited to work with BMC in this important work. Thanks

https://www.linkedin.com/events/7514009104252674048/"
"Karissa Britten, MD","https://www.linkedin.com/in/karissa-britten-md-4b709225","Slot closed","Slot status: queued_as_campaign","queued_as_campaign","0","","","","Karissa, I appreciate you letting me keep this in front of you. I know your clinic and trial schedule is full.

Thought you'd be interested in this webinar on October 29th. We have several exciting upcoming oncology research efforts. This one looks at how patients cope with cancer treatment. It felt close to your work as a clinical investigator.

Please let me know if you want to meet 1:1 to discuss the other research efforts we are involved in. We would be really excited to work with Cedars-Sinai Cancer in this important work. Thanks

https://www.linkedin.com/events/7514009104252674048/"
"Dr. Donoway,MD,FACS","https://www.linkedin.com/in/dr-robert-donoway-md-facs-27b756138","Slot closed","Slot status: queued_as_campaign","queued_as_campaign","0","","","","Dr. Donoway, I appreciate your earlier reply saying you'd be happy to meet. The time is still open on my end whenever it works for you. Your post about pairing chemotherapy regimens with heterologous prime-boost viral vector vaccines, especially the CarboTaxol results, was fascinating.

Thought you likely would be interested in this webinar on October 29th. We have several pretty exciting upcoming oncology research efforts.

Please let me know if you want to meet 1:1 to discuss the other research efforts we are involved in. We would be really excited to work with Atlas Oncology in this important work. Thanks

https://www.linkedin.com/events/7514009104252674048/"
"Kylie Maxwell","https://www.linkedin.com/in/kylie-maxwell-b36284183","Slot closed","Slot status: queued_as_campaign","queued_as_campaign","0","","","","Thought you likely would be interested in this webinar on October 29th. We have several pretty exciting upcoming oncology research efforts.

Please let me know if you want to meet 1:1 to discuss the other research efforts we are involved in. We would be really excited to work with AON in this important work. Thanks

https://www.linkedin.com/events/7514009104252674048/"
"Betlhem Fitsum","https://www.linkedin.com/in/betlhem-fitsum-267b47237","Slot closed","Slot status: queued_as_campaign","queued_as_campaign","0","Finished","ConnectionAccepted","MessageSent","Thanks for connecting, Betlhem. Given your background in clinical data coordination and biospecimen research, I thought you might be interested in this webinar on October 29th. We have several exciting upcoming oncology research efforts.

Let me know if you'd like to meet 1:1 to discuss the other research efforts we're involved in. We'd be excited to work with John Theurer on this important work. Thanks

https://www.linkedin.com/events/7514009104252674048/"
"Jeremy Moore, MA","https://www.linkedin.com/in/jeremy-moore-ma-4a9aa91","Slot closed","Slot status: queued_as_campaign","queued_as_campaign","0","Finished","ConnectionAccepted","MessageSent","Jeremy, translating complex cancer science into clear narratives for clinicians and advocates is fascinating work. It is exactly the challenge behind this research.

Thought you likely would be interested in this webinar on October 29th, which looks at how patients cope with cancer treatment. We have several pretty exciting upcoming oncology research efforts.

Please let me know if you want to meet 1:1 to discuss the other research efforts we are involved in. We would be really excited to work with Fox Chase in this important work. Thanks

https://www.linkedin.com/events/7514009104252674048/"
"Howard Yeh","https://www.linkedin.com/in/howard-yeh-9926a42b","Slot closed","Slot status: queued_as_campaign","queued_as_campaign","0","","","","Dr. Yeh, your path from clinical development work behind approvals like Darzalex and XGEVA into community cancer care at Beverly Hills Cancer Center is fascinating. Few people see both sides of that bridge.

Thought you likely would be interested in this webinar on October 29th, which covers how patients cope with cancer treatment. We have several pretty exciting upcoming oncology research efforts.

Please let me know if you want to meet 1:1 to discuss the other research efforts we are involved in. We would be really excited to work with Beverly Hills Cancer Center in this important work. Thanks

https://www.linkedin.com/events/7514009104252674048/"
"Brian MBA","https://www.linkedin.com/in/briansaffold","Slot closed","Slot status: queued_as_campaign","queued_as_campaign","0","","","","Brian, I found your point about redesigning care around what technology allows humans to do better fascinating. It fits exactly what we are trying to learn from patients.

I thought you would be interested in this webinar on October 29th. It looks at how patients cope with cancer treatment. We have several exciting upcoming oncology research efforts.

Please let me know if you want to meet 1:1 to discuss the other research efforts we are involved in. We would be excited to work with the Keck urology/oncology service line in this important work. Thanks

https://www.linkedin.com/events/7514009104252674048/"
"Jessica Morley","https://www.linkedin.com/in/jessica-morley-23a97454","Slot closed","Slot status: queued_as_campaign","queued_as_campaign","0","","","","Jessica, I appreciate you connecting. Leading oncology and hematology across both the Winter and Carthage centers means you see the patient experience from every angle.

I thought you would be interested in this webinar on October 29th. It covers how patients cope with cancer treatment. We have several exciting upcoming oncology research efforts.

Please let me know if you want to meet 1:1 to discuss the other research efforts we are involved in. We would be excited to work with the Winter and Carthage cancer centers in this important work. Thanks

https://www.linkedin.com/events/7514009104252674048/"
"Kristi Murray","https://www.linkedin.com/in/kristi-murray-25a80a321","Slot closed","Slot status: queued_as_campaign","queued_as_campaign","0","","","","Kristi, I saw you had a Community Focus segment on WPRI 12 featuring Dr. DiSilvestro about ovarian cancer research and prevention. It was fascinating, and clearly close to the work your Women's Oncology team supports every day.

Thought you likely would be interested in this webinar on October 29th. It looks at how patients cope with cancer treatment. We have several pretty exciting upcoming oncology research efforts.

Please let me know if you want to meet 1:1 to discuss the other research efforts we are involved in. We would be really excited to work with the Program for Women's Oncology in this important work. Thanks

https://www.linkedin.com/events/7514009104252674048/"
"Assaad Semaan","https://www.linkedin.com/in/assaad-semaan-a075013a","Slot closed","Slot status: queued_as_campaign","queued_as_campaign","0","","","","Dr. Semaan, I appreciate the work you lead in gynecologic oncology at Ascension Illinois. Patient experience during treatment is central to it.

Thought you likely would be interested in this webinar on October 29th. We have several pretty exciting upcoming oncology research efforts.

Please let me know if you want to meet 1:1 to discuss the other research efforts we are involved in. We would be really excited to work with Ascension Illinois in this important work. Thanks

https://www.linkedin.com/events/7514009104252674048/"
"Hakim Lakhani","https://www.linkedin.com/in/hakim-lakhani","Slot closed","Slot status: queued_as_campaign","queued_as_campaign","0","","","","Hakim, I appreciate your earlier interest in the collaborative. Scheduling just got away from us. Your team's work bringing Human Factors expertise and simulation into the Lavine Bekenstein Cancer Hospital design is fascinating.

Thought you likely would be interested in this webinar on October 29th. We have several pretty exciting upcoming oncology research efforts.

Please let me know if you want to meet 1:1 to discuss the other research efforts we are involved in. We would be really excited to work with Dana-Farber in this important work. Thanks

https://www.linkedin.com/events/7514009104252674048/"
"Eric Smith","https://www.linkedin.com/in/eric-smith-b049a249","Slot closed","Slot status: queued_as_campaign","queued_as_campaign","0","","","","Hi Eric, following up on my earlier note about Wisconsin's first proton therapy treatment. Building that out across a radiation oncology network is no small lift.

Thought you likely would be interested in this webinar on October 29th. We have several pretty exciting upcoming oncology research efforts. This one studies how patients cope with cancer treatment.

Please let me know if you want to meet 1:1 to discuss the other research efforts we are involved in. We would be really excited to work with Froedtert in this important work. Thanks

https://www.linkedin.com/events/7514009104252674048/"
"Anthony Martin","https://www.linkedin.com/in/anthony-martin-93a80a227","Slot closed","Slot status: queued_as_campaign","queued_as_campaign","0","","","","Hi Anthony, I found it fascinating how much PSMA PET imaging and Pluvicto have changed the planning side of prostate care. Dosimetry sits right at the center of that shift.

Thought you likely would be interested in this webinar on October 29th. We have several pretty exciting upcoming oncology research efforts. This one studies how patients cope with cancer treatment.

Please let me know if you want to meet 1:1 to discuss the other research efforts we are involved in. We would be really excited to work with Coastal Cancer Center in this important work. Thanks

https://www.linkedin.com/events/7514009104252674048/"
"Jennifer Furrer, MBA, FACHE","https://www.linkedin.com/in/jennifer-furrer-mba-fache-26213618","Slot closed","Slot status: queued_as_campaign","queued_as_campaign","0","","","","Hi Jennifer, I just saw your post about early detection being the key to survival. I appreciated the reminder. Especially coming from someone running both imaging and oncology services.

Thought you likely would be interested in this webinar on October 29th. We have several exciting upcoming oncology research efforts. This one studies how patients cope with cancer treatment.

Let me know if you want to meet 1:1 to discuss the other research efforts we are involved in. We would be really excited to work with the Ascension oncology team in this important work. Thanks

https://www.linkedin.com/events/7514009104252674048/"
"Erika MPH","https://www.linkedin.com/in/erika-rager-md-mph","Slot closed","Slot status: queued_as_campaign","queued_as_campaign","0","","","","Hi Erika, I found your work building the Well Beyond survivorship and quality of life program fascinating. Few breast programs invest that deeply in life after treatment.

Thought you likely would be interested in this webinar on October 29th. We have several pretty exciting upcoming oncology research efforts. This one studies how patients cope with cancer treatment.

Please let me know if you want to meet 1:1 to discuss the other research efforts we are involved in. We would be really excited to work with the Franciscan Indianapolis team in this important work. Thanks

https://www.linkedin.com/events/7514009104252674048/"
"Thomas LeBlanc","https://www.linkedin.com/in/tomleblancmd","Slot closed","Slot status: queued_as_campaign","queued_as_campaign","0","","","","Hi Thomas, I appreciate you taking a look at the email I sent. No rush at all. I also just saw your post about the ASCI open letter and the push for better K award pathways for clinician scientists. Fascinating read.

Thought you likely would be interested in this webinar on October 29th. We have several pretty exciting upcoming oncology research efforts. This one studies how patients cope with cancer treatment. It's close to your quality of life and patient experience work.

Please let me know if you want to meet 1:1 to discuss the other research efforts we are involved in. Or feel free to find a time on my calendar. We would be really excited to work with Duke in this important work. Thanks

https://www.linkedin.com/events/7514009104252674048/"
"Jason Ludden","https://www.linkedin.com/in/jason-l-568aaa15","Slot closed","Slot status: queued_as_campaign","queued_as_campaign","0","","","","Hi Jason, congrats on City of Hope Cancer Center Arizona being named one of Arizona's most admired companies. It's a real reflection of the operations work behind patient-centered care.

Thought you likely would be interested in this webinar on October 29th. We have several pretty exciting upcoming oncology research efforts. This one studies how patients cope with cancer treatment.

Please let me know if you want to meet 1:1 to discuss the other research efforts we are involved in. We would be really excited to work with City of Hope in this important work. Thanks

https://www.linkedin.com/events/7514009104252674048/"
"Becky Jakymec","https://www.linkedin.com/in/becky-jakymec-878b8967","Slot closed","Slot status: queued_as_campaign","queued_as_campaign","0","","","","Hi Becky, following up on my earlier note. I appreciate how much your oncology services team covers at Franciscan. From imaging through treatment.

Thought you likely would be interested in this webinar on October 29th. We have several pretty exciting upcoming oncology research efforts. This one looks at how patients cope with cancer treatment.

Please let me know if you want to meet 1:1 to discuss the other research efforts we are involved in. We would be really excited to work with Franciscan in this important work. Thanks

https://www.linkedin.com/events/7514009104252674048/"
"Cassidy Davis BSN, RN, ONN-CG, OCN","https://www.linkedin.com/in/cassidydavisrnocn","Delivered by HeyReach","","","1","Finished","ConnectionAccepted","MessageReply","Cassidy, just saw your post about the Leadership Redefined Conference. ""Not every room deserves you"" is so true. I appreciate you sharing what you took from each session.

I know we never landed on a time earlier this summer. No pressure at all. Thought you might be interested in this webinar on October 29th. We have several exciting upcoming oncology research efforts.

Let me know if you want to meet 1:1 to discuss the other research efforts we're involved in. We'd be really excited to work with Texas Oncology in this important work. Thanks

https://www.linkedin.com/events/7514009104252674048/"
"Angela Merriss","https://www.linkedin.com/in/angela-merriss-90670224a","Delivered by HeyReach","","","1","InSequence","ConnectionAccepted","MessageSent","Angela, just saw your post about kindness as a leadership superpower. The idea that compassion takes more courage than intimidation is so true. I appreciate you sharing what you're reading.

Thought you'd be interested in this webinar on October 29th. We have several exciting upcoming oncology research efforts.

Let me know if you'd want to meet 1:1 to discuss the other research efforts we're involved in. We'd be really excited to work with the Holden team in this important work. Thanks

https://www.linkedin.com/events/7514009104252674048/"
"David Stewart","https://www.linkedin.com/in/david-stewart-73a89526b","Delivered by HeyReach","","","1","InSequence","ConnectionAccepted","MessageSent","Dr. Stewart, just saw your post about Dr. Li's piece on TIL therapy. It's fascinating to see it move from an experimental concept to an FDA-approved option in advanced melanoma. I appreciate you sharing where the research may go next.

Thought you'd be interested in this webinar on October 29th. We have several exciting upcoming oncology research efforts.

Let me know if you'd want to meet 1:1 to discuss the other research efforts we're involved in. We'd be really excited to work with City of Hope Chicago in this important work. Thanks

https://www.linkedin.com/events/7514009104252674048/"
"Julie MacWilliams, LICSW","https://www.linkedin.com/in/julie-macwilliams-licsw-96279129","Delivered by HeyReach","","","1","Finished","ConnectionAccepted","MessageSent","Julie, just saw your post about the expressive arts piece in your Adolescent PHP. The idea that healing can begin with simply having a safe space to express what's happening within is so true. I appreciate you sharing it. 

Thought you likely would be interested in this webinar on October 29th. We have several pretty exciting upcoming oncology research efforts.

Please let me know if you want to meet 1:1 to discuss the other research efforts we are involved in. We would be really excited to work with Arbour Counseling in this important work. Thanks

https://www.linkedin.com/events/7514009104252674048/"
"Nancy CLT","https://www.linkedin.com/in/nancy-crenshaw-phd-maol-rn-clt-958974240","Delivered by HeyReach","","","1","Finished","ConnectionAccepted","MessageSent","Nancy, just saw your post about Dr. O'Connor's research spotlight. His point is fascinating: anything we learn about the causes of tobacco use should pay off in reduced cancer burden. I appreciate you highlighting that work.

Thought you likely would be interested in this webinar on October 29th. We have several pretty exciting upcoming oncology research efforts.

Please let me know if you want to meet 1:1 to discuss the other research efforts we are involved in. We would be really excited to work with Roswell Park in this important work. Thanks

https://www.linkedin.com/events/7514009104252674048/"
"Krista Cook","https://www.linkedin.com/in/krista-cook-2a8444247","Delivered by HeyReach","","","1","Finished","ConnectionAccepted","MessageSent","Just saw your post about ABC Academy's expansion. Building a real bridge between early intervention and the classroom for kids 5–12 is fascinating work.
 
Thought you likely would be interested in this webinar on October 29th. We have several pretty exciting upcoming research efforts. This one studies how patients and families cope with treatment.

Please let me know if you want to meet 1:1 to discuss the other research efforts we are involved in. We would be really excited to work with your ABC team in this important work. I appreciate your time. Thanks

https://www.linkedin.com/events/7514009104252674048/"
"Raman Krimpuri","https://www.linkedin.com/in/raman-krimpuri-5b1122250","Delivered by HeyReach","","","1","InSequence","ConnectionAccepted","MessageSent","Found that Portage Path is hiring for the CCBHC SAMHSA grant work. That's awesome news for expanding access to care in Akron. 

Thought you likely would be interested in this webinar on October 29th. We have several pretty exciting upcoming research efforts. This one studies how patients cope with treatment.

Please let me know if you want to meet 1:1 to discuss the other research efforts we are involved in. We would be really excited to work with Portage Path in this important work. I appreciate your time. Thanks

https://www.linkedin.com/events/7514009104252674048/"
"Luming Li, MD, MHS, FACHE, FAPA, ACC","https://www.linkedin.com/in/luming-li","Delivered by HeyReach","","","1","Finished","ConnectionAccepted","MessageSent","Just saw your post celebrating the team's Suicide Safe Care Center designation. Becoming one of only three in Texas is awesome. The Zero Suicide outcomes behind it are fascinating. 

Thought you likely would be interested in this webinar on October 29th. We have several pretty exciting upcoming research efforts. This one studies how patients cope with treatment.

Please let me know if you want to meet 1:1 to discuss the other research efforts we are involved in. We would be really excited to work with The Harris Center in this important work. I appreciate your time. Thanks

https://www.linkedin.com/events/7514009104252674048/"
"Vinayak Venkataraman MD","https://www.linkedin.com/in/drvinayakv","Delivered by HeyReach","","","1","InSequence","ConnectionAccepted","MessageSent","Just saw your post about the Cancer Institute/Eversource 5K. Running alongside patients and their families as a reminder of why this work matters is awesome. I appreciate you sharing Natasha's story.

Thought you likely would be interested in this webinar on October 29th. We have several pretty exciting upcoming oncology research efforts. This one studies how patients cope with cancer treatment. It is especially relevant to your AYA and sarcoma work.

Please let me know if you want to meet 1:1 to discuss the other research efforts we are involved in. We would be really excited to work with the MGB Sarcoma Program in this important work. Thanks

https://www.linkedin.com/events/7514009104252674048/"
"Joanna Pucilowska","https://www.linkedin.com/in/joanna-pucilowska-18b04631","Delivered by HeyReach","","","1","InSequence","ConnectionAccepted","MessageSent","Just saw your post about cutting that 25-marker project from six weeks to under two with COMET. Getting spatial data back in days to inform patient care is fascinating.

Thought you likely would be interested in this webinar on October 29th. We have several pretty exciting upcoming oncology research efforts. This one studies how patients cope with cancer treatment.

Please let me know if you want to meet 1:1 to discuss the other research efforts we are involved in. We would be really excited to work with Knight Diagnostic Labs in this important work. I appreciate your time. Thanks

https://www.linkedin.com/events/7514009104252674048/"
"Ryan Langan, LMHC, MA, AT","https://www.linkedin.com/in/ryan-langan-lmhc-ma-at-14547b31","Delivered by HeyReach","","","1","InSequence","ConnectionAccepted","MessageSent","Just saw your post about building the Plymouth team, Ryan. The part about believing in newer clinicians while they find their way really resonated.

Thought you likely would be interested in this webinar on October 29th. We have several pretty exciting upcoming research efforts. This one studies how patients cope with treatment.

Please let me know if you want to meet 1:1 to discuss the other research efforts we are involved in. We would be really excited to work with your Plymouth team in this important work. I appreciate your time. Thanks

https://www.linkedin.com/events/7514009104252674048/ "
"Stacey Bailey","https://www.linkedin.com/in/stacey-bailey-20199229","Delivered by HeyReach","","","1","Finished","ConnectionAccepted","MessageSent","Just saw that UF Health St. Johns is partnering with JU's new medical school. That's a big deal for clinical training in the area, and fun to see your primary care teams part of it."
"Mark Masselli","https://www.linkedin.com/in/mark-masselli","Delivered by HeyReach","","","1","Finished","ConnectionAccepted","MessageReply","Just saw your 17th anniversary episode with Bohrer and Hunt. That stat, 1 in 3 rural Americans relying on community health centers, says everything. 17 years of these conversations, congrats Mark."
"Lauren Perryman, LCSW, CADAC-V","https://www.linkedin.com/in/lauren-perryman-lcsw-cadac-v-6017b0264","Delivered by HeyReach","","","1","Finished","ConnectionAccepted","MessageReply","Just saw LifeSpring landed $1.65 million in grant funding. That is big, and it is going to reach a lot of people who need it. Congrats to you and the team!"
"Maen Hussein","https://www.linkedin.com/in/maen-hussein-39b3b723b","Delivered by HeyReach","1 duplicate pending slot(s) also exist.","pending","1","Finished","ConnectionAccepted","MessageSent","Just saw the Ezabenlimab data from ASCO GI. Exciting progress on colorectal options. We're inviting select practices into a biopharma initiative on the patient experience in cancer care."
"Abby Irvine","https://www.linkedin.com/in/abby-irvine-4015b43","Delivered by HeyReach","","","1","Finished","ConnectionAccepted","MessageSent","Just saw UChicago Medicine wrapped construction on the new Cancer Pavilion. What a milestone for your cancer patients, and for your team. Congrats Abby, you all have earned this one."
"W. Clay Jackson","https://www.linkedin.com/in/w-clay-jackson-9385b134","Delivered by HeyReach","","","1","Finished","ConnectionAccepted","MessageSent","Just saw your post about Dr. Sareen joining West. Love the line about cancer losing one patient at a time. Great to see that kind of momentum in the MidSouth."
"Jacob Ruff","https://www.linkedin.com/in/jacob-ruff-7333b92b6","Delivered by HeyReach","","","1","Finished","ConnectionAccepted","MessageReply","Just saw your post on the ATS plain-text test. Such a simple fix, and generous of you to share it while you are in the thick of your own search. Hoping the right role lands soon."
"Henriette Balinda, MSc., Ph.D.","https://www.linkedin.com/in/henriette-uwimpuhwe","Delivered by HeyReach","","","1","Finished","ConnectionAccepted","MessageSent","Just saw your post ahead of Dr. Bankas' sickle cell talk. The point on early diagnosis and access to care is so important given the burden across Africa. Thanks for getting that out there."
"Kacie Chase","https://www.linkedin.com/in/kacie-chase-7600ab3b","Delivered by HeyReach","","","1","Finished","ConnectionAccepted","MessageSent","Just saw the piece on LifeSpring's CCBHC model cutting hospitalizations and incarcerations. Huge win for the field and right in line with the crisis work you have been driving. Congrats!"
"Hussein Samji","https://www.linkedin.com/in/husseinsamji","Delivered by HeyReach","","","1","Finished","ConnectionAccepted","MessageSent","Just saw BASS honored Dr. Tarannum Guller for Women in Medicine Month. Really nice to see your team celebrate her like that. Hope things are going well on your end!"
"Farah Mokhtareizadeh","https://www.linkedin.com/in/farahmokhtarei","Delivered by HeyReach","","","1","Finished","ConnectionAccepted","MessageReply","Just saw your post about Hazem's visa refusal. That line about the war not breaking his spirit is heartbreaking. Thank you for advocating for him, really hoping it gets reconsidered."
"Laura Muñoz","https://www.linkedin.com/in/laura-muñoz-0aaa71368","Delivered by HeyReach","","","1","Finished","ConnectionAccepted","MessageSent","Just saw UW Carbone earned certification for CAR T-cell therapy for lymphoma. That is a big deal for patients across Wisconsin. Congrats to you and the team, Laura."
"Itzia Cruz","https://www.linkedin.com/in/itzia-cruz-4b4662389","Delivered by HeyReach","","","1","Finished","ConnectionAccepted","MessageSent","Just saw Horizon is moving ahead with the 69-bed recovery center in Burlingame. That is a big step for treatment access in the county. Congrats to you and the team, Itzia."
"Gina Davis","https://www.linkedin.com/in/gina-davis-b4a0693a7","Delivered by HeyReach","","queued_as_campaign","1","Finished","ConnectionAccepted","MessageSent","Just saw the story about Hennepin's hospital-based legal aid helping a grandmother gain custody. Such a powerful example of care going beyond medicine. Thank you for the work you and your team do, Gina."
"Anil Lal","https://www.linkedin.com/in/anillalmbbs","Delivered by HeyReach","","","1","Finished","ConnectionAccepted","MessageSent","Just saw your post on Dr. Weichselbaum's TET2 findings. Fascinating that inhibiting it could restore CD8+ T cell immunity and improve radiotherapy response. Thanks for putting that in front of us, Anil."
"Christin RN","https://www.linkedin.com/in/christinlockebrown","Delivered by HeyReach","1 duplicate pending slot(s) also exist.","pending","1","Finished","ConnectionAccepted","MessageReply","Just saw your post about Night of Chocolate, Christin. Love that the proceeds go to the Cancer Support Community. That kind of partnership says a lot about how you all show up for patients."
"Michael S. Butchko, Ph.D., LP","https://www.linkedin.com/in/michael-s-butchko-ph-d-lp-b73a3150","Delivered by HeyReach","","","1","Finished","ConnectionAccepted","MessageSent","Just saw The Emily Program's discussion on weight stigma and eating disorders, Michael. So glad your team is shining a light on that one. Thank you for the work you all are doing."
"Lori Libel , LSCSW, LCAC, CMQ/OE","https://www.linkedin.com/in/libellscsw","Delivered by HeyReach","","","1","Finished","ConnectionAccepted","MessageSent","Hi Lori, thanks again for connecting. Just saw the news about the new Crisis Intervention Center in Girard. Having that kind of access close to home is huge for the community. Congrats to the team."
"Chad Crane","https://www.linkedin.com/in/chad-crane-81167758","Delivered by HeyReach","","","1","Finished","ConnectionAccepted","MessageSent","Chad, just saw your ACS Day at the Ballpark post. Sharing that with your son, plus 4,500 tickets sold, is awesome. Congrats on being a top seller, and what a comeback by the Cards."
"Karolina Coffin","https://www.linkedin.com/in/karolina-coffin-1601445a","Delivered by HeyReach","","","1","Finished","ConnectionAccepted","MessageSent","Hi Karolina, thanks again for connecting. Just saw Lake Forest Hospital ranked among the nation's best. You leading oncology across five sites is a big part of that. Congrats to you and the team."
"James J. Drake","https://www.linkedin.com/in/jjamesdrake","Delivered by HeyReach","","","1","Finished","ConnectionAccepted","MessageSent","James, just saw your shadow AI post. The 'make the compliant path the easiest path' line is so true, and access friction being the real driver is what most folks miss. Thanks for writing it."
"Nicole Lowry","https://www.linkedin.com/in/nicole-lowry-43b29065","Delivered by HeyReach","","","1","Finished","ConnectionAccepted","MessageSent","Hi Nicole, thanks for connecting! Just saw Greenbrook opened the new Center of Excellence in Rockville. Getting care in front of more people who need it is a real win. Congrats to you and the team."
"Brendan Guarino, Psy.D.","https://www.linkedin.com/in/brendan-guarino-psy-d-89340b69","Delivered by HeyReach","","","1","Finished","ConnectionAccepted","MessageSent","Just saw your post welcoming first responders and their families to the Wellness at the Frontlines series. Covering everything from mental health to podiatry is such a needed resource. Grateful you are doing that work."
"Desserie Morgan","https://www.linkedin.com/in/desserie-morgan-36247378","Delivered by HeyReach","","","1","Finished","ConnectionAccepted","MessageReply","Just saw your post on the Maimonides 9/11 remembrance. Retiring the flag and raising a new one together as one hospital family says everything about what community really means. Thank you for sharing it."
"Lauren MS","https://www.linkedin.com/in/lauren-wampole-ms","Delivered by HeyReach","","","1","Finished","ConnectionAccepted","MessageSent","Just saw that OneOncology is acquiring United Urology Group. Big growth move, and I imagine an interesting one to operationalize on the regional side. Congrats to you and the team."
"Tim Becker, MBA","https://www.linkedin.com/in/tim-becker-mba-9693619","Delivered by HeyReach","","","1","Finished","ConnectionAccepted","MessageSent","Just saw that Hope Network acquired Developmental Enhancement to expand autism services. That is a big step forward for the families you serve. Congrats to you and the team."
"Tammy Chambers","https://www.linkedin.com/in/tammy-chambers-199831a","Delivered by HeyReach","","","1","Finished","ConnectionAccepted","MessageSent","Just saw the AJMC piece featuring Dr. Ray Page on diversity in clinical trials. So glad that conversation is finally getting traction, and great to see your team out front on it. Thanks for the work you all are doing there."
"Angie MBA","https://www.linkedin.com/in/angie-crawford-rn-mba-59094392","Delivered by HeyReach","","","1","Finished","ConnectionAccepted","MessageSent","Just saw that Nexus Children's Hospital in Dallas raised $9.67 million through the DST. That is a serious vote of confidence in your team. Congrats to you and everyone there."
"Kevin Cornelius","https://www.linkedin.com/in/kevin-cornelius-6991751","Delivered by HeyReach","","","1","Finished","ConnectionAccepted","MessageSent","Just saw your post about the live session with David Burns and Jill Levitt. Watching TEAM-CBT unfold in real time is such a gift for therapists. Thanks for passing that along, Kevin."
"LeVar Nero","https://www.linkedin.com/in/levar-nero-5aa1409b","Delivered by HeyReach","","","1","Finished","ConnectionAccepted","MessageReply","Just saw New Horizon landed the only Clubhouse program in Suffolk County. That is a big win for the folks you serve out there. Congrats, LeVar!"
"Chris Chantler, DNP, RN, NE-BC, CPHQ","https://www.linkedin.com/in/chris-chantler","Delivered by HeyReach","","","1","Finished","ConnectionAccepted","MessageSent","Just saw the piece on Dr. Harold Freeman's legacy at Harlem Hospital. What he built for cancer care equity still shapes the work happening there. Grateful for what your teams keep carrying forward, Chris."
"Christie LCSW","https://www.linkedin.com/in/christie-ristori-lcsw-29434ba9","Delivered by HeyReach","","","1","Finished","ConnectionAccepted","MessageSent","Just saw RiseWell made the Bronx Power List. Well deserved given the mobile teams your clinicians are running out in the community. Congrats, Christie!"
"Matt Landis","https://www.linkedin.com/in/matt-landis-89b13712","Delivered by HeyReach","","","1","Finished","ConnectionAccepted","MessageSent","Just saw that Fremont County proclaimed September Suicide Prevention Month and highlighted Solvista's trainings. That kind of community recognition says a lot about your team. Congrats, Matt."
"Craig Miller, FACHE","https://www.linkedin.com/in/craig-miller-fache","Delivered by HeyReach","","","1","Finished","ConnectionAccepted","MessageSent","Just saw your post about Secretary Greenstein's visit to Shreveport. Expanding pediatric urgent care access for families across North Louisiana is real progress. Thanks for sharing it, Craig."
"Scott Lyons, PA-C, MBA","https://www.linkedin.com/in/scott-lyons-pa-c-mba-a27aab112","Delivered by HeyReach","1 duplicate pending slot(s) also exist.","pending","1","Finished","ConnectionAccepted","MessageSent","Scott, just saw the Downstate study on amputation risk disparities. Really important work, and pretty close to what you see day to day in ortho and trauma. Glad that research is coming out of Brooklyn."
"Thomas Harris","https://www.linkedin.com/in/thomas-harris-9b082511b","Delivered by HeyReach","","","1","Finished","ConnectionAccepted","MessageSent","Thomas, just saw Greenbrook opened the new Center of Excellence in Rockville. Standing up a new site takes real operational muscle, so congrats to you and the team. Great step for access to TMS care."
"Stacey Collier","https://www.linkedin.com/in/ACoAAB4BAcsBf7X_jYmC-XAUY-ugevgQjlxMVDM","Delivered by HeyReach","","","1","Finished","ConnectionAccepted","MessageSent","Stacey, just saw LifeSpring landed $1.65M in grant funding. That's great news, and it says a lot about the work your teams are doing across southern Indiana. Congrats to you and everyone there."
"Jim Wescott  MS, RN","https://www.linkedin.com/in/jim-wescott-ms-rn-65129a125","Delivered by HeyReach","","","1","Finished","ConnectionAccepted","MessageSent","Jim, just saw your post on the Netsmart partnership. Giving your clinicians more connected tools while keeping 24/7 walk-in access fast is no small thing. Congrats, and thanks for pushing access forward."
"Angel Parker-Heffner MSN APRN FNP-C CNML CPHON","https://www.linkedin.com/in/angel-parker-heffner-msn-aprn-fnp-c-cnml-cphon-a24580125","Delivered by HeyReach","","","1","Failed","ConnectionAccepted","MessageSent","Angel, just saw that Regional One's $1B Memphis campus expansion is moving forward. What a milestone, and a big deal for the patients and community you serve. Congrats to you and your operations team."
"Michelle MD","https://www.linkedin.com/in/michelle-forbes-md","Delivered by HeyReach","","","1","Finished","ConnectionAccepted","MessageSent","Michelle, just noticed you're now leading Value Based Care Operations at Catalyst. Congrats! Aligning payers and providers around primary care is hard work, and North Texas is lucky to have you on it."
"Joseph Pilla, MA","https://www.linkedin.com/in/joseph-pilla-ma-123182133","Delivered by HeyReach","","","1","Finished","ConnectionAccepted","MessageSent","Just saw RiseWell made the Bronx Power List. Great recognition for the org, and for the outreach work behind it. Congrats, Joseph."
"Allison McCabe, LCSW","https://www.linkedin.com/in/allison-mccabe-lcsw-193a38134","Delivered by HeyReach","","","1","Finished","ConnectionAccepted","MessageSent","Just saw Pasadena Villa Outpatient earned Joint Commission accreditation. Big milestone, and it says a lot about the standards your clinical team holds. Congrats, Allison."
"Kim Henderson","https://www.linkedin.com/in/kim-henderson-28266317","Delivered by HeyReach","","","1","Finished","ConnectionAccepted","MessageSent","Just saw your post on the Veterans Wall unveiling at Presbyterian. Twenty-five years on, marking service that way means a lot. Thank you for helping bring it to life, Kim."
"Gabriela S.","https://www.linkedin.com/in/gabriela-s-gaeta","Delivered by HeyReach","","","1","Finished","ConnectionAccepted","MessageSent","Just saw the story on Joseph Zolper and the mental health work at Road Home Program. Really moving to see that kind of impact get the spotlight. Thanks for all you do there, Gabriela."
"Micah Sneed","https://www.linkedin.com/in/micah-sneed-944262147","Delivered by HeyReach","1 duplicate pending slot(s) also exist.","pending","1","Finished","ConnectionAccepted","MessageSent","Just saw that Cheyenne Regional Cancer Center offers free wigs to patients. Such a kind thing to have waiting for someone mid treatment. Nice work, Micah."
"Aaron Chrisman","https://www.linkedin.com/in/aaron-chrisman-a053b618","Delivered by HeyReach","","","1","Finished","ConnectionAccepted","MessageSent","Just came across how OneOncology's clinical pathways are guided by 12 disease group councils. That much specialty input at scale is exciting to see. Great work, Aaron."
"Stuart Tenney","https://www.linkedin.com/in/srtenney","Delivered by HeyReach","1 duplicate pending slot(s) also exist.","pending","1","Finished","ConnectionAccepted","MessageReply","Just saw your post on the SRAI Lifecycle Summit. Letting people build their own learning journey by role is so true to how research admin actually works. Thanks for putting that out there, Stuart."
"Heeteak Chung","https://www.linkedin.com/in/heeteakchung","Delivered by HeyReach","","","1","Finished","ConnectionAccepted","MessageSent","Just saw New York's new CBCT testing and accreditation rules are now in effect. That 2028 deadline is a lot for practices to plan around. Bet your team is fielding plenty of questions."
"Kamal Jethwani","https://www.linkedin.com/in/kamal-jethwani","Delivered by HeyReach","","","1","Finished","ConnectionAccepted","MessageSent","Just saw your weekly roundup. Oura going after healthcare post-IPO plus OpenEvidence and MSK on oncology in the same week is a lot. Always appreciate how you frame these shifts."
"Terence Pierce","https://www.linkedin.com/in/terence-pierce-4b1234216","Delivered by HeyReach","1 duplicate pending slot(s) also exist.","pending","1","Finished","ConnectionAccepted","MessageSent","Just saw Jeff Hunnicutt on the Practice at the Speed of Innovation podcast. Great to see HOG and AI-ready oncology getting that kind of spotlight. Congrats to you and the team."
"Arvind Ravinutala, MD","https://www.linkedin.com/in/arvind-ravinutala-md-422ba026","Delivered by HeyReach","","","1","Finished","ConnectionAccepted","MessageSent","Just saw Adventist Health went live on Epic across 27 hospitals with AI built right in. Knowing you helped lead that migration as super-user, that has to feel great. Congrats!"
"Eric Fish MD, MBA","https://www.linkedin.com/in/eric-fish-md-mba-61828637","Delivered by HeyReach","","","1","Finished","ConnectionAccepted","MessageSent","Eric, just saw Schneck earned its fifth Magnet designation along with the Forbes 5-star rating. Five in a row is really hard to do. Congrats to you and your nursing teams, thanks for setting that bar."
"Andrew Palmisano","https://www.linkedin.com/in/andrew-palmisano-8b152238","Delivered by HeyReach","","","1","Finished","ConnectionAccepted","MessageSent","Dr. Palmisano, just saw the post about the first cases with the PCK Metaphyseal Cones. Being trusted with revisions that complex is no small thing. Congrats, and thanks for the work you do for those patients."
"John Hickey, MPA, CMPE","https://www.linkedin.com/in/johnhickeycmpe","Delivered by HeyReach","","","1","Failed","ConnectionAccepted","MessageReply","John, just saw that Gastroenterology Associates brought in the GI Genius AI system for colonoscopies. That is a great leap forward for your patients. Congrats to you and the team, thanks for pushing that."
"Ryan West","https://www.linkedin.com/in/ryan-west-834b904","Delivered by HeyReach","","","1","Finished","ConnectionAccepted","MessageSent","Ryan, just saw that the Duly Charitable Fund gave over $410,000 to 40 nonprofits last year. That is real impact in the community, and grateful for the example your team sets. Congrats to all of you."
"Joe Kalkman","https://www.linkedin.com/in/joekalkman","Delivered by HeyReach","","","1","Finished","ConnectionAccepted","MessageSent","Just saw your post about that 9/11 morning at Northwest Airlines and the lessons you carried into COVID. Knowing what you stand for and trusting your team when the answers aren't there yet is such a real one. Thanks for sharing it."
"Joseph MD","https://www.linkedin.com/in/joseph-gondusky-md","Delivered by HeyReach","","","1","Finished","ConnectionAccepted","MessageSent","Just saw your post about being named a 2026 Coastal Virginia Top Doc, congrats! Getting people back to doing what they love is the whole point, and clearly your patients feel it. Well deserved."
"Maria C. Marucci","https://www.linkedin.com/in/mariacmarucci","MISSING from HeyReach","Server recorded the add, but HeyReach does not list this lead in the campaign.","","1","","","","Just saw your post about the workaholic label. That line about founders needing to be at least a little obsessed made me smile, and it rings pretty true. Thanks for sharing it."
"Sotirios Bisdas","https://www.linkedin.com/in/sotirios-bisdas","Delivered by HeyReach","","","1","Finished","ConnectionAccepted","MessageSent","Just saw your post about guest editing the Cancers special issue on imaging AI in glioma workflows. Real world deployment is the hard part, so glad someone is pushing that conversation forward. Congrats, and thanks for sharing it."
"Neeraj Desai MD MBA FCCP FACP DAABIP","https://www.linkedin.com/in/neeraj-desai-md-mba-fccp-facp-daabip-95b7497","Delivered by HeyReach","","","1","Finished","ConnectionAccepted","MessageSent","Just saw your post on the 5th Annual Lung Nodule Symposium. Screening eligibility and adherence is exactly the gap that needs attention, and pairing it with incidental nodules and biomarkers makes for a strong lineup. Thanks for putting it out there."
"Jen Connelly-Rosati","https://www.linkedin.com/in/jen-connelly-rosati-579a926b","Delivered by HeyReach","","","1","Finished","ConnectionAccepted","MessageSent","Just saw your post about Sarasota Memorial planning ahead for Manatee County's growth. Thanks for sharing it. Great to see that kind of long view on access. Exciting stretch ahead for your team!"
"Joe Gavan","https://www.linkedin.com/in/joseph-p-gavan","Delivered by HeyReach","","","1","Finished","ConnectionAccepted","MessageSent","Just saw the mobile clinic has passed 900 patients since launch. That is access showing up right where people need it. Congrats to you and the team, Joe!"
"J.P. Gallagher","https://www.linkedin.com/in/j-p-gallagher-50878175","Delivered by HeyReach","","","1","Finished","ConnectionAccepted","MessageSent","Just saw your post about the Fillmore Laundry Services visit. 220 jobs and real impact in West Lawndale really is a proud day for Chicago. Thanks for sharing it!"
"Grant Schmidt","https://www.linkedin.com/in/grantedwardschmidt","Delivered by HeyReach","","","1","Finished","ConnectionAccepted","MessageSent","Just saw QualDerm is rolling out AI scheduling across all 160 practices in 17 states. That is a big lift and a real leap for the industry. Congrats to you and the team, Grant!"
"Jonathan Willms DO, MS, MHA, FACOG","https://www.linkedin.com/in/jonathan-willms-do-ms-mha-facog-09769aaa","Delivered by HeyReach","","","1","Finished","ConnectionAccepted","MessageSent","Just saw your post on the new Sun Life campus. Primary care, pediatrics, and OB/GYN under one roof for a growing region is real progress. Thanks for sharing it, congrats to you and the team!"
"Dan McCarthy","https://www.linkedin.com/in/danmccarthy2","Delivered by HeyReach","","","1","Finished","ConnectionAccepted","MessageSent","Just saw Praxis locked in your 2027 insurance network early. Really proactive in a shaky market, and a big win for your patients. Congrats to you and the team, Dan!"
"Martha MBA","https://www.linkedin.com/in/marthabuckley-md-mba","Delivered by HeyReach","","","1","Finished","ConnectionAccepted","MessageSent","Just saw your post congratulating Dr. Trout on the MDVIP award. Your point about listening deeply and knowing what matters most to each patient is spot on. Great to see him recognized."
"Rajiv Patel, MD, MBA, FACP","https://www.linkedin.com/in/rajiv-patel-md-mba-facp-ba944411","Delivered by HeyReach","","","1","Finished","ConnectionAccepted","MessageSent","Just saw Centene named Bradley Bolivar as CIO. Big moment for the tech side of your transformation work, exciting to watch what you two build. Congrats on the momentum, Rajiv."
"W. Byrd","https://www.linkedin.com/in/w-brian-byrd-a7b17214","Delivered by HeyReach","","","1","Finished","ConnectionAccepted","MessageSent","Just saw your post on measles. The immune system reset piece is something most people have never heard and it really needed saying. Thank you for putting it out there so plainly."
"Joseph Hofmeister","https://www.linkedin.com/in/drjosephhofmeister","Delivered by HeyReach","1 duplicate pending slot(s) also exist.","pending","1","Finished","ConnectionAccepted","MessageSent","Just saw your post thanking the behind-the-scenes team in cancer care. That line about the work being felt even when it isn't in the spotlight really rings true. Thanks for saying it, Joseph."
"Ashish Deshmukh","https://www.linkedin.com/in/ashish-deshmukh-5741361a","Delivered by HeyReach","","","1","Finished","ConnectionAccepted","MessageSent","Just saw the news about MUSC proposing a $1 billion cancer hospital. Huge step for cancer care in South Carolina, and great timing for the prevention work you lead at Hollings."
"Omar Yousif","https://www.linkedin.com/in/omar-yousif-fhcsd","Delivered by HeyReach","","","1","Finished","ConnectionAccepted","MessageSent","Just saw that Family Health Centers hosted the East County Health Fair with Blue Shield. Love seeing community health show up that way. Thanks for all you and your team do, Omar."
"Amee Lancaster","https://www.linkedin.com/in/amee-lancaster-67055022","Delivered by HeyReach","","","1","Finished","ConnectionAccepted","MessageSent","Just saw your post about Indiana Women in Tech Week. Love that you keep showing up for it and building pathways for the next generation. Thanks for doing that, Amee."
"Jennifer Donahue","https://www.linkedin.com/in/jennifer-donahue-78a6031b7","Delivered by HeyReach","","","1","Finished","ConnectionAccepted","MessageSent","Just saw UnitedHealth is putting nearly $1.5B into AI at Optum Insight. Huge move, and with your background in patient experience I bet you have a front row seat. Exciting to watch, Jennifer."
"Bryan Ellis","https://www.linkedin.com/in/bryan-ellis-b670a727","Delivered by HeyReach","","","1","Finished","ConnectionAccepted","MessageSent","Just saw TriHealth is using AI in patient rooms to catch falls earlier. Really cool step forward, and great to see your system leading on it. Thanks for the work you all do, Dr. Ellis."
"Lais Heideman","https://www.linkedin.com/in/laisheideman","Delivered by HeyReach","","","1","Failed","ConnectionAccepted","MessageReply","Just saw UnityPoint Grinnell brought urology services back through the partnership with Urology Center of Iowa. Getting that care back into a rural community is a big deal. Congrats, Lais."
"Robert Beaudry","https://www.linkedin.com/in/beaudry","Delivered by HeyReach","","","1","Failed","ConnectionAccepted","MessageSent","Just read your post about your mom and expectations. ""That's not cynicism, it's freedom"" is so true. Thanks for sharing something that real, Robert."
"Edjah Nduom","https://www.linkedin.com/in/edjah-nduom-b8592230","Delivered by HeyReach","","","1","Finished","ConnectionAccepted","MessageSent","Just saw NBTS named its first Neuro-Oncology Research Fellow at Winship. Great step for training brain tumor researchers. Still saving a spot for Winship in our biopharma patient experience study."
"Joel MS","https://www.linkedin.com/in/lavelajoel","Delivered by HeyReach","","","1","Finished","ConnectionAccepted","MessageSent","Saw GW Medical Faculty Associates' oncology group joined Maryland Oncology Hematology. Big win for trial access across the DMV. Congrats! Our biopharma patient initiative is expanding too."
"Brian Burke","https://www.linkedin.com/in/brian-burke-1662a5261","Delivered by HeyReach","1 duplicate pending slot(s) also exist.","pending","1","Finished","ConnectionAccepted","MessageSent","Just saw your post on Dr. Fung's Healthcare Leadership Award, Brian. So well deserved. We're also opening a biopharma patient experience initiative to a few practices, tech included."
"Edward LSSBB","https://www.linkedin.com/in/edward-daduya","Delivered by HeyReach","","","1","Finished","ConnectionAccepted","MessageSent","Just saw your post on showing belief before someone sees it in themselves. Giving people a real problem to own, so true. We're expanding a biopharma patient experience initiative, tech included."
"Starla May","https://www.linkedin.com/in/starla-may-45b35a297","Delivered by HeyReach","1 duplicate pending slot(s) also exist.","pending","1","Finished","ConnectionAccepted","MessageSent","Just saw Clearview's new 54,000 sq ft facility is on track to open Jan 4. Big milestone for your patients. We're expanding a biopharma initiative on the patient experience, tech included."
"Bobby Liaw","https://www.linkedin.com/in/bobby-liaw-9333a736","Delivered by HeyReach","","queued_as_campaign","1","Finished","ConnectionAccepted","MessageSent","Just saw the coverage on rising advanced prostate cancer incidence with Mount Sinai expertise. Right in your wheelhouse. We're expanding a biopharma initiative on the patient experience, tech included."
"Andrew FSSO","https://www.linkedin.com/in/andrew-francis-ms-md-fsso-71a069301","Delivered by HeyReach","","","1","Finished","ConnectionAccepted","MessageSent","Just read about your surgical oncology work at CCNW and your research on disparities in cancer outcomes. Really great. We're expanding a biopharma initiative on the patient experience, tech included."
"Paul Ehrlichman","https://www.linkedin.com/in/paul-ehrlichman-921698321","Delivered by HeyReach","1 duplicate pending slot(s) also exist.","pending","1","Finished","ConnectionAccepted","MessageSent","Just saw UPMC Hillman landed the $150K Changemaker Grant for appendix cancer research. So meaningful. We're opening a few spots in a biopharma initiative on the patient experience, tech included."
"Nathan Jones, MD","https://www.linkedin.com/in/nathan-jones-md-bb7288339","Delivered by HeyReach","","queued_as_campaign","1","Finished","ConnectionAccepted","MessageSent","Just saw City of Hope Atlanta helped trial Rasonque for pancreatic cancer. Huge for patients. We're adding a few practices to a biopharma initiative on patient experience, tech included."
"Deb Iselo","https://www.linkedin.com/in/deb-iselo-72576b40","Delivered by HeyReach","","","1","Finished","ConnectionAccepted","MessageSent","Just saw Upstate Cancer Center is presenting the Crunch's Pink in the Rink this year. Such a great cause. We're inviting select practices into a biopharma patient experience study, PRO included."
"David Gill","https://www.linkedin.com/in/david-gill-0254953a7","Delivered by HeyReach","","queued_as_campaign","1","Finished","ConnectionAccepted","MessageSent","Just saw Intermountain is bringing in GE's AI-powered MRI for oncology. Cool leap. We're inviting select practices into a biopharma patient experience study, PRO tech included. Thought of you, David."
"Angela ROCN","https://www.linkedin.com/in/angela-geistkemper-bsn-rn-ocn-rocn-83b167402","Delivered by HeyReach","","","1","Finished","ConnectionAccepted","MessageSent","Love how your virtual care work makes it easier for patients to ask the right questions. We're inviting select practices into a biopharma patient experience study, PRO tech included. Thought of you."
"Beth Dyer","https://www.linkedin.com/in/beth-dyer-9527ab4a","Delivered by HeyReach","","","1","Finished","ConnectionAccepted","MessageSent","Just saw Tennessee Oncology earned the first community FACT IEC accreditation. Huge for cell therapy access. We're inviting select practices into a biopharma patient experience study, PRO included."
"Aramis DBA","https://www.linkedin.com/in/aramis-cordero-dba-348b9150","Delivered by HeyReach","1 duplicate pending slot(s) also exist.","pending","1","Finished","ConnectionAccepted","MessageSent","Just saw Cancer Care Associates of York expanded with Johns Hopkins and WellSpan. Huge for patients there. We're inviting select practices into a biopharma patient experience study, PRO tech included."
"Karma Kreizenbeck","https://www.linkedin.com/in/karma-kreizenbeck-91a3526","Delivered by HeyReach","1 duplicate pending slot(s) also exist.","pending","1","Finished","ConnectionAccepted","MessageSent","Grateful for the Hope in Action theme at this year's Value in Cancer Care Summit. Really needed right now. We're inviting select practices into a biopharma patient experience study, PRO tech included."
"Barbara Schmidtman, Ph.D., FACHE, FACCC, CNMT","https://www.linkedin.com/in/barbara-schmidtman-ph-d-fache-faccc-cnmt-a13b935a","Delivered by HeyReach","1 duplicate pending slot(s) also exist.","pending","1","Finished","ConnectionAccepted","MessageSent","Just saw your post on the mobile mammography bus. Taking 3D screening straight to Michigan communities is wonderful. We're inviting a few practices into a biopharma patient experience study."
"Jodi Conachen","https://www.linkedin.com/in/jodi-conachen","Delivered by HeyReach","","","1","Finished","ConnectionAccepted","MessageSent","Just saw Mary Bird Perkins added a Regional VP for Louisiana East. Sounds like real momentum. We're also expanding a biopharma patient experience study to a few practices, tech included."
"Teresa NEA-BC","https://www.linkedin.com/in/teresa-e-giamboy-dnp-mba-msn-crnp-nea-bc-39b49163","Delivered by HeyReach","1 duplicate pending slot(s) also exist.","pending","1","Finished","ConnectionAccepted","MessageSent","Just saw your post on the 8th Annual Lung Cancer Screening Summit. Eight years running is impressive. We're inviting a few practices into a biopharma patient experience study, tech included."
"Adam Reich","https://www.linkedin.com/in/adam-reich-93808868","Delivered by HeyReach","1 duplicate pending slot(s) also exist.","pending","1","Finished","ConnectionAccepted","MessageSent","Just saw the news on the rare inherited EGFR mutation tied to lung cancer risk. Really important work. We're inviting a few practices into a biopharma patient experience study, tech included."
"Joshua Lahav","https://www.linkedin.com/in/joshualahav","Delivered by HeyReach","1 duplicate pending slot(s) also exist.","pending","1","Finished","ConnectionAccepted","MessageSent","Just saw you're serving as an Executive Lab Leader at Fox School. Giving back where you started is great. Separately, we're inviting a few practices into a biopharma patient experience study."
"Christi Marcotte","https://www.linkedin.com/in/christi-marcotte-0273ab70","Delivered by HeyReach","","","1","Finished","ConnectionAccepted","MessageSent","Just saw your post on teams moving in rhythm instead of grinding harder. So true. We're inviting a few oncology practices into a biopharma patient experience study, tech included. Thought of you."
"Michele Abbitt","https://www.linkedin.com/in/michele-abbitt-97978372","Delivered by HeyReach","","","1","Finished","ConnectionAccepted","MessageSent","Just saw OU Health brought neuro-oncologists to Stephenson at Hillcrest in Tulsa. Big win for those patients. We're inviting a few practices into a biopharma patient experience study, tech included."
"Mark Pharm.D","https://www.linkedin.com/in/mark-nelson-pharm-d-9854589","Delivered by HeyReach","","","1","Finished","ConnectionAccepted","MessageSent","Just saw NWMS has 117 active trials running. That's real access for your patients. "
"Eddie Singleton","https://www.linkedin.com/in/eddie-singleton-3849317a","Delivered by HeyReach","","","1","Finished","ConnectionAccepted","MessageReply","Just saw Mary Bird Perkins treating prostate cancer on Elekta Unity. Has to be fun planning on that. "
"DeEtte Vasques","https://www.linkedin.com/in/deette-vasques-9086779","Delivered by HeyReach","","","1","Finished","ConnectionAccepted","MessageSent","Just saw your Gyn Cancer Awareness Month post. ""Different cancers, same strength"" is so good. "
"Melissa Hughes","https://www.linkedin.com/in/melissa-jee-hughes","Delivered by HeyReach","","","1","Finished","ConnectionAccepted","MessageSent","Just saw Dr. Malhotra is joining Yale for lung cancer trials. Exciting addition for your research team. "
"Kristen Patel","https://www.linkedin.com/in/kristensteffekpatel","Delivered by HeyReach","1 duplicate pending slot(s) also exist.","pending","1","Finished","ConnectionAccepted","MessageSent","Just saw your Whataburger post, love that your team makes time for that. "
"Taylor MBA","https://www.linkedin.com/in/taylor-kinser","Delivered by HeyReach","","","1","Finished","ConnectionAccepted","MessageSent","Just saw the OneOncology and OpenEvidence partnership, that is a big step for clinical support. "
"Heidi Tham","https://www.linkedin.com/in/heidi-tham-95b33811","Delivered by HeyReach","1 duplicate pending slot(s) also exist.","pending","1","Finished","ConnectionAccepted","MessageSent","Just saw Fred Hutch picked up the former Weyerhaeuser East Campus, what a growth moment. "
"Emily MD","https://www.linkedin.com/in/emily-daugherty-md-1b903a103","Delivered by HeyReach","","","1","Finished","ConnectionAccepted","MessageSent","Just saw UC Cancer Center helped develop daraxonrasib. Doubling survival is huge news. "
"Timothy Wintz","https://www.linkedin.com/in/timothy-wintz-55299a104","Delivered by HeyReach","","","1","Finished","ConnectionAccepted","MessageSent","Just saw a Canadian REIT pick up NYCBS's Brooklyn building for $90M. Says a lot about outpatient demand. "
"Laura Mango Kelley, MD","https://www.linkedin.com/in/laura-mango-kelley-md-6a4ab5112","Delivered by HeyReach","","","1","Finished","ConnectionAccepted","MessageSent","Just saw Roswell Park is the region's only NPF-designated pancreatic center. Big milestone. "
"Joshua Ellis","https://www.linkedin.com/in/joshua-ellis-871a63119","Delivered by HeyReach","1 duplicate pending slot(s) also exist.","pending","1","Finished","ConnectionAccepted","MessageSent","Just saw 14 Advocate hospitals made U.S. News' 2026 Best Hospitals list for cancer care. Great reflection on your service line. "
"Carla Carvajal","https://www.linkedin.com/in/carla-carvajal-b4b97911b","Delivered by HeyReach","","","1","Finished","ConnectionAccepted","MessageSent","Just saw your post, 150 FIT tests in one day at Illinois Masonic. Real community impact. We're expanding a biopharma patient-experience research initiative, tech included."
"Katy Beckermann","https://www.linkedin.com/in/katybeckermannmd","Delivered by HeyReach","","","1","Finished","ConnectionAccepted","MessageSent","Just saw your Primum post. Having GU backup a message away is huge for community oncology. Thanks for taking it on. We're expanding a biopharma patient-experience research initiative, tech included."
"Jorge MHCM","https://www.linkedin.com/in/jorge-darcourt-rizo-patron-md-mhcm-b38b5212a","Delivered by HeyReach","","","1","Finished","ConnectionAccepted","MessageSent","Just saw Texas Oncology teamed up with the American Cancer Society on screening. Great push to see. "
"Kristi Eilers","https://www.linkedin.com/in/kristi-eilers-181642139","Delivered by HeyReach","","","1","Finished","ConnectionAccepted","MessageSent","Grateful for folks like you driving process improvement in Knight's clinical research operations. Not a small task. "
"Tammy Asmus","https://www.linkedin.com/in/tammy-asmus-74072a139","Delivered by HeyReach","","","1","Finished","ConnectionAccepted","MessageSent","Just saw the news on Mary Bird Perkins' renewed radiation therapy partnership. Big win for access. "
"Allison Forsythe","https://www.linkedin.com/in/allison-gales","Delivered by HeyReach","","","1","Finished","ConnectionAccepted","MessageSent","Just saw UC Cancer Center helped drive daraxonrasib's FDA approval. Huge milestone for your trial teams. "
"Joseph MBA","https://www.linkedin.com/in/joseph-chip-hodges-md-mba-28731118","Delivered by HeyReach","","","1","Finished","ConnectionAccepted","MessageSent","Just saw your post on clinical trials being a standard option in cancer care, not a last resort. Really well said. "
"Katie CPC","https://www.linkedin.com/in/katie-b-5b3288161","Delivered by HeyReach","","queued_as_campaign","1","Finished","ConnectionAccepted","MessageSent","Just saw the news on City of Hope's PANXEON blood test catching pancreatic cancer early. That is huge. "
"Snoti Kumeh","https://www.linkedin.com/in/snoti-kumeh23","Delivered by HeyReach","","","1","Finished","ConnectionAccepted","MessageSent","Just saw your post from the Black Excellence Scholarship Gala. Using your seat at the table to open doors for others, love that. "
"Andrea McCutcheon","https://www.linkedin.com/in/andrea-mccutcheon-80aa18192","Delivered by HeyReach","","queued_as_campaign","1","Finished","ConnectionAccepted","MessageSent","Andrea, just saw your post on the Sit in My Chair event. Having local leaders sit in the patient's seat is powerful. "
"Kristin Bialobok","https://www.linkedin.com/in/kristin-bialobok-90a413194","Delivered by HeyReach","","","1","Finished","ConnectionAccepted","MessageSent","Kristin, just saw the $150,000 appendix cancer research grant in memory of Katie Centorbi. Such meaningful work. "
"Fayez Estephan","https://www.linkedin.com/in/fayez-estephan-612767198","Delivered by HeyReach","","queued_as_campaign","1","Finished","ConnectionAccepted","MessageSent","Dr. Estephan, just saw Fish For A Cure is set for November 7. Great to see survivorship care get that kind of community support. "
"Nicholas DeVito, MD","https://www.linkedin.com/in/ndevitomd","Delivered by HeyReach","","","1","Finished","ConnectionAccepted","MessageReply","Dr. DeVito, just saw your chronotherapy post. The timing angle on immunotherapy response is fascinating, thanks for sharing. "
"Erin Kahn","https://www.linkedin.com/in/erin-kahn-9a10731b0","Delivered by HeyReach","","","1","Failed","ConnectionAccepted","MessageSent","Erin, just saw your shoutout to Ingrid for passing the NCLEX. Front desk to nurse, what a story. Love that you celebrated her. "
"Colt Hatcher","https://www.linkedin.com/in/colt-hatcher-72003424","Delivered by HeyReach","","","1","Finished","ConnectionAccepted","MessageSent","Colt, just saw the OneOncology and United Urology Group news. Big move. We're also expanding a biopharma-funded study on the oncology patient experience, tech included, and you came to mind."
"Carlo Bifulco","https://www.linkedin.com/in/carlo-bifulco-8b123124","Delivered by HeyReach","","","1","Finished","ConnectionAccepted","MessageSent","Just saw your post on GigaPath-Flash and GigaTIME-Flash. Doing more with less compute opens up so much. We're also expanding a biopharma patient-experience research initiative, tech included."
"Brad Stout, MS, MBA","https://www.linkedin.com/in/brad-s-912b65209","Delivered by HeyReach","","","1","Finished","ConnectionAccepted","MessageSent","Just saw NWMS is running 117 active trials. That's a serious commitment to your patients. "
"Ravin Bisla","https://www.linkedin.com/in/ravin-bisla","Delivered by HeyReach","","","1","Finished","ConnectionAccepted","MessageSent","Just saw your podcast launched with one of your patients leading off. What a great way to start. "
"Sucharu MD","https://www.linkedin.com/in/sucharu-prakash-md-235143231","Delivered by HeyReach","","","1","Finished","ConnectionAccepted","MessageSent","Just saw you're co-chairing PCOC in Nashville. From social takeover to the whole meeting, congrats. OncoVenture looks great. "
"Esmeralda MPH","https://www.linkedin.com/in/esmeraldaelia","Delivered by HeyReach","","","1","Finished","ConnectionAccepted","MessageSent","Just saw Holden helped bring three new cancer therapies forward, including daraxonrasib. So cool. "
"Prince CHFP","https://www.linkedin.com/in/prince-ampomah-fache-mba-mha-chfp-63694131","Delivered by HeyReach","","","1","Finished","ConnectionAccepted","MessageSent","Prince, just saw your post on originality in the AI era. ""Nobody remembers the echo"" is a great line, congrats on the book. We're inviting practices into a biopharma funded outcomes collaborative."
"Francisco J. Esteva, MD, PhD","https://www.linkedin.com/in/dresteva","Delivered by HeyReach","","","1","Finished","ConnectionAccepted","MessageSent","Francisco, congrats on stepping up to Chief of Hematology and Medical Oncology at Lenox Hill. We're inviting select oncology practices into a biopharma funded patient outcomes collaborative."
"Jeevin Shahi","https://www.linkedin.com/in/jeevin-shahi-881443285","Delivered by HeyReach","","","1","Finished","ConnectionAccepted","MessageSent","Just saw your post on ASTRO's new bladder cancer guideline. Trimodal as a real alternative to surgery is big news. We're inviting practices into a biopharma funded patient outcomes collaborative."
"Tamer Khashab","https://www.linkedin.com/in/tamerkhashab","Delivered by HeyReach","1 duplicate pending slot(s) also exist.","pending","1","Finished","ConnectionAccepted","MessageSent","Tamer, congrats on stepping into Chief of Hematology Oncology at Kelsey-Seybold. We're inviting select oncology practices into a biopharma funded patient outcomes collaborative, and you came to mind."
"Crystal Castillo","https://www.linkedin.com/in/crystal-castillo-43681839","Delivered by HeyReach","","","1","Finished","ConnectionAccepted","MessageSent","Crystal, 10+ years on complex Phase I oncology trials is no small thing. Grateful for people who keep that data clean. We're inviting select practices into a biopharma funded outcomes collaborative."
"Jessica Kallio, MBA, BSN, RN","https://www.linkedin.com/in/jessica-kallio-mba-bsn-rn-217b9939","Delivered by HeyReach","1 duplicate pending slot(s) also exist.","pending","1","Finished","ConnectionAccepted","MessageSent","Jessica, just saw 14 Advocate hospitals made the U.S. News Best Hospitals list. Congrats to your cancer teams. We're inviting select practices into a biopharma funded outcomes collaborative."
"John Schuler, MD","https://www.linkedin.com/in/john-schuler-md-31547943","Delivered by HeyReach","","queued_as_campaign","1","Failed","ConnectionAccepted","MessageSent","John, just saw your AJMC piece about your mom and care close to home. That really lands, thank you for sharing it. We're inviting select practices into a biopharma funded outcomes collaborative."
"Amanda Hazeltine, DNP, MS (Nursing), MS (PR), AGACNP-BC","https://www.linkedin.com/in/amandahazeltine","Delivered by HeyReach","","","1","Finished","ConnectionAccepted","MessageSent","Just saw your post about Alyssa's donor journey and her bond with Greg. What a story. Thanks for sharing it. We're inviting select oncology practices into a biopharma funded outcomes collaborative."
"Joseph Hines II, MPH","https://www.linkedin.com/in/joseph-hines-ii-mph-7764125","Delivered by HeyReach","","","1","Finished","ConnectionAccepted","MessageSent","Just saw your JAMA Network Open paper on redlining and breast cancer screening. Important work, congrats to the team. We're inviting select practices into a biopharma funded outcomes collaborative."
"David Siegel","https://www.linkedin.com/in/david-siegel-43933248","Delivered by HeyReach","","queued_as_campaign","1","Finished","ConnectionAccepted","MessageSent","Just saw the OncLive piece on JTCC's myeloma trials, exciting progress. Thanks for all you do in the field. We're also inviting a few select practices into a biopharma funded outcomes collaborative."
"Kiran Annavarapu","https://www.linkedin.com/in/kiran-annavarapu","Delivered by HeyReach","","","1","Finished","ConnectionAccepted","MessageSent","Just saw the news on Starling Oncology's first fully profitable quarter. Big milestone, congrats to you and the team. We're inviting select practices into a biopharma-funded outcomes collaborative."
"Robert Williard","https://www.linkedin.com/in/robert-williard-13aa574b","Delivered by HeyReach","","queued_as_campaign","1","Finished","ConnectionAccepted","MessageSent","Just saw Baptist is adding 100 physicians over the next five years. Big growth for the region and your radiation oncology team. We're inviting select practices into a biopharma-funded collaborative."
"Eneida Nemecek MD, MS, MBA","https://www.linkedin.com/in/eneida-nemecek-md-ms-mba-931aba52","Delivered by HeyReach","","","1","Finished","ConnectionAccepted","MessageSent","Just saw your post on the Portland Pediatric Oncology meeting. Hosting it for patients and families is why this work matters. We're inviting practices into a biopharma-funded outcomes collaborative."
"Modupeoluwa (Mo) Durojaiye (DrPH, MA)","https://www.linkedin.com/in/modupe-durojaiye","Delivered by HeyReach","1 duplicate pending slot(s) also exist.","pending","1","Finished","ConnectionAccepted","MessageSent","Just saw Duke's new study on personalized treatment for advanced prostate cancer. Such promising work. We're also inviting select oncology practices into a biopharma-funded outcomes collaborative."
"Darcie Dauer","https://www.linkedin.com/in/darcie-r-d-b6682161","Delivered by HeyReach","1 duplicate pending slot(s) also exist.","pending","1","Finished","ConnectionAccepted","MessageSent","Just saw Essentia teamed up with the Lake Superior Zoo for the pediatric waiting room. Such a heartwarming idea. We're inviting select practices into a biopharma-funded outcomes collaborative."
"Ivan Aksentijevich","https://www.linkedin.com/in/ivan-aksentijevich-3aa2798","Delivered by HeyReach","","","1","Finished","ConnectionAccepted","MessageSent","Just saw you share the Global Serbian Journal Club session, great turnout. What you've built with SAMA is impressive. We're inviting select practices into a biopharma-funded outcomes collaborative."
"Casey M.B.A.","https://www.linkedin.com/in/casey-chiasson-m-b-a-809ba76b","Delivered by HeyReach","","","1","Finished","ConnectionAccepted","MessageSent","Just saw Dr. Sharman's take on the new lymphoma advances. Exciting progress coming out of your team. We're inviting select practices into a biopharma-funded patient outcomes collaborative."
"Ryan Luginbuhl","https://www.linkedin.com/in/ryan-luginbuhl-52b13770","Delivered by HeyReach","","","1","Finished","ConnectionAccepted","MessageSent","Just saw your SHIFT post. That clinical-to-vendor ratio is exactly the room oncology needs right now. Thanks for building it. We're inviting a few practices into a biopharma-funded outcomes collaborative."
"Kevin Dryanski","https://www.linkedin.com/in/kevin-dryanski-91a11ba","Delivered by HeyReach","1 duplicate pending slot(s) also exist.","pending","1","Finished","ConnectionAccepted","MessageSent","Just saw Intermountain is bringing in GE's new SIGNA Spring Elite MRI. Nice win for imaging and your cancer patients. "
"Christopher Yasenchak","https://www.linkedin.com/in/christopher-yasenchak-381a4492","Delivered by HeyReach","","","1","Finished","ConnectionAccepted","MessageReply","Just saw your post on the 92 year old turned away over an eGFR of 29. Such a real problem. Grateful you keep pushing on eligibility for older patients. "
"Jason Quinn","https://www.linkedin.com/in/jason-m-quinn","Delivered by HeyReach","","","1","Finished","ConnectionAccepted","MessageSent","Just saw Wells Messersmith named the new CU Cancer Center director. Great news for your team. "
"Brad CCRP","https://www.linkedin.com/in/brad-bott-mba-ccrp-605a569a","Delivered by HeyReach","","","1","Finished","ConnectionAccepted","MessageSent","Just saw your post about Ora and the genomics team. That pride in your people really comes through. "
"Amy MD","https://www.linkedin.com/in/amy-fox-md-014459a5","Delivered by HeyReach","","queued_as_campaign","1","Finished","ConnectionAccepted","MessageSent","Just saw the prostate screening piece with Advocate Radiation Oncology. Great that less invasive options get attention. "
"Mindy PhD","https://www.linkedin.com/in/mindy-sovel-phd-21393810","Delivered by HeyReach","","","1","Finished","ConnectionAccepted","MessageSent","Just saw MSK named the world's best cancer hospital by Newsweek again. Your ops team earns that. "
"Adam PhD","https://www.linkedin.com/in/vandykeadam","Delivered by HeyReach","1 duplicate pending slot(s) also exist.","pending","1","Finished","ConnectionAccepted","MessageReply","Just saw the pacritinib and talazoparib trial for rare blood cancers. Really promising for patients. "
"David MS","https://www.linkedin.com/in/david-chism-md-ms-2495bab0","Delivered by HeyReach","","","1","Finished","ConnectionAccepted","MessageSent","Just saw your ASCO Quality Care Symposium acceptance, congrats. Backing the next generation of investigators matters. "
"Andy Napolitano","https://www.linkedin.com/in/andy-napolitano-600392b4","Delivered by HeyReach","","queued_as_campaign","1","Finished","ConnectionAccepted","MessageSent","Just saw Astera joined OneOncology as its ninth practice. Big milestone for the group, congrats. "
"Johnny Walker","https://www.linkedin.com/in/johnny-walker-bb894011","Delivered by HeyReach","","","1","Finished","ConnectionAccepted","MessageSent","Just saw Utah Cancer Specialists is adding new trials. No surprise given the Phase I program you built there. "
"Edvin Babayova","https://www.linkedin.com/in/edvin-babayova-5145b3b7","Delivered by HeyReach","1 duplicate pending slot(s) also exist.","pending","1","Finished","ConnectionAccepted","MessageSent","Just saw City of Hope opened the new cancer center in Prescott. Huge win for patient access out there. "
"Laban Bramlett","https://www.linkedin.com/in/laban-bramlett-4a9b53100","Delivered by HeyReach","","","1","Finished","ConnectionAccepted","MessageReply","Just saw 91% of community oncology sites now offer bispecifics. Huge shift, right in your research informatics world. "
"Roland Teboh, PhD, DABR","https://www.linkedin.com/in/roland-teboh-phd-dabr-17167912","Delivered by HeyReach","1 duplicate pending slot(s) also exist.","pending","1","Finished","ConnectionAccepted","MessageSent","Just saw your new JACMP paper combining SGRT and kV triggered imaging for abdomino-thoracic IGRT. Really practical work, congrats. "
"Trey MHA","https://www.linkedin.com/in/trey-wiegand-mha-118691105","Delivered by HeyReach","","","1","Finished","ConnectionAccepted","MessageSent","Just saw MercyOne Genesis wrapped its sixth annual Gather for the Cure. Love that your team keeps showing up for breast health awareness. "
"Omoruyi MPH","https://www.linkedin.com/in/omoruyi-credit-irabor-md-mph-044974107","Delivered by HeyReach","1 duplicate pending slot(s) also exist.","pending","1","Finished","ConnectionAccepted","MessageSent","Just saw Central Care is expanding with TrueBeam and RapidArc. Real growth for patients in your area. "
"Natalie Streeter","https://www.linkedin.com/in/natalie-streeter-7741aa10b","Delivered by HeyReach","","","1","Finished","ConnectionAccepted","MessageSent","Just saw Treads & Threads has raised over $25M for cancer care since 2002. Incredible work. "
"Amy Ellis","https://www.linkedin.com/in/amy-ellis-03a7ab111","Delivered by HeyReach","","","1","Finished","ConnectionAccepted","MessageSent","Just saw your COA Fellows post. Giving fellows real time in community oncology is what the field needs. Thanks for pushing it. "
"Hilary Chandler","https://www.linkedin.com/in/hilary-chandler-rn","Delivered by HeyReach","","","1","Finished","ConnectionAccepted","MessageSent","Just saw the $50M gift opening Houston Methodist's Legacy Acres Homes Clinic. Big win for that community. "
"Jenny Teeples","https://www.linkedin.com/in/jennifer-teeples","Delivered by HeyReach","","","1","Finished","ConnectionAccepted","MessageSent","Just saw your post about this next chapter at Knight, your excitement comes through. "
"Joel PHD","https://www.linkedin.com/in/joel-michalski-md-phd-476348117","Delivered by HeyReach","","","1","Finished","ConnectionAccepted","MessageSent","Just saw daraxonrasib is now offered locally for pancreatic cancer patients. Big deal for Nebraska families. NCS is top of our list for the biopharma-funded outcomes collaborative."
"Lauren CTTS","https://www.linkedin.com/in/lauren-mcca-hixenbaugh-mba-ctts-5347a5124","Delivered by HeyReach","","","1","Finished","ConnectionAccepted","MessageSent","Just saw your post on joining the PCF committee. Paired with your mobile lung screening work, that's real impact. We're inviting select practices into a biopharma-funded outcomes collaborative."
"Glenda Delgado Ramos","https://www.linkedin.com/in/glenda-delgado-ramos","Delivered by HeyReach","","","1","Finished","ConnectionAccepted","MessageSent","Just saw your post welcoming Alfasigma to TLS 2026. Love how you're pulling the hepatology community together. We're inviting select practices into a biopharma-funded outcomes collaborative."
"Wynne Barton","https://www.linkedin.com/in/wynne-barton-aa518917","Delivered by HeyReach","","","1","Finished","ConnectionAccepted","MessageSent","Just saw OneOncology is acquiring United Urology Group. Huge move for the space, congrats! "
"Evan Graboyes","https://www.linkedin.com/in/evangraboyes","Delivered by HeyReach","","","1","Finished","ConnectionAccepted","MessageSent","Just saw your post on the NRG Health Care Access fellowship. Equitable trial access for early investigators is exactly the right bet. "
"Belisario Arango","https://www.linkedin.com/in/belisario-arango-9134b9166","Delivered by HeyReach","","","1","Finished","ConnectionAccepted","MessageSent","Just saw Utah Cancer Specialists offering daraxonrasib through an Extended Access Program. Huge for pancreatic cancer patients. "
"Heidi FACHE","https://www.linkedin.com/in/heidiambrose","Delivered by HeyReach","","","1","Finished","ConnectionAccepted","MessageSent","Just saw your post on PSMAddition and PLUVICTO's expanded indication. Your team helping bring that to patients is impressive. "
"Jonas PhD","https://www.linkedin.com/in/jonas-fontenot-phd-a8800520","Delivered by HeyReach","","","1","Finished","ConnectionAccepted","MessageSent","Just saw the news on breaking down barriers to free cancer screenings. Real impact for Louisiana. "
"John Chang","https://www.linkedin.com/in/john-han-chih-chang-74229020","Delivered by HeyReach","","","1","Finished","ConnectionAccepted","MessageSent","Just saw the piece on using low-dose radiation for arthritis inflammation. Very cool to see it getting attention. "
"Marissa Hartley","https://www.linkedin.com/in/marissa-hartley-b3a9171a1","Delivered by HeyReach","","","1","Finished","ConnectionAccepted","MessageSent","Marissa, just saw Pink in the Rink is back Oct 23 with Upstate Cancer Center. Such a fun way to spotlight the cause. "
"Ashley Servais","https://www.linkedin.com/in/ashley-servais-18325023","Delivered by HeyReach","","","1","Finished","ConnectionAccepted","MessageSent","Congrats on NCS earning ASCO Certified status. That says a lot about the patient-centered care your team delivers. "
"Holly Books","https://www.linkedin.com/in/holly-books-046a491a9","Delivered by HeyReach","","","1","Finished","ConnectionAccepted","MessageSent","Holly, just saw Texas Oncology's cloud database for real-time results and trial matching. Big step for patients. "
"Shruti Singh","https://www.linkedin.com/in/shruti-singh-203717207","Delivered by HeyReach","","","1","Finished","ConnectionAccepted","MessageSent","Just saw your T-DXd plus pertuzumab post. The prior exposure point on recurrence calls is spot on. Thanks for sharing. "
"Lauren PhD","https://www.linkedin.com/in/lauren-rynar-phd-89903526","Delivered by HeyReach","","","1","Finished","ConnectionAccepted","MessageSent","Just saw the behavioral health and survivorship side of your supportive oncology work at Rush. Glad someone is building that. "
"David Leslie Crooks  MD FACS FSSO","https://www.linkedin.com/in/david-leslie-crooks-md-facs-fsso-ba528026","Delivered by HeyReach","","","1","Finished","ConnectionAccepted","MessageSent","Just saw Roswell Park helped drive the FDA approval of a new pancreatic cancer drug. Big step forward for patients. "
"Blake RN","https://www.linkedin.com/in/blakehoegger-virtualnursing","Delivered by HeyReach","","","1","Finished","ConnectionAccepted","MessageSent","Just saw Texas Oncology's telemedicine implementation study in AJMC. Great that you're sharing what you built publicly. "
"Kathryn Gold","https://www.linkedin.com/in/kathryn-gold-a7b60822b","Delivered by HeyReach","","","1","Finished","ConnectionAccepted","MessageSent","Just saw the UC Cancer Consortium quality work you lead. Improving equity and access at that scale is impressive. "
"Amber Mellema","https://www.linkedin.com/in/amber-m-68114a233","Delivered by HeyReach","","","1","Finished","ConnectionAccepted","MessageSent","Just saw your post on the 4.8 million behind the cancer stats. That ordinary Tuesday image is so true. Thank you. "
"Chelsea Kelley","https://www.linkedin.com/in/chelsea-kelley-97b066252","Delivered by HeyReach","","","1","Finished","ConnectionAccepted","MessageSent","Just saw INTEGRIS granted funds to El Reno Blessing Baskets for food access. Love that your team keeps showing up on food insecurity. Thanks for all you do for Oklahoma communities, Chelsea."
"Jeremy Castle","https://www.linkedin.com/in/jeremyncastle","Delivered by HeyReach","","","1","Finished","ConnectionAccepted","MessageSent","Jeremy, thank you for sharing about losing your mom to gynecological cancer. That takes courage. The reminder to know your risk and not ignore changes is one people really need."
"Katie McKinnon, MBA","https://www.linkedin.com/in/katie-mckinnon-mba-8924a37b","Delivered by HeyReach","","","1","Finished","ConnectionAccepted","MessageSent","Just saw Stead Family Children's Hospital ranked No. 1 in Iowa. Such a great milestone for your teams. Congrats Katie, hope the first year as Chief of Staff has been a good one."
"Justin Looser MSW, MBA","https://www.linkedin.com/in/justin-looser-msw-mba-814a529","Delivered by HeyReach","","","1","Finished","ConnectionAccepted","MessageSent","Congrats on the Healthcare Hero honor, Justin. Loved that you turned it right back to the Hampstead team. Says a lot about how you lead."
"Liz Partridge","https://www.linkedin.com/in/liz-partridge-9b5817101","Delivered by HeyReach","","","1","Finished","ConnectionAccepted","MessageSent","Congrats to your APP team in Enid, and to Alea on the Experience Award. You can tell how proud you are of that crew. Thanks for taking time to celebrate them, Liz."
"Samar MD","https://www.linkedin.com/in/samar-bursheh-md-584112140","Delivered by HeyReach","","","1","Finished","ConnectionAccepted","MessageReply","Congrats on launching Nutriamed's Women's Wellness Workshop Series with Sharie. Testosterone for women is such a needed conversation, and the mocktails and Q&A are a great touch."
"Kelly MHA","https://www.linkedin.com/in/kelly-hodges-mha-6064a1218","Delivered by HeyReach","","","1","Finished","ConnectionAccepted","MessageSent","Just saw Stamford Health opened the new Breast Center with the $10M Odyssey Group gift behind it. Huge milestone. Congrats to you and your medical group teams, Kelly."
"Cindy Davis, RN, MBA, NEA-BC","https://www.linkedin.com/in/cindydavis65","Delivered by HeyReach","","","1","Finished","ConnectionAccepted","MessageSent","Just saw INTEGRIS share those hydration and heat safety tips for student athletes. Such a timely community effort. Grateful for the teams you lead, Cindy."
"Bibhas Singla","https://www.linkedin.com/in/bibhassingla","Delivered by HeyReach","","","1","Finished","ConnectionAccepted","MessageSent","Starting addiction treatment before the patient leaves the hospital is so right. Every extra step between willingness and treatment is a place someone gets lost. Thanks for saying it."
"Cindy Meyer","https://www.linkedin.com/in/cindy-meyer-04b36a262","Delivered by HeyReach","","","1","Finished","ConnectionAccepted","MessageSent","Fifth year of Fallooza and Rogers is a beneficiary again! Such a fun way to bring mental health and recovery support to the community. Thanks for sharing it, excited for you all."
"Kurt Gunther","https://www.linkedin.com/in/kurt-g-83799525a","Delivered by HeyReach","","","1","Finished","ConnectionAccepted","MessageSent","Kurt, just saw Arbour's piece on inpatient vs. outpatient care. Such a helpful way to walk families through a hard decision. Thanks for putting that out there."
"Jess Pham","https://www.linkedin.com/in/jessphamlpclmhc","Delivered by HeyReach","","","1","Finished","ConnectionAccepted","MessageSent","Just saw the Welcoming Spaces reveal at your C&A Center. Rainforests and deserts in a waiting room is exactly what walking in for care should feel like. Congrats to you and your team, Jess."
"Kayla Sova","https://www.linkedin.com/in/kayla-sova-b0051629b","Delivered by HeyReach","","","1","Finished","ConnectionAccepted","MessageSent","Just saw ABS Kids opened the new autism therapy center in Concord. That is such good news for families waiting on care. Congrats to you and the team, Kayla."
"Naejeong  Suh","https://www.linkedin.com/in/naejeongsuh","Delivered by HeyReach","","","1","Finished","ConnectionAccepted","MessageSent","Just saw you're pursuing a Ph.D. in ABA on top of your EdD in music therapy. That mix of structure and expression is rare, and the kids you work with are lucky for it. Congrats, Naejeong."
"Michael Riddle, MD","https://www.linkedin.com/in/michael-riddle-md-a3b8542ab","Delivered by HeyReach","","","1","Finished","ConnectionAccepted","MessageSent","Just saw RI International is hiring a Senior Director of Operations. Great sign of growth, and of all the crisis care work you keep scaling. Congrats to you and the team."
"Kylie Haines, LCSW, PMH-C","https://www.linkedin.com/in/kylie-haines-lcsw-pmh-c-39b74139","Delivered by HeyReach","","","1","Failed","ConnectionAccepted","MessageSent","Just saw your World Suicide Prevention Day post. The reminder that you're not alone and that with help you will be well matters so much. Thank you for sharing all those resources."
"Nichole LICDC-CS","https://www.linkedin.com/in/nichole-bisig-lpcc-s-licdc-cs-166a5a343","Delivered by HeyReach","","","1","Finished","ConnectionAccepted","MessageSent","Just saw GeneroCity513's newly wrapped outreach vehicle. Such a human way to meet people where they are and connect them to services. Love seeing your team out there."
"Kerri Nowell","https://www.linkedin.com/in/kerri-nowell-1367a241","Delivered by HeyReach","","","1","Finished","ConnectionAccepted","MessageSent","Just saw the Thompson Center's piece on helping families navigate healthcare info for neurodivergent kids. Such a needed resource. Thank you for getting that out into the world."
"Mauricio Miranda, LPC-S","https://www.linkedin.com/in/mauricio-miranda-lpc-s-08b923354","Delivered by HeyReach","","","1","Finished","ConnectionAccepted","MessageSent","Mauricio, just saw the news about Palms Behavioral Health and Driscoll Health Plan. Big win for psychiatric care access, and I imagine it shows up fast on the intake side of your world. Congrats."
"Karley Hensley, Ph.D, LCPC, NCC","https://www.linkedin.com/in/karley-hensley-ph-d-lcpc-ncc-8902aa396","Delivered by HeyReach","","","1","Finished","ConnectionAccepted","MessageSent","Karley, just saw Brook Lane was nominated for Soliant's Most Beautiful Hospitals contest. Such a fun honor, and a nice nod to a place people come to for healing. Congrats to you and the team."
"Tara Loucks","https://www.linkedin.com/in/tara-loucks-b5196446","Delivered by HeyReach","","","1","Finished","ConnectionAccepted","MessageSent","Tara, just saw the piece on Sagent's integrated care model for psychiatrists. Smart way to build care delivery around the clinicians, and it fits your operations background well. Thanks for sharing it."
"Matthew Wilkins","https://www.linkedin.com/in/mwilkins07","Delivered by HeyReach","","","1","Finished","ConnectionAccepted","MessageSent","Matthew, just saw that the Health Solutions West Foundation is backing psychiatry, addiction treatment, and crisis care. Great to see that kind of commitment behind specialty programs. Thanks for the work you are doing."
"Nicole Garber","https://www.linkedin.com/in/nicole-garber-a6b9ba52","Delivered by HeyReach","","","1","Finished","ConnectionAccepted","MessageSent","Nicole, just saw the Imagine Pediatrics piece on pediatric care deserts. With your child and adolescent work, I imagine you see that access gap up close. Really important read."
"Andrew Ph.D.","https://www.linkedin.com/in/andrew-j-gerber-m-d-ph-d-24585b","Delivered by HeyReach","","","1","Finished","ConnectionAccepted","MessageSent","Andrew, just saw your post on Silver Hill's Impact Report. Reinvesting every dollar back into patient care is exactly what a nonprofit should be doing. Thanks for putting that out there."
"Jennifer Davis","https://www.linkedin.com/in/jennifer-davis-41b7ab5b","Delivered by HeyReach","","","1","Finished","ConnectionAccepted","MessageSent","Jennifer, just saw that your trustees approved seeking planning help for a potential Diversion Center. That is a big step forward for Denton County. Grateful for the work you all are doing on crisis care."
"Juliette D'Ambrosio, LPC, ACS, NCC","https://www.linkedin.com/in/juliette-d-ambrosio-lpc-acs-ncc-39928462","Delivered by HeyReach","","","1","Finished","ConnectionAccepted","MessageReply","Just saw your Overdose Awareness Day post, Juliette. Being that steady voice for the people still fighting is exactly it. Thank you for putting that out there."
"Ally Bagus","https://www.linkedin.com/in/allisono","Delivered by HeyReach","","","1","Finished","ConnectionAccepted","MessageSent","Just read that Relief uses QEEG brain mapping and genetic testing in depression care. Really forward-thinking, and I imagine it makes admissions conversations with families a lot more hopeful. Love seeing it, Ally."
"Mackindy MSW","https://www.linkedin.com/in/mackindy-d-37115665","Delivered by HeyReach","","","1","Finished","ConnectionAccepted","MessageSent","Just saw David Lawrence Centers picked up a $25K grant for wellness and interpretation services. Really great news for the kids and families coming through your doors. Congrats to you and the team."
"Lori Schwartz","https://www.linkedin.com/in/lori-schwartz-b46948","Delivered by HeyReach","","","1","Finished","ConnectionAccepted","MessageSent","Just saw MaineHealth landed an $80k grant to expand tobacco treatment for behavioral health patients. That is such a meaningful step for the folks your ambulatory teams see every day. Congrats, Lori."
"Jonathan Shepherd","https://www.linkedin.com/in/jonathan-shepherd-464b167","Delivered by HeyReach","","","1","Finished","ConnectionAccepted","MessageSent","Just saw that a DBH-trained recovery coach published a memoir on faith and transformation. What a powerful thing to see out in the world, and a real reflection of the care your teams put in. Congrats, Jonathan."
"Nira Singh, PsyD","https://www.linkedin.com/in/nira-singh-psyd-1293078","Delivered by HeyReach","","","1","Finished","ConnectionAccepted","MessageReply","Just saw your International Day of Peace post, Nira. That line about peace being built through institutions, relationships, and daily choices really rings true, especially in the work your center does. Thanks for sharing it."
"Hannah Nelson","https://www.linkedin.com/in/hannah-nelson-1544836b","Delivered by HeyReach","","","1","Finished","ConnectionAccepted","MessageSent","Just saw your post about Parkside sponsoring the Kids Zone at NAMIWalks Tulsa. Focusing inpatient care fully on kids and teens is such needed work. Congrats, and enjoy walk day!"
"Pavan MD","https://www.linkedin.com/in/pavan-prasad-md-41865b70","Delivered by HeyReach","","","1","Finished","ConnectionAccepted","MessageSent","Just saw your post on alcohol related death risk by drinks per week. That jump to 1 in 25 at 14 drinks is startling. Thanks for putting real numbers behind it."
"Noelle Parker","https://www.linkedin.com/in/noellemaeparker","Delivered by HeyReach","","","1","Finished","ConnectionAccepted","MessageSent","Just saw your post about the free community event for Suicide Prevention Month. Therapy dogs, QPR training, and rock painting all in one night, what a great mix. Thanks for making that happen."
"Paul Daugherty","https://www.linkedin.com/in/paul-daugherty-b7711583","Delivered by HeyReach","","","1","Finished","ConnectionAccepted","MessageReply","Just saw your post on the FBI PSA about OAuth consent phishing. Scary how easily those file sharing links slip past people. Thanks for flagging it, passing it along to our team."
"Tim DeWeese","https://www.linkedin.com/in/tim-deweese-52238a83","Delivered by HeyReach","","","1","Finished","ConnectionAccepted","MessageSent","Just saw your post on suicide prevention, Tim. The reminder that support can look like simply checking in on a friend really hits home. Thanks for keeping 988 front and center."
"Mona Barman","https://www.linkedin.com/in/mona-barman-219b299","Delivered by HeyReach","","","1","Finished","ConnectionAccepted","MessageSent","Just saw BetterHelp's report that 15% of Americans now use AI for mental health support. That is a striking shift, and you are right in the middle of it. Thanks for the work you are doing there."
"Christopher E. Fisher, Psy.D., MS.Ed.","https://www.linkedin.com/in/christopher-e-fisher-psy-d-ms-ed-3b8b7b83","Delivered by HeyReach","","","1","Finished","ConnectionAccepted","MessageSent","Just saw Zucker Hillside is building a new Child and Adolescent Mental Health Pavilion. That is a huge investment in kids' care, congrats Chris. Must be great to see it happening."
"Michael J. Steele Jr., MBA, MSN, RN, PMH-BC","https://www.linkedin.com/in/mikesteelern","Delivered by HeyReach","","","1","Finished","ConnectionAccepted","MessageSent","Just saw your post on the medetomidine withdrawal summit report. Wild that Philly has become the resource for everyone else on this. Exactly the cross-sector work that's needed. Thanks for sharing."
"Patricia Carty","https://www.linkedin.com/in/patricia-carty-63a37a89","Delivered by HeyReach","","","1","Finished","ConnectionAccepted","MessageSent","Just listened to the new Mind Your Mentality episode. Kristen, Jason and Tracie made the suicide prevention work at MHCGM feel so practical and human. Thank you for putting it out there, Patricia."
"Rlynn Wickel","https://www.linkedin.com/in/rlynn-wickel-4232a08b","Delivered by HeyReach","","","1","Finished","ConnectionAccepted","MessageSent","Just saw Susan Giovanini is taking on operations, risk and compliance oversight at Inland Northwest. Exciting to see that come together under one roof, Rlynn. Congrats to you both!"
"Adam Meadows, MD","https://www.linkedin.com/in/doctormeadows","Delivered by HeyReach","","","1","Finished","ConnectionAccepted","MessageSent","Just saw the staff spotlight on Leah Weingast. Such a nice way to show how much care goes into admissions at Skyland Trail. Kudos to her and your team, Adam."
"Zachary Shindorf, PhD","https://www.linkedin.com/in/zachary-shindorf-phd-2585b19a","Delivered by HeyReach","","","1","Finished","ConnectionAccepted","MessageSent","Just saw your post about joining Sutter Health's Director Academy. Congrats, that kind of cross-functional cohort learning is where the strongest leaders come from. Enjoy every bit of it."
"Kayla Eddings","https://www.linkedin.com/in/kayla-eddings-99ababb2","Delivered by HeyReach","","","1","Finished","ConnectionAccepted","MessageSent","Just saw ABS Kids opened a new autism therapy center in Concord. More access for families waiting on ABA services is such good news. Congrats to you and the team."
"Rachel Dalthorp, MD MHSA DFAPA","https://www.linkedin.com/in/rachel-dalthorp-md-mhsa-dfapa-4701a8b8","Delivered by HeyReach","","","1","Finished","ConnectionAccepted","MessageSent","Just saw your post on NABRP building the first board certification in reproductive psychiatry. Maternal mortality from psychiatric illness deserves exactly this. Thanks for pushing it forward."
"Niki Song","https://www.linkedin.com/in/niki-song19","Delivered by HeyReach","","","1","Finished","ConnectionAccepted","MessageSent","Just saw the INGREZZA data on improving daily functioning in tardive dyskinesia, Niki. Feels like a real step forward for the patients you see at Zucker Hillside. Thought you would appreciate it."
"Kelsey Kharrazi","https://www.linkedin.com/in/kelsey-kharrazi-717327b9","Delivered by HeyReach","","","1","Finished","ConnectionAccepted","MessageSent","Just saw Stride hit 71% of kids mainstreaming into general ed classrooms, Kelsey. That is a tough outcome to move, and it clearly reflects the clinical work you and your team do. Congrats!"
"Luc Josaphat, MPA, CPHQ","https://www.linkedin.com/in/luc-josaphat-mpa-cphq-80480412","Delivered by HeyReach","","","1","Finished","ConnectionAccepted","MessageSent","Just saw that The Harris Center launched a Youth Crisis Outreach Team, Luc. Reaching families right when they are in crisis is such a meaningful step forward. Congrats to you and the team."
"Maria Kapadia","https://www.linkedin.com/in/maria-kapadia-430a57104","Delivered by HeyReach","","","1","Finished","ConnectionAccepted","MessageSent","Just saw your post about the $195K Texas Veterans Commission grant, congrats Maria! Meeting Veterans where they are and connecting them to the right support matters so much. Thanks for sharing it."
"Michelle Foster","https://www.linkedin.com/in/michelle-foster-8b637b10a","Delivered by HeyReach","","","1","Finished","ConnectionAccepted","MessageSent","Just saw Denton County MHMR signed on for the SAMHSA MHAT grant. Such great news for mental health training in the area, congrats on leading that expansion, Michelle."
"Michael Tozzoli","https://www.linkedin.com/in/michael-tozzoli-aaa85913","Delivered by HeyReach","","","1","Finished","ConnectionAccepted","MessageSent","Just saw your end of summer reflection, the bit about planning and patience easing kids back into the school routine is so true. Thanks for sharing it, Michael."
"Kathie Snell","https://www.linkedin.com/in/kathie-snell-68047a14","Delivered by HeyReach","","","1","Finished","ConnectionAccepted","MessageSent","Just saw the groundbreaking news on Wagoner on the Creek and the supportive services going with it. What a meaningful win for the community, congrats to you and the Aurora team."
"Niloufar N.","https://www.linkedin.com/in/niloufar-n-1a704211a","Delivered by HeyReach","","","1","Finished","ConnectionAccepted","MessageSent","Just saw Alter Behavioral Health built the Care Predictor Index into your treatment programs. Really innovative step, and thanks for pushing outcomes work forward like that. Congrats!"
"Margarita LCSW","https://www.linkedin.com/in/margarita-elias-lcsw-97739615","Delivered by HeyReach","","","1","Finished","ConnectionAccepted","MessageSent","Margarita, your take on kindness and humility mattering more than raw talent is so true, especially in this work. Grateful you put that out there for other leaders to read."
"Kimberly Hill-Crowell, MBA, LCSW","https://www.linkedin.com/in/kimberly-hill-crowell-mba-lcsw-0abb0a128","Delivered by HeyReach","","","1","Finished","ConnectionAccepted","MessageSent","Just saw the QuikTrip crew spent their Day of Caring volunteering at GRAND. Such a good story, and a nice reflection of the reputation you all have built across Oklahoma. Thank you for what your teams do every day."
"Rose Joiner","https://www.linkedin.com/in/rose-joiner-50416a134","Delivered by HeyReach","","","1","Finished","ConnectionAccepted","MessageSent","Just saw the new podcast episode on TMS for difficult to treat depression. Such an important topic to get more awareness around, especially for people who feel like they have already tried everything. Really glad it is getting airtime."
"Paolo Matti","https://www.linkedin.com/in/paolo-matti-b68754141","Delivered by HeyReach","","","1","Finished","ConnectionAccepted","MessageSent","Just saw your post about the Path to College outing. Going from scholarship recipient to playing alongside the guys you grew up golfing with is a real full circle moment. Congrats Paolo, that is a great one to get to live."
"Christian Capo, LMSW","https://www.linkedin.com/in/christian-capo-lmsw-463186147","Delivered by HeyReach","","","1","Finished","ConnectionAccepted","MessageSent","Just saw Project Connect Santa Fe offering showers and haircuts to folks experiencing homelessness. Such a great collaborative effort, and meeting people right where they are is everything. Thank you for the work you and the Santa Fe Recovery team put in."
"RAY CORDRY","https://www.linkedin.com/in/ray-cordry-48501118","Delivered by HeyReach","","","1","Finished","ConnectionAccepted","MessageSent","Just saw that one of the Red Rock psychiatrists was named a 2026 Preferred Psychiatrist. What a well deserved honor for your team. Thanks for all you do there, Dr. Cordry."
"Kimberly Chudzinski","https://www.linkedin.com/in/kimberly-chudzinski-0b847614b","Delivered by HeyReach","","","1","Finished","ConnectionAccepted","MessageSent","Just saw the piece on ABA's role in autism care featuring Grateful Care ABA. So good to see the field get this kind of spotlight. Thanks for the work you and your clinical team do, Kimberly."
"Nicole Sadler, MS, LPC","https://www.linkedin.com/in/nicole-sadler-ms-lpc-422b8514b","Delivered by HeyReach","","","1","Finished","ConnectionAccepted","MessageSent","Just saw that Renfrew's Unified Treatment Model showed long-term gains for BIPOC patients. Really encouraging research to see published. Congrats to you and the team, Nicole."
"Melissa Iacovacci","https://www.linkedin.com/in/melissa-iacovacci-675690157","Delivered by HeyReach","","","1","Finished","ConnectionAccepted","MessageSent","Just saw that Newport and TWLOHA hit 10 years partnering on suicide prevention. What a meaningful milestone. Thanks for the work you and your team are doing there, Melissa."
"Kendall Davis","https://www.linkedin.com/in/kendall-davis-327a2415b","Delivered by HeyReach","","","1","Finished","ConnectionAccepted","MessageSent","Just saw the news about Treetop's center-based ABA model in Charlotte. Love that approach for helping kids build social skills. Congrats again on the Clinical Director role, Kendall."
"Mariann Johnson","https://www.linkedin.com/in/marivjohnson","Delivered by HeyReach","","","1","Finished","ConnectionAccepted","MessageReply","Just saw your post about kids waiting too long because school seems like enough structure. The point about school being the thing adding stress is so true. Thanks for saying it out loud, Mariann."
"Aria Zayas","https://www.linkedin.com/in/ariazayas","Delivered by HeyReach","","","1","Finished","ConnectionAccepted","MessageSent","Just saw your post on how much harder it is to stay coachable the higher you climb. The part about senior folks going months without honest feedback is so true. Really appreciated you writing that, Aria."
"Olivia Beckman","https://www.linkedin.com/in/olivia-beckman-36b1b0167","Delivered by HeyReach","","","1","Finished","ConnectionAccepted","MessageReply","Just saw Forest View is offering 24/7 confidential mental health assessments for teens. Such an important resource for families, Olivia. Grateful you and your intake team are making that happen."
"Mohamed Esuf","https://www.linkedin.com/in/mohamed-e-861454168","Delivered by HeyReach","","","1","Finished","ConnectionAccepted","MessageSent","Just saw that Radial acquired the MSO to build out a 27 clinic brain medicine network. Huge milestone for the field, Mohamed. Congrats to you and the team, excited to see where you take it."
"Kyleigh Bromen","https://www.linkedin.com/in/kyleigh-bromen-04a585168","Delivered by HeyReach","","","1","Finished","ConnectionAccepted","MessageSent","Just saw that 71% of Stride's clients are mainstreaming into general ed classrooms. That is such an impressive outcome, Kyleigh. Congrats to you and your team for the work behind that number."
"Lucas Trautman, MD, MPH, ABPN, ABPM","https://www.linkedin.com/in/lucas-trautman-md-mph-abpn-abpm-960763173","Delivered by HeyReach","","","1","Finished","ConnectionAccepted","MessageSent","Just saw you were named a 2026 Health Care Hero, Lucas. Congratulations, that is such a well deserved honor and it says a lot about the work you're doing in addiction medicine at Oxford."
"Alondra Russe","https://www.linkedin.com/in/alondra-russe-966094179","Delivered by HeyReach","","","1","Finished","ConnectionAccepted","MessageSent","Alondra, just saw your carousel on anxiety hiding behind high performance. The never being able to switch off piece really landed. Glad you are naming what most people miss. Thanks for sharing it."
"Mikayla Lunsford","https://www.linkedin.com/in/mikayla-lunsford-287820188","Delivered by HeyReach","","","1","Finished","ConnectionAccepted","MessageSent","Mikayla, just saw the Miami Police co-responder partnership with GRAND. Getting crisis response out there alongside law enforcement is such a big deal. Congrats to you and your crisis team."
"Loren Tanner","https://www.linkedin.com/in/loren-tanner","Delivered by HeyReach","","","1","Finished","ConnectionAccepted","MessageSent","Loren, just saw Rogers opened the new Eau Claire clinic. Facility development and launches being your wheelhouse, that has to feel great to see open. Congrats on getting more access built."
"Tiffany Douglas","https://www.linkedin.com/in/tiffany-douglas-84b2b018b","Delivered by HeyReach","","","1","Finished","ConnectionAccepted","MessageSent","Tiffany, just saw the FOX 44 interview on Suicide Prevention Month. So glad you all are putting that conversation in the spotlight where families can actually hear it. Thank you for the work you do."
"Kartiki Churi","https://www.linkedin.com/in/kartiki-c","Delivered by HeyReach","","","1","Finished","ConnectionAccepted","MessageSent","Just saw your 9NEWS conversation on suicide prevention. The reminder to simply ask someone how they're really doing landed hard. Thank you for speaking so openly about it."
"Rhea Fernandes Psy.D.","https://www.linkedin.com/in/rhea-fernandes-psy-d-2a98672","Delivered by HeyReach","","","1","Finished","ConnectionAccepted","MessageSent","Just saw your post for Direct Support Professional Recognition Week. Honoring nearly 3,000 direct care staff says a lot about Devereux. Thanks for making sure they get the credit."
"Mary Ann Guerra","https://www.linkedin.com/in/mary-ann-guerra-59678a23","Delivered by HeyReach","","","1","Failed","ConnectionAccepted","MessageSent","Just saw David Lawrence Centers landed the $25K grant for wellness and interpretation services. Great news for the kids and families in your care. Congrats to you and your team."
"Ezekiel PMP","https://www.linkedin.com/in/ezekiel-okumoye-md-mph-pmp-84414324","Delivered by HeyReach","","","1","Finished","ConnectionAccepted","MessageSent","Just saw your post on how anxiety hides behind high performers. The overthinking and never switching off piece rang so true. Thanks for naming something most people miss."
"Lorinda Blaisdell MSW LICSW","https://www.linkedin.com/in/lorinda-blaisdell-msw-licsw-38033524","Delivered by HeyReach","","","1","Finished","ConnectionAccepted","MessageSent","Just saw Secretary Mahaniah stopped by the Lawrence CBHC on his statewide mental health tour. Great visibility for the work your team is doing. Congrats, Lorinda."
"Brian Kay, PhD, MBA","https://www.linkedin.com/in/bckay","Delivered by HeyReach","","","1","Finished","ConnectionAccepted","MessageSent","Just saw Rogers opened the new clinic in Eau Claire. More access in that part of the state is great news. Congrats to you and the team, Brian."
"Jason Hake","https://www.linkedin.com/in/jason-h-0a203825","Delivered by HeyReach","","","1","Finished","ConnectionAccepted","MessageSent","Just saw the North Central Health Care Foundation gala marked 25 years of impact. That is a big milestone, and it says a lot about the community behind you. Congrats to you and the team, Jason."
"Nicole Land","https://www.linkedin.com/in/nicole-land-0882ba205","Delivered by HeyReach","","","1","Finished","ConnectionAccepted","MessageSent","Your breakdown of what an RBT leaving really costs was so good, especially the unbilled claims sitting there with nobody noticing. That gets missed constantly. Thanks for saying it out loud."
"Kristi LMFT","https://www.linkedin.com/in/kristi-grothe-ma-lmft-770989219","Delivered by HeyReach","","","1","Finished","ConnectionAccepted","MessageSent","Congrats on opening the doors at Pasadena Villa Greenwood Village, Kristi. The little treat from Amy and her Colorado Springs team is exactly what makes this field special."
"Kristen Pearce","https://www.linkedin.com/in/kristen-pearce","Delivered by HeyReach","","","1","Finished","ConnectionAccepted","MessageSent","Just saw that Sagent stepped in to support the YMCA counselors after the Boundary Waters wildfires. That kind of response says a lot about your team. Thank you for doing it."
"Kamran Khatri","https://www.linkedin.com/in/kamran-khatri","Delivered by HeyReach","","","1","Finished","ConnectionAccepted","MessageSent","Trail Boss is such a great honor, and having a board member read it out loud makes it even better. Congrats, Kamran. Great to see leaders recognized that personally."
"Jathin Bandari","https://www.linkedin.com/in/jathin-bandari","Delivered by HeyReach","","","1","Finished","ConnectionAccepted","MessageSent","Just saw Naoko Takebe joined Wilmot for early-phase trials. Big step for your program. We're also inviting select practices into a biopharma-funded study built on the patient voice."
"Gigi Ackerman Schwartz","https://www.linkedin.com/in/gigiackerman","Delivered by HeyReach","1 duplicate pending slot(s) also exist.","pending","1","Finished","ConnectionAccepted","MessageSent","Just saw Ackerman's push for Prostate Cancer Awareness Month, great to see. Thank you for that work. We're also inviting select practices into a biopharma-funded study built on the patient voice."
"Inga Gonzalez","https://www.linkedin.com/in/inga-gonzalez-4655b2281","Delivered by HeyReach","1 duplicate pending slot(s) also exist.","pending","1","Finished","ConnectionAccepted","MessageSent","Just saw AON's partner LCCC opened in Statesboro, great growth for community cancer care. We're also inviting select oncology practices into a biopharma-funded study built on the patient voice."
"Bruna Pellini","https://www.linkedin.com/in/bruna-pellini-8b627a289","Delivered by HeyReach","","","1","Finished","ConnectionAccepted","MessageSent","Just saw your ISLB Molecular Tumor Board post on breast cancer. Turning molecular insight into personal care, love that. We're also inviting select practices to a biopharma-funded patient-voice study."
"Andrew Kanner","https://www.linkedin.com/in/andrew-kanner","Delivered by HeyReach","","","1","Finished","ConnectionAccepted","MessageSent","Just saw your 9/11 post. The strength we find in each other, so true. Thanks for sharing it. "
"Grant Andres, BSc, DC, BSN, MSN-RN, CLSSBB, CPHQ, OCN","https://www.linkedin.com/in/drgrantandres","Delivered by HeyReach","","","1","Finished","ConnectionAccepted","MessageSent","Just saw how St. John and Tulsa Cancer Institute came together to form OCSRI, big milestone for the region. We're inviting select practices into a biopharma-funded study on the patient voice."
"Ash Tewari, MD","https://www.linkedin.com/in/ash-tewari-md-4757b44","Delivered by HeyReach","","","1","Finished","ConnectionAccepted","MessageReply","Just saw your post on anatomic understanding and plane recognition. Coming from 5,000+ surgeries, that says a lot. Still excited about the biopharma-funded patient voice study whenever timing works."
"Susan Sabo-Wagner MSN, RN, OCN, NEA-BC","https://www.linkedin.com/in/susan-sabo-wagner","Delivered by HeyReach","","queued_as_campaign","1","Finished","ConnectionAccepted","MessageSent","Saw AON's move to going public with DTOC, big milestone for the network. Given your focus on the patient voice, we're inviting select oncology practices into a biopharma-funded study on just that."
"Tiffany (Koolakian) Zewe","https://www.linkedin.com/in/tiffany-koolakian-zewe-7a33855","Delivered by HeyReach","","","1","Finished","ConnectionAccepted","MessageSent","Just saw your post about ASTRO 2026. Booth 2927 sounds like a great stop in Boston. We're inviting select oncology practices into a biopharma-funded study on the patient voice."
"Dron Gauchan, M.D","https://www.linkedin.com/in/dron-gauchan-m-d-97b21052","Delivered by HeyReach","","","1","Finished","ConnectionAccepted","MessageSent","Just saw Sutter scaled AI org wide, past the pilot stage. Big milestone, and right in your informatics lane. We're inviting select oncology practices into a biopharma funded patient voice study."
"Joy PhD","https://www.linkedin.com/in/joyljones1","Delivered by HeyReach","","","1","Failed","ConnectionAccepted","MessageSent","Just saw the new lymphoma, lung and sarcoma trials at VCU Massey. Exciting progress for the trial workforce you champion. We're inviting select practices into a biopharma funded patient voice study."
"Lisa Carter-Bawa, PhD, MPH, APRN, ANP-C, FAAN, FSBM","https://www.linkedin.com/in/lisacarterbawa","Delivered by HeyReach","","","1","Finished","ConnectionAccepted","MessageReply","Just read your Aims page post. That line about seeing your plan but not what you believe is so true. We're inviting select oncology practices into a biopharma funded patient voice study."
"Jason Spaans","https://www.linkedin.com/in/jason-spaans-a5070a57","Delivered by HeyReach","","","1","Finished","ConnectionAccepted","MessageSent","Just saw Sanford's registry data helped lower the national colonoscopy screening age. That's a big win. We're inviting select oncology practices into a biopharma funded patient voice study."
"Jessica LCSW","https://www.linkedin.com/in/jessica-kreitman-lcsw-09895662","Delivered by HeyReach","","","1","Finished","ConnectionAccepted","MessageSent","Art Fridays looks like such a joy, the graffiti T-shirt workshop especially. Thanks for what you do for patients. We're inviting a few oncology practices into a biopharma funded patient voice study."
"Dr Bagdasarian","https://www.linkedin.com/in/dr-boris-bagdasarian-0ba87a7","Delivered by HeyReach","","","1","Finished","ConnectionAccepted","MessageReply","Dr. Bagdasarian, still excited about LACN joining OneOncology, big step for patients in California. We're inviting select oncology practices into a biopharma funded patient voice study."
"Cary Passaglia","https://www.linkedin.com/in/cary-passaglia-21b98766","Delivered by HeyReach","","","1","Finished","ConnectionAccepted","MessageSent","Cary, just saw your post on OnTrial heading to SOCRA. Love that they built around how your team actually works. We're inviting select oncology practices into a biopharma funded patient voice study."
"Janelle Hamilton","https://www.linkedin.com/in/janelle-hamilton-62840067","Delivered by HeyReach","1 duplicate pending slot(s) also exist.","pending","1","Finished","ConnectionAccepted","MessageSent","Janelle, just saw your post on the mRNA melanoma vaccine with Keytruda, exciting Phase III results. We're inviting select oncology practices into a biopharma funded patient voice study."
"Barb MPLC.","https://www.linkedin.com/in/barb-regis-m-s-pa-c-faapa-mplc-5202b968","Delivered by HeyReach","1 duplicate pending slot(s) also exist.","pending","1","Finished","ConnectionAccepted","MessageSent","Barb, still thinking about your survivorship work and the book, coworkers asking for autographed copies says it all. We're inviting select practices into a biopharma funded patient voice study."
"Andrea CPhT","https://www.linkedin.com/in/andrea-curry-phd-mha-cpht","Delivered by HeyReach","","","1","Finished","ConnectionAccepted","MessageSent","Andrea, just saw your trademark news, congrats on making it official. Love that you protected it. We're inviting select oncology practices into a biopharma funded patient voice study."
"Jorge Capote","https://www.linkedin.com/in/jorge-capote-aa28137a","Delivered by HeyReach","","","1","Finished","ConnectionAccepted","MessageSent","Jorge, just saw MSK named world's best cancer hospital by Newsweek. Congrats, your patient relations work is part of that."
"Jivesh M.D.","https://www.linkedin.com/in/jiveshsharma","Delivered by HeyReach","","","1","Finished","ConnectionAccepted","MessageSent","Just saw your post on AI surfacing those phage ARTs. The shift from 'can we find a hypothesis' to 'which deserve lab time' is spot on. "
"Lenia Batas","https://www.linkedin.com/in/lenia-batas-71016b82","Delivered by HeyReach","","","1","Finished","ConnectionAccepted","MessageSent","Just saw Maimonides opened its new 7th Ave hub for primary, women's and pediatric care. Great milestone, right in your wheelhouse. "
"Gunnar Lauer, MD","https://www.linkedin.com/in/gunnar-lauer-md-57755b84","Delivered by HeyReach","","","1","Finished","ConnectionAccepted","MessageSent","Just saw the metronomic regimen study for TP53-mutated myeloid malignancies. Meaningful step forward. "
"John F. Gibbs, MD, MHCM, CPE, FACS","https://www.linkedin.com/in/john-f-gibbs-md-mhcm-cpe","Delivered by HeyReach","","","1","Finished","ConnectionAccepted","MessageReply","Just saw Hackensack Meridian's $125M gift for Jersey Shore's expansion. Big milestone, especially given your history there. "
"Lanie MD","https://www.linkedin.com/in/lanie-francis-md-1b388490","Delivered by HeyReach","","","1","Finished","ConnectionAccepted","MessageSent","Just saw Hillman's pembrolizumab plus chemoradiotherapy results. Exciting progress, and thanks for your survivorship work. "
"andrew salner","https://www.linkedin.com/in/andrew-salner-45597690","Delivered by HeyReach","1 duplicate pending slot(s) also exist.","pending","1","Finished","ConnectionAccepted","MessageReply","Just saw daraxonrasib nearly doubled survival in pancreatic cancer. What a breakthrough. We're inviting select oncology practices into a biopharma-funded study built on the patient voice."
"Brian Szender","https://www.linkedin.com/in/brianszender","Delivered by HeyReach","","","1","Finished","ConnectionAccepted","MessageSent","Just saw your post on making training a weekly habit. So true that lessons fade once everyone is back to patient care. "
"Amit M.D.","https://www.linkedin.com/in/amit-patel-m-d-1a3337a2","Delivered by HeyReach","1 duplicate pending slot(s) also exist.","pending","1","Finished","ConnectionAccepted","MessageSent","Just saw your post on that Astera and Vantris talk about defining and measuring value in oncology. Great topic. "
"Jody Sullivan MBA MSIT RT (R)(T)","https://www.linkedin.com/in/jody-sullivan-mba-msit-rt-r-t-b769a4a2","Delivered by HeyReach","1 duplicate pending slot(s) also exist.","pending","1","Finished","ConnectionAccepted","MessageSent","Just saw your post with Dr. Martino on the subtle signs of ovarian cancer. Thank you for getting that out there. "
"Coleen Calero","https://www.linkedin.com/in/coleen-calero-95b205a5","Delivered by HeyReach","","","1","Finished","ConnectionAccepted","MessageSent","Just saw Swedish Cancer Institute is adding infusion chairs and exam rooms in Everett. Awesome to see. "
"Justine Mickas","https://www.linkedin.com/in/justine-mickas-b4801b11","Delivered by HeyReach","1 duplicate pending slot(s) also exist.","pending","1","Finished","ConnectionAccepted","MessageSent","Just saw Duly's Charitable Fund gave over $410,000 to 40 nonprofits this year. Great impact. "
"Jennifer Pugh","https://www.linkedin.com/in/jennifer-pugh-7b602111","Delivered by HeyReach","","","1","Finished","ConnectionAccepted","MessageSent","Just saw the news about US Oncology's panel on value-based payment. Exciting direction. "
"Yale Podnos","https://www.linkedin.com/in/yale-d-podnos-b956a1b7","Delivered by HeyReach","","","1","Finished","ConnectionAccepted","MessageSent","Just saw your PCOC panel post, cost and scale for novel therapies is a needed conversation. "
"Folashade Otegbeye","https://www.linkedin.com/in/folashade-otegbeye-523a5512","Delivered by HeyReach","","","1","Finished","ConnectionAccepted","MessageSent","Just saw your post on FACT inspectors and the value they bring back to an organization. Great angle. "
"Alicia Rayder","https://www.linkedin.com/in/alicia-vella-rayder-85739a118","Delivered by HeyReach","","","1","Finished","ConnectionAccepted","MessageSent","Just saw your Influential Women feature. ""Caring for the people doing the caring"" is so true. "
"Joan FAAN","https://www.linkedin.com/in/joan-o-hanlon-curry-dnp-rn-cpnp-cpon-nea-bc-faphon-faonl-faan-81738417","Delivered by HeyReach","1 duplicate pending slot(s) also exist.","pending","1","Finished","ConnectionAccepted","MessageSent","Congrats on heading to APHON's 50th in Memphis! As a past president, that milestone must feel special. "
"Angela Hammett","https://www.linkedin.com/in/angela-hammett-a47b5817","Delivered by HeyReach","","","1","Finished","ConnectionAccepted","MessageSent","Just saw your post about the MBPCC navigators reducing barriers to care. They deserve that praise. "
"Elizabeth Spencer","https://www.linkedin.com/in/elizabeth-spencer-094a25147","Delivered by HeyReach","","","1","Finished","ConnectionAccepted","MessageSent","Just saw OneOncology finalized 25 clinical pathways in oncology and hematology. Big step for patients. "
"Gregory Vidal","https://www.linkedin.com/in/gregory-vidal-19763219","Delivered by HeyReach","","","1","Finished","ConnectionAccepted","MessageSent","Just saw your post on Janet and Vanessa's stories in USA TODAY. Their willingness to share on mTNBC is powerful. "
"Dr. CCHC","https://www.linkedin.com/in/dr-krystal-player-dha-mba-bsn-rn-ocn-cchc-79a230162","Delivered by HeyReach","","","1","Finished","ConnectionAccepted","MessageSent","Just saw your Becker's talk on virtual nursing. Nurses designing innovation from the start is spot on. "
"Melissa OCN","https://www.linkedin.com/in/melissa-barnes-rn-bsn-ocn-67658b17a","Delivered by HeyReach","","","1","Finished","ConnectionAccepted","MessageSent","Just saw the Phase 1b unesbulin data. Promising response rates. Exciting for research teams like yours. "
"Jeff M.D.","https://www.linkedin.com/in/jeff-sharman-m-d-811ab71b","Delivered by HeyReach","","","1","Finished","ConnectionAccepted","MessageSent","Just saw Nashville Oncology Associates joined the Network, now 2,400+ providers strong. Big milestone. "
"David Shalowitz","https://www.linkedin.com/in/david-shalowitz-06614820","Delivered by HeyReach","1 duplicate pending slot(s) also exist.","pending","1","Finished","ConnectionAccepted","MessageReply","Just saw your post on the Washington Post feature of your tubo-ovarian cancer prevention work. Real impact. "
"Al FNP-BC","https://www.linkedin.com/in/al-orozco-msn-aprn-fnp-bc-038253189","Delivered by HeyReach","","","1","Finished","ConnectionAccepted","MessageSent","Just saw White Plains is working on an mRNA melanoma vaccine. Huge step for your patients. "
"Jilliann De Jong","https://www.linkedin.com/in/jilliann-de-jong-35025818a","Delivered by HeyReach","","","1","Finished","ConnectionAccepted","MessageSent","Just saw Dr. Nye on KCTV talking about cancer prevention trials. Great to see that work highlighted. "
"Hamid Sediqe","https://www.linkedin.com/in/hsediqe","Delivered by HeyReach","","","1","Failed","ConnectionAccepted","MessageSent","Just saw your post on the new Plano Cancer Center. Love the excitement for patients and caregivers. "
"Garima PhD","https://www.linkedin.com/in/garimadixit","Delivered by HeyReach","","","1","Failed","ConnectionAccepted","MessageReply","Just saw UI Health Care helped move three new cancer therapies forward. Big progress for patients. "
"Kamadi FACHE","https://www.linkedin.com/in/kamadi-camp-mba-fache-73114023","Delivered by HeyReach","1 duplicate pending slot(s) also exist.","pending","1","Finished","ConnectionAccepted","MessageSent","Just saw your post from the ACS Discovery Ball. Great to see Ascension Saint Thomas honored there. "
"Chirag Shah","https://www.linkedin.com/in/chirag-shah-1687b623","Delivered by HeyReach","","","1","Finished","ConnectionAccepted","MessageSent","Just saw Swedish Cancer Institute is expanding to 14 infusion chairs by 2027. Great win for access. We're inviting select oncology practices into a biopharma-funded study built on the patient voice."
"Shivaani Kummar","https://www.linkedin.com/in/shivaani-kummar-b51a161b9","Delivered by HeyReach","","","1","Finished","ConnectionAccepted","MessageSent","Just saw the news on the mRNA-2752 plus durvalumab trial at Knight. Exciting step for patients. We're still inviting select practices into a biopharma-funded study built on the patient voice."
"Lindsey Roegge","https://www.linkedin.com/in/lindsey-humphrey-roegge-428bb3201","Delivered by HeyReach","","","1","Finished","ConnectionAccepted","MessageSent","Just saw MedStar Georgetown ranked first in the region for cancer care, so deserved. Hope your DNP at Hopkins is going well. We're inviting select practices into a biopharma-funded patient voice study."
"Justin Gainor","https://www.linkedin.com/in/justin-gainor-98734b204","Delivered by HeyReach","","","1","Finished","ConnectionAccepted","MessageSent","Just saw the tribute to Gary Petercuskie's support of the Lung Cancer Dream Team, really moving. Thank you for that work. "
"Krystian Siek","https://www.linkedin.com/in/krystian-siek-b1b25a206","Delivered by HeyReach","","","1","Finished","ConnectionAccepted","MessageSent","Just saw all 11 NYC Health + Hospitals sites made the Best Hospitals list, huge. Your lung screening work is part of that. "
"Dan Reed","https://www.linkedin.com/in/dan-reed-2babba25","Delivered by HeyReach","","","1","Finished","ConnectionAccepted","MessageSent","Just saw your post on private AI, owning your own hardware, models and data makes a lot of sense for a practice like yours. "
"Phillip Lord","https://www.linkedin.com/in/plord123","Delivered by HeyReach","","queued_as_campaign","1","Finished","ConnectionAccepted","MessageSent","Just saw your post on the #1 pediatric cancer ranking, top three every year since 2007 is remarkable. "
"Greg Pampalone","https://www.linkedin.com/in/greg-pampalone-571700233","Delivered by HeyReach","","","1","Finished","ConnectionAccepted","MessageSent","Just saw NYCBS welcomed Dr. Garry Lachhar, great growth for cancer care on Long Island. "
"Chetan MD","https://www.linkedin.com/in/c-vakka","Delivered by HeyReach","","","1","Finished","ConnectionAccepted","MessageSent","Just saw the PRDX1 findings on restoring T cell activity, so promising. Thank you for all you do there. "