PersonalizedOutreachMessage4,customerId,heyreachListId,status,contactEmail,bdrLeader,outreachSetId,heyreachLeadId,heyreachFullName,scheduledDate,heyreachCampaignId,heyreachAccountId,iterationId,campaignId,errorMessage,heyreachPosition,heyreachEmail,heyreachRawData,heyreachMessagesCount,createdAt,heyreachCompany,PersonalizedConnectMessage,processedAt,bdrLeaderId,PersonalizedOutreachMessage3,heyreachLinkedInId,PersonalizedOutreachMessage,PersonalizedOutreachMessage2,originalActivities,contactName,heyreachLastSyncAt,company,updatedAt,errorAt,linkedinUrl,_id,_name,_createTime,_updateTime,previousHeyreachCampaignId,fixedBy,fixedAt,previousStatus,resetAt,resetBy,heyreachAddedCount,movedFromCampaign,moveOperationId,movedFromList,heyreachUpdatedCount,deletionReason,deletedAt,deletedBy
,customer_1756905670248,368534,sent_to_heyreach,jbufill@mhopc.com,Jean Paty,outreach_1762466559336_svn4hdw47,38912208,Jose Bufill,1762905600,232067,115040,default,campaign_1762401107769,"HeyReach did not add the lead. Added: 0, Updated: 0, Failed: 0

⚠️ MOST LIKELY CAUSE: This lead already exists in HeyReach campaign/list (duplicate based on LinkedIn URL or email).

SOLUTIONS:
1. Check HeyReach campaign ""232067"" to verify if this lead already exists
2. If this is intentional (updating/resending), you can safely ignore this error
3. If lead should be added, remove them from HeyReach first, then try again
4. Click ""Mark as Sent (Duplicate)"" to mark this activity as sent without adding to HeyReach",,"{""nullValue"":null}","{""companyName"":""Michiana Hematology Oncology"",""lastName"":""Bufill"",""location"":"""",""industry"":{""nullValue"":null},""imageUrl"":{""nullValue"":null},""connections"":0,""username"":""jose-bufill-78004611"",""enrichedEmailAddress"":{""nullValue"":null},""linkedin_id"":""38912208"",""profileUrl"":""https://www.linkedin.com/in/jose-bufill-78004611"",""headline"":{""nullValue"":null},""experiences"":{""nullValue"":null},""education"":{""nullValue"":null},""followers"":0,""emailEnrichments"":[""jbufill@mhopc.com""],""about"":"""",""summary"":""Partner at Michiana Hematology-Oncology"",""customEmailAddress"":""jbufill@mhopc.com"",""fullName"":""Jose Bufill"",""emailAddress"":{""nullValue"":null},""companyUrl"":{""nullValue"":null},""position"":"""",""firstName"":""Jose""}",0,1762387200,Michiana Hematology Oncology,Were working on a collaborative with Life Sciences & Pharma - inviting leading Hematology/Oncology groups. Michiana Hematology Oncology is invited. Interested?,1763337600,bdr_1759775159631,,38912208,"Jose-

We are working on a significant initiative with pharma and life sciences companies who are looking for premier Oncology practices - and we wanted to invite you to participate. 

You’re a physician-led, patient-first team — the largest board-certified oncology group in Northern Indiana with decades of experience and a Reimagine Care partnership that brings personalized treatment and symptom support beyond the clinic.

These groups are looking for leading physicians and practices to transform healthcare through patient-reported outcomes. In addition to helping subsidize the cost of these systems, their access to anonymized patient reported outcomes can become a significant revenue source. 

Would you be open to a quick conversation to explore what that could look like for Michiana Hematology Oncology?",,"1, 1762905600, connection_request, Were working on a collaborative with Life Sciences & Pharma - inviting leading Hematology/Oncology groups. Michiana Hematology Oncology is invited. Interested?, send_message, 5, Jose-

We are working on a significant initiative with pharma and life sciences companies who are looking for premier Oncology practices - and we wanted to invite you to participate. 

You’re a physician-led, patient-first team — the largest board-certified oncology group in Northern Indiana with decades of experience and a Reimagine Care partnership that brings personalized treatment and symptom support beyond the clinic.

These groups are looking for leading physicians and practices to transform healthcare through patient-reported outcomes. In addition to helping subsidize the cost of these systems, their access to anonymized patient reported outcomes can become a significant revenue source. 

Would you be open to a quick conversation to explore what that could look like for Michiana Hematology Oncology?, 1763424000",Jose Bufill,1764547200,Michiana Hematology Oncology,1763337600,1763337600,https://www.linkedin.com/in/jose-bufill-78004611,02RibBesYcy25M1fpjiN,projects/clemail/databases/(default)/documents/linkedin_activities/02RibBesYcy25M1fpjiN,2025-11-06T22:14:21.556486Z,2025-12-01T11:00:04.297012Z,,,,,,,,,,,,,,
,customer_1756905670248,368534,sent_to_heyreach,aballard@hcnetwork.org,Jean Paty,outreach_1761586252337_wbsfbc9x7,864317440,Dr RN,1761609600,232067,115040,default,campaign_1758727047628,,"{""nullValue"":null}","{""nullValue"":null}","{""customEmailAddress"":""aballard@hcnetwork.org"",""position"":{""nullValue"":null},""headline"":{""nullValue"":null},""username"":""dr-april-ballard-dnp-msn-bsn-rn-85455b201"",""linkedin_id"":""864317440"",""education"":""0"",""enrichedEmailAddress"":{""nullValue"":null},""connections"":0,""location"":{""nullValue"":null},""summary"":""Executive Director of Nursing | DNP-Prepared Healthcare Leader | Emergency Nursing, Quality, Equity & Operational Excellence"",""emailAddress"":{""nullValue"":null},""followers"":0,""about"":{""nullValue"":null},""emailEnrichments"":[""aballard@hcnetwork.org""],""imageUrl"":""https://media.licdn.com/dms/image/v2/D4E03AQFJrJay7FjVOg/profile-displayphoto-scale_400_400/B4EZkysQQtHIAg-/0/1757492087575?e=1765411200&v=beta&t=PlCGGNHgvrKwHcAnY24C8oMcp7sYBMEI6CshaaU5NS8"",""profileUrl"":""https://www.linkedin.com/in/dr-april-ballard-dnp-msn-bsn-rn-85455b201"",""companyUrl"":{""nullValue"":null},""companyName"":{""nullValue"":null},""fullName"":""Dr RN"",""firstName"":""Dr"",""experiences"":""0"",""industry"":{""nullValue"":null},""lastName"":""RN""}",0,1761523200,"{""nullValue"":null}","Saw your post about the LiFT Open House and neurodiverse community support. We're working on a big initiative with pharma and life sciences, and I'd love to include you if you're open to collaborating.",1761609600,bdr_1759775159631,,864317440,"Dr-

Saw your post about the LiFT Open House and neurodiverse community support. We're working on a big initiative with pharma and life sciences, and I'd love to include you if you're open to collaborating. 

When our leadership team saw your commitment to supporting neurodiverse students, we wanted to invite you to join a new collaborative to transform healthcare. 

Let me explain – we’re partnering with leading physicians and practices to transform healthcare through patient-reported outcomes. Our model is simple: life sciences and pharma groups fund access to anonymized patient data. This allows us to subsidize the cost and administration of collecting and benchmarking patient feedback for healthcare across the country.

Your thought leadership makes you a natural fit to lead out in this growing movement — early enough to help shape it, but with a foundation that’s already delivering results.

Would you be open to a quick conversation to explore what that could look like for Evara Health?
",,"1761609600, 1, like_recent_post, LinkedIn activity, 1761609600, connection_request, 1, Saw your post about the LiFT Open House and neurodiverse community support. We're working on a big initiative with pharma and life sciences, and I'd love to include you if you're open to collaborating., 1764028800, 11, send_message, Dr-

Saw your post about the LiFT Open House and neurodiverse community support. We're working on a big initiative with pharma and life sciences, and I'd love to include you if you're open to collaborating. 

When our leadership team saw your commitment to supporting neurodiverse students, we wanted to invite you to join a new collaborative to transform healthcare. 

Let me explain – we’re partnering with leading physicians and practices to transform healthcare through patient-reported outcomes. Our model is simple: life sciences and pharma groups fund access to anonymized patient data. This allows us to subsidize the cost and administration of collecting and benchmarking patient feedback for healthcare across the country.

Your thought leadership makes you a natural fit to lead out in this growing movement — early enough to help shape it, but with a foundation that’s already delivering results.

Would you be open to a quick conversation to explore what that could look like for Evara Health?
",Dr April Ballard DNP MSN BSN RN,1764547200,Evara Health,1761609600,,https://www.linkedin.com/in/dr-april-ballard-dnp-msn-bsn-rn-85455b201,03VW3wiuyM0IteXzFdZO,projects/clemail/databases/(default)/documents/linkedin_activities/03VW3wiuyM0IteXzFdZO,2025-10-27T17:53:10.452039Z,2025-12-01T11:00:05.499145Z,,,,,,,,,,,,,,
,customer_1756905670248,368535,sent_to_heyreach,javier.rodriguez@davita.com,Ryan Saliman,outreach_1761586262528_48f6tdr6s,32203610,Javier Rodriguez,1761696000,232064,114682,default,campaign_1758727047628,,CEO,"{""nullValue"":null}","{""headline"":{""nullValue"":null},""companyName"":""DaVita"",""emailEnrichments"":[""javier.rodriguez@davita.com""],""location"":""Denver, Colorado, United States"",""industry"":{""nullValue"":null},""about"":""In more than 20 years with DaVita, I have built on my experience as a leader committed to… see more"",""enrichedEmailAddress"":{""nullValue"":null},""position"":""CEO"",""lastName"":""Rodriguez"",""experiences"":""[]"",""fullName"":""Javier Rodriguez"",""emailAddress"":{""nullValue"":null},""profileUrl"":""https://www.linkedin.com/in/davitaceo"",""companyUrl"":{""nullValue"":null},""followers"":0,""username"":""davitaceo"",""customEmailAddress"":""javier.rodriguez@davita.com"",""summary"":""In more than 20 years with DaVita, I have built on my experience as a leader committed to transforming care delivery for patients with kidney disease–from the earliest stages through transplantation. I’m passionate about accelerating the digital transformation and delivering customized care to each patient while lowering costs for the health care system. All of us at DaVita strive to improve the quality of life for our patients through clinical innovation and integrated, personalized care.\n\nI have experienced firsthand the importance and impact of fostering a powerful sense of belonging and community among teammates and patients. In 2020, I became one of 550 CEOs to sign the CEO Action Pledge for Diversity & Inclusion. I proudly sit on the board of directors for Gilead Sciences Inc."",""linkedin_id"":""32203610"",""connections"":0,""firstName"":""Javier"",""education"":""[]"",""imageUrl"":""https://media.licdn.com/dms/image/v2/D5603AQGif1gLK0QRrQ/profile-displayphoto-crop_800_800/B56ZlizQGjKAAI-/0/1758299227053?e=1763596800&v=beta&t=WHbyFqHeO6Kp2Pw2nJXmqohQOtezPaYZtOlqyvGqNn0""}",0,1761523200,DaVita,Saw your post about Franz's kidney disease journey. We're partnering with bio-science and pharma to reimagine long-term compassionate care. We'd love to include you if you're open.,1761696000,bdr_1759775085025,,32203610,"Javier-

Saw your post about Franz's kidney disease journey. We're partnering with bio-science and pharma to reimagine long-term compassionate care. We'd love to include you if you're open. 

When our leadership team saw your work on this topic, we wanted to invite you to join a new collaborative to transform chronic care. 

Let me explain – we’re partnering with leading physicians and practices to transform healthcare through patient-reported outcomes. Our model is simple: life sciences and pharma groups fund access to anonymized patient data. This allows us to subsidize the cost and administration of collecting and benchmarking patient feedback for healthcare across the country.

Your thought leadership makes you a natural fit to lead out in this growing movement — early enough to help shape it, but with a foundation that’s already delivering results.

Would you be open to a quick conversation to explore what that could look like for DaVita?
",,"like_recent_post, LinkedIn activity, 1, 1761696000, 1761696000, connection_request, Saw your post about Franz's kidney disease journey. We're partnering with bio-science and pharma to reimagine long-term compassionate care. We'd love to include you if you're open., 1, Javier-

Saw your post about Franz's kidney disease journey. We're partnering with bio-science and pharma to reimagine long-term compassionate care. We'd love to include you if you're open. 

When our leadership team saw your work on this topic, we wanted to invite you to join a new collaborative to transform chronic care. 

Let me explain – we’re partnering with leading physicians and practices to transform healthcare through patient-reported outcomes. Our model is simple: life sciences and pharma groups fund access to anonymized patient data. This allows us to subsidize the cost and administration of collecting and benchmarking patient feedback for healthcare across the country.

Your thought leadership makes you a natural fit to lead out in this growing movement — early enough to help shape it, but with a foundation that’s already delivering results.

Would you be open to a quick conversation to explore what that could look like for DaVita?
, 11, send_message, 1764115200",Javier Rodriguez,1764547200,DaVita,1761696000,,https://www.linkedin.com/in/davitaceo,044R3lmnfE4WiZBqLMyA,projects/clemail/databases/(default)/documents/linkedin_activities/044R3lmnfE4WiZBqLMyA,2025-10-27T17:53:10.452039Z,2025-12-01T11:00:07.066788Z,,,,,,,,,,,,,,
,customer_1756905670248,368534,sent_to_heyreach,rdubrovskiy@pediatricassociates.com,Jean Paty,outreach_1760027057419_bla8awkn8,1097523613,Ritchelle Dubrovskiy,1760054400,232067,115040,,campaign_1757543633065,,East Recruitment Lead,rdubrovskiy@pediatricassociates.com,"{""companyUrl"":{""nullValue"":null},""companyName"":""Pediatric Associates Family of Companies"",""location"":{""nullValue"":null},""lastName"":""Dubrovskiy"",""fullName"":""Ritchelle Dubrovskiy"",""emailAddress"":""rdubrovskiy@pediatricassociates.com"",""summary"":""Physician @ Pediatric Associates | Biology, Recruiting"",""position"":""East Recruitment Lead"",""imageUrl"":""https://media.licdn.com/dms/image/v2/D4E03AQH6FVsJGWD0FA/profile-displayphoto-shrink_100_100/profile-displayphoto-shrink_100_100/0/1677083850664?e=1762992000&v=beta&t=ZlCbK1bXJxePYMj8Rjy82xrqC0Vch1BV7auebE9NDcU"",""username"":""ritchelle-dubrovskiy-b91684267"",""education"":{""nullValue"":null},""about"":{""nullValue"":null},""linkedin_id"":""1097523613"",""connections"":0,""headline"":{""nullValue"":null},""profileUrl"":""https://www.linkedin.com/in/ritchelle-dubrovskiy-b91684267"",""emailEnrichments"":[""rdubrovskiy@pediatricassociates.com""],""customEmailAddress"":""rdubrovskiy@pediatricassociates.com"",""enrichedEmailAddress"":{""nullValue"":null},""followers"":0,""industry"":{""nullValue"":null},""firstName"":""Ritchelle"",""experiences"":{""nullValue"":null}}",0,1759968000,Pediatric Associates Family of Companies,Saw your post about ACOG reaffirming acetaminophen safety in pregnancy. We're working with bio-science and pharma on a big maternal health initiative and would love to include you if you're open.,1760054400,bdr_1759775159631,,1097523613,"Ritchelle-

Saw your post about ACOG reaffirming acetaminophen safety in pregnancy. We're working with bio-science and pharma on a big maternal health initiative and would love to include you if you're open.

After seeing your leadership on this topic, we'd love to invite you to join a new collaborative helping transform healthcare through patient‑reported outcomes.

Let me explain – we’re partnering with leading physicians and practices to transform healthcare through patient-reported outcomes. Our model is simple: life sciences and pharma groups fund access to anonymized patient data. This allows us to subsidize the cost and administration of collecting and benchmarking patient feedback for healthcare across the country.

Your thought leadership makes you a natural fit lead out in this growing movement — early enough to help shape it, but with a foundation that’s already delivering results.

Would you be open to a quick conversation to explore what that could look like for Pediatric Associates?
",,"like_recent_post, LinkedIn activity, 1, 1760054400, 1760313600, connection_request, Saw your post about ACOG reaffirming acetaminophen safety in pregnancy. We're working with bio-science and pharma on a big maternal health initiative and would love to include you if you're open., 2, 1761264000, 11, Ritchelle-

Saw your post about ACOG reaffirming acetaminophen safety in pregnancy. We're working with bio-science and pharma on a big maternal health initiative and would love to include you if you're open.

After seeing your leadership on this topic, we'd love to invite you to join a new collaborative helping transform healthcare through patient‑reported outcomes.

Let me explain – we’re partnering with leading physicians and practices to transform healthcare through patient-reported outcomes. Our model is simple: life sciences and pharma groups fund access to anonymized patient data. This allows us to subsidize the cost and administration of collecting and benchmarking patient feedback for healthcare across the country.

Your thought leadership makes you a natural fit lead out in this growing movement — early enough to help shape it, but with a foundation that’s already delivering results.

Would you be open to a quick conversation to explore what that could look like for Pediatric Associates?
, send_message",Ritchelle Dubrovskiy,1764547200,pediatricassociates,1760054400,,https://linkedin.com/in/ritchelle-dubrovskiy-b91684267,04NAqugXxG7ql6sHZRY2,projects/clemail/databases/(default)/documents/linkedin_activities/04NAqugXxG7ql6sHZRY2,2025-10-09T16:37:56.218419Z,2025-12-01T11:00:08.696232Z,232064,bdr-id-fix-tool,1760054400,,,,,,,,,,,
,customer_1756905670248,368533,sent_to_heyreach,pmillett@thesteadmanclinic.com,Bob Young,outreach_1760027056851_m90fpr1mj,35972232,Peter Millett,1759968000,232058,115030,,campaign_1757543633065,,"Orthopedic Shoulder, Elbow and Knee Surgeon and Sports Medicine Specialist","{""nullValue"":null}","{""lastName"":""Millett"",""profileUrl"":""https://www.linkedin.com/in/petermillettorthopedicsurgeon"",""experiences"":""0"",""followers"":0,""customEmailAddress"":""pmillett@thesteadmanclinic.com"",""companyName"":""the Steadman Clinic"",""education"":""0"",""connections"":0,""about"":{""nullValue"":null},""firstName"":""Peter"",""industry"":{""nullValue"":null},""linkedin_id"":""35972232"",""enrichedEmailAddress"":{""nullValue"":null},""companyUrl"":{""nullValue"":null},""emailAddress"":{""nullValue"":null},""summary"":""Orthopedic Surgeon and Sports Medicine Specialist Steadman Clinic"",""imageUrl"":""https://media.licdn.com/dms/image/v2/C5603AQFIBEUq-sVXiA/profile-displayphoto-shrink_100_100/profile-displayphoto-shrink_100_100/0/1517712237512?e=1765411200&v=beta&t=GBSw7Dw7ja0Lvi58va0m7gVFW-N6RlzqpUHYmxDw-X0"",""fullName"":""Peter Millett"",""position"":""Orthopedic Shoulder, Elbow and Knee Surgeon and Sports Medicine Specialist"",""location"":""Vail, CO"",""username"":""petermillettorthopedicsurgeon"",""emailEnrichments"":[""pmillett@thesteadmanclinic.com""],""headline"":{""nullValue"":null}}",0,1759968000,the Steadman Clinic,Saw your post about Erik Johnson's career and mentorship. We're working on a big initiative with pharma and life sciences. Your perspective would be valuable; can I include you?,1759968000,bdr_1759775191223,,35972232,"Peter-

Saw your post about Erik Johnson's career and mentorship. We're working on a big initiative with pharma and life sciences. Your perspective would be valuable; can I include you?

When our leadership team saw your leadership and commitment to mentorship, we wanted to invite you to join a collaborative to transform healthcare through patient-reported outcomes.

Let me explain – we’re partnering with leading physicians and practices to transform healthcare through patient-reported outcomes. Our model is simple: life sciences and pharma groups fund access to anonymized patient data. This allows us to subsidize the cost and administration of collecting and benchmarking patient feedback for healthcare across the country.

Your thought leadership makes you a natural fit lead out in this growing movement — early enough to help shape it, but with a foundation that’s already delivering results.

Would you be open to a quick conversation to explore what that could look like for The Steadman Clinic?
",,"1759968000, 1, like_recent_post, LinkedIn activity, connection_request, 2, Saw your post about Erik Johnson's career and mentorship. We're working on a big initiative with pharma and life sciences. Your perspective would be valuable; can I include you?, 1760054400, send_message, 11, Peter-

Saw your post about Erik Johnson's career and mentorship. We're working on a big initiative with pharma and life sciences. Your perspective would be valuable; can I include you?

When our leadership team saw your leadership and commitment to mentorship, we wanted to invite you to join a collaborative to transform healthcare through patient-reported outcomes.

Let me explain – we’re partnering with leading physicians and practices to transform healthcare through patient-reported outcomes. Our model is simple: life sciences and pharma groups fund access to anonymized patient data. This allows us to subsidize the cost and administration of collecting and benchmarking patient feedback for healthcare across the country.

Your thought leadership makes you a natural fit lead out in this growing movement — early enough to help shape it, but with a foundation that’s already delivering results.

Would you be open to a quick conversation to explore what that could look like for The Steadman Clinic?
, 1761177600",Peter Millett,1764547200,thesteadmanclinic,1759968000,,https://linkedin.com/in/petermillettorthopedicsurgeon,04qb3KgtImLxvXHlq3Cx,projects/clemail/databases/(default)/documents/linkedin_activities/04qb3KgtImLxvXHlq3Cx,2025-10-09T16:37:56.218419Z,2025-12-01T11:00:09.901383Z,232064,bdr-id-fix-tool,1760054400,sent_to_heyreach,1759968000,manual-reset,,,,,,,,
,customer_1756905670248,368535,sent_to_heyreach,ckirkhart@schealthcenters.org,Ryan Saliman,outreach_1760027039899_46xoezqnt,63211933,Dr. KirkHart,1759968000,232064,114682,,campaign_1757543633065,,Chief Medical Officer,"{""nullValue"":null}","{""education"":""0"",""lastName"":""KirkHart"",""profileUrl"":""https://www.linkedin.com/in/dr-casey"",""emailAddress"":{""nullValue"":null},""followers"":0,""about"":{""nullValue"":null},""companyName"":""Wellness Equity Alliance"",""companyUrl"":{""nullValue"":null},""enrichedEmailAddress"":{""nullValue"":null},""industry"":""Hospitals and Health Care"",""firstName"":""Dr."",""summary"":""Health System Innovator and Physician Leader"",""experiences"":""0"",""connections"":0,""username"":""dr-casey"",""linkedin_id"":""63211933"",""fullName"":""Dr. KirkHart"",""location"":""San Francisco Bay Area"",""emailEnrichments"":[""ckirkhart@schealthcenters.org""],""position"":""Chief Medical Officer"",""headline"":{""nullValue"":null},""customEmailAddress"":""ckirkhart@schealthcenters.org"",""imageUrl"":""https://media.licdn.com/dms/image/v2/C5603AQEbqGKvJu7d9g/profile-displayphoto-shrink_100_100/profile-displayphoto-shrink_100_100/0/1644827571784?e=1765411200&v=beta&t=s-_jEm3AaxXA7zyDaZFw7zg_dFG77v3tRD9jQaer52w""}",0,1759968000,Wellness Equity Alliance,"Saw your post on 'Vision, Not an Issue.' We're partnering with bioscience and pharma on a major equity-focused initiative. I'd love to include your perspective if you're open to connecting.",1759968000,bdr_1759775085025,,63211933,"Casey-

Saw your post on 'Vision, Not an Issue.' We're partnering with bioscience and pharma on a major equity-focused initiative. I'd love to include your perspective if you're open to connecting.

When our leadership team saw your thought leadership, we wanted to invite you to join our collaborative to transform healthcare through patient‑reported outcomes.

Let me explain – we’re partnering with leading physicians and practices to transform healthcare through patient-reported outcomes. Our model is simple: life sciences and pharma groups fund access to anonymized patient data. This allows us to subsidize the cost and administration of collecting and benchmarking patient feedback for healthcare across the country.

Your thought leadership makes you a natural fit lead out in this growing movement — early enough to help shape it, but with a foundation that’s already delivering results.

Would you be open to a quick conversation to explore what that could look like for Santa Cruz Community Health Centers?
",,"like_recent_post, 1, 1759968000, LinkedIn activity, Saw your post on 'Vision, Not an Issue.' We're partnering with bioscience and pharma on a major equity-focused initiative. I'd love to include your perspective if you're open to connecting., connection_request, 2, 1760054400, Casey-

Saw your post on 'Vision, Not an Issue.' We're partnering with bioscience and pharma on a major equity-focused initiative. I'd love to include your perspective if you're open to connecting.

When our leadership team saw your thought leadership, we wanted to invite you to join our collaborative to transform healthcare through patient‑reported outcomes.

Let me explain – we’re partnering with leading physicians and practices to transform healthcare through patient-reported outcomes. Our model is simple: life sciences and pharma groups fund access to anonymized patient data. This allows us to subsidize the cost and administration of collecting and benchmarking patient feedback for healthcare across the country.

Your thought leadership makes you a natural fit lead out in this growing movement — early enough to help shape it, but with a foundation that’s already delivering results.

Would you be open to a quick conversation to explore what that could look like for Santa Cruz Community Health Centers?
, 11, 1761177600, send_message",Casey Kirkhart,1764547200,schealthcenters,1759968000,,https://linkedin.com/in/dr-casey,08AdW9gFea8GnlamNJ5e,projects/clemail/databases/(default)/documents/linkedin_activities/08AdW9gFea8GnlamNJ5e,2025-10-09T16:37:56.218419Z,2025-12-01T11:00:11.548683Z,232064,bdr-mapping-fix,1759968000,sent_to_heyreach,1759968000,manual-reset,,,,,,,,
,customer_1756905670248,368535,sent_to_heyreach,lgodwin@dpofct.com,Ryan Saliman,outreach_1760461500889_755pyqwku,632056703,Loyd Godwin,1760486400,232064,114682,default,campaign_1757543656299,,CEO,lgodwin@dpofct.com,"{""industry"":{""nullValue"":null},""emailEnrichments"":[""lgodwin@dpofct.com""],""username"":""loyd-godwin-67b811157"",""about"":{""nullValue"":null},""location"":{""nullValue"":null},""enrichedEmailAddress"":{""nullValue"":null},""summary"":""CEO at Dermatology Physicians of Connecticut"",""headline"":{""nullValue"":null},""imageUrl"":""https://media.licdn.com/dms/image/v2/C4D03AQGHPQ4ofAjXGw/profile-displayphoto-shrink_100_100/profile-displayphoto-shrink_100_100/0/1516832017034?e=1762387200&v=beta&t=CAXLIfuMYiIrfCJkj2-ZXnw-ZRt5oLcZNn9DfhfcFeo"",""education"":{""nullValue"":null},""experiences"":{""nullValue"":null},""followers"":0,""lastName"":""Godwin"",""firstName"":""Loyd"",""fullName"":""Loyd Godwin"",""companyName"":""DERMATOLOGY PHYSICIANS OF CONNECTICUT"",""emailAddress"":""lgodwin@dpofct.com"",""position"":""CEO"",""linkedin_id"":""632056703"",""profileUrl"":""https://www.linkedin.com/in/loyd-godwin-67b811157"",""connections"":0,""companyUrl"":{""nullValue"":null},""customEmailAddress"":""lgodwin@dpofct.com""}",0,1760400000,DERMATOLOGY PHYSICIANS OF CONNECTICUT,Saw Dermatology Physicians of Connecticut is CT's highest Google-rated dermatology group. We're working with life sciences & pharma on an initiative seeking high-satisfaction groups. Interested?,1760486400,bdr_1759775085025,,632056703,"Loyd-

Did you know that Dermatology Physicians of Connecticut is the highest Google-rated Dermatology group in Connecticut? A Google-star rating of 4.9 is amazing.

Your high ratings caught our eye, so we wanted to invite you to participate in an exciting collaboration with leading organizations in life sciences and big pharma. 

Let me explain – we’re partnering with leading physicians and practices to transform healthcare through patient-reported outcomes. Our model is simple: life sciences and pharma groups fund access to anonymized patient data. This allows us to subsidize the cost and administration of collecting and benchmarking patient feedback for healthcare across the country.

Your focus on high patient experience makes you a natural fit to lead out in this growing movement — early enough to help shape it, but with a foundation that’s already delivering results.

Would you be open to a quick conversation to explore what that could look like for Dermatology Physicians of Connecticut?

",,"1760486400, 1, like_recent_post, LinkedIn activity, Saw Dermatology Physicians of Connecticut is CT's highest Google-rated dermatology group. We're working with life sciences & pharma on an initiative seeking high-satisfaction groups. Interested?, 2, connection_request, 1760572800, Loyd-

Did you know that Dermatology Physicians of Connecticut is the highest Google-rated Dermatology group in Connecticut? A Google-star rating of 4.9 is amazing.

Your high ratings caught our eye, so we wanted to invite you to participate in an exciting collaboration with leading organizations in life sciences and big pharma. 

Let me explain – we’re partnering with leading physicians and practices to transform healthcare through patient-reported outcomes. Our model is simple: life sciences and pharma groups fund access to anonymized patient data. This allows us to subsidize the cost and administration of collecting and benchmarking patient feedback for healthcare across the country.

Your focus on high patient experience makes you a natural fit to lead out in this growing movement — early enough to help shape it, but with a foundation that’s already delivering results.

Would you be open to a quick conversation to explore what that could look like for Dermatology Physicians of Connecticut?

, send_message, 1761696000, 11",Loyd Godwin,1764547200,Dermatology Physicians of Connecticut,1760486400,,https://www.linkedin.com/in/loyd-godwin-67b811157,0CObg3QSKdlpaGq0VE7c,projects/clemail/databases/(default)/documents/linkedin_activities/0CObg3QSKdlpaGq0VE7c,2025-10-14T17:25:00.825652Z,2025-12-01T11:00:12.663615Z,,,,,,,,,,,,,,
,customer_1756905670248,368534,sent_to_heyreach,sadams@nhsltd.com,Jean Paty,outreach_1761586271693_kb10xvjfm,263109706,Stacey Adams,1761782400,232067,115040,default,campaign_1758727047628,,Director of Complex Care,"{""nullValue"":null}","{""summary"":""Director of Complex Care, Nexus Health Systems"",""connections"":0,""education"":""0"",""headline"":{""nullValue"":null},""about"":{""nullValue"":null},""lastName"":""Adams"",""linkedin_id"":""263109706"",""emailAddress"":{""nullValue"":null},""companyUrl"":{""nullValue"":null},""experiences"":""0"",""customEmailAddress"":""sadams@nhsltd.com"",""position"":""Director of Complex Care"",""imageUrl"":""https://media.licdn.com/dms/image/v2/D5603AQHoD7Xk6i2QFQ/profile-displayphoto-shrink_800_800/profile-displayphoto-shrink_800_800/0/1675807724605?e=1747267200&v=beta&t=m8kmhC8HM1vdAYtwWs4IAtZyqcJC0t8gGPRiMzHObHs"",""location"":""Houston, Texas, United States"",""companyName"":""Nexus Health Systems"",""industry"":{""nullValue"":null},""followers"":0,""fullName"":""Stacey Adams"",""enrichedEmailAddress"":{""nullValue"":null},""profileUrl"":""https://www.linkedin.com/in/stacey-adams-68a14674"",""emailEnrichments"":[""sadams@nhsltd.com""],""firstName"":""Stacey"",""username"":""stacey-adams-68a14674""}",0,1761523200,Nexus Health Systems,Saw your post about Nexus case managers. We're working with pharma and life sciences partners on a major care coordination initiative - your team would be a great fit if you're open to joining.,1761782400,bdr_1759775159631,,263109706,"Stacey-

Saw your post about Nexus case managers. We're working with pharma and life sciences partners on a major care coordination initiative - your team would be a great fit if you're open to joining. 

When our leadership team saw your thought leadership on case management, we wanted to invite you to join a new collaborative to transform healthcare through patient‑reported outcomes. 

Let me explain – we’re partnering with leading physicians and practices to transform healthcare through patient-reported outcomes. Our model is simple: life sciences and pharma groups fund access to anonymized patient data. This allows us to subsidize the cost and administration of collecting and benchmarking patient feedback for healthcare across the country.

Your thought leadership makes you a natural fit to lead out in this growing movement — early enough to help shape it, but with a foundation that’s already delivering results.

Would you be open to a quick conversation to explore what that could look like for Nexus Health?
",,"1, LinkedIn activity, 1761782400, like_recent_post, Saw your post about Nexus case managers. We're working with pharma and life sciences partners on a major care coordination initiative - your team would be a great fit if you're open to joining., connection_request, 1, 1761782400, 11, Stacey-

Saw your post about Nexus case managers. We're working with pharma and life sciences partners on a major care coordination initiative - your team would be a great fit if you're open to joining. 

When our leadership team saw your thought leadership on case management, we wanted to invite you to join a new collaborative to transform healthcare through patient‑reported outcomes. 

Let me explain – we’re partnering with leading physicians and practices to transform healthcare through patient-reported outcomes. Our model is simple: life sciences and pharma groups fund access to anonymized patient data. This allows us to subsidize the cost and administration of collecting and benchmarking patient feedback for healthcare across the country.

Your thought leadership makes you a natural fit to lead out in this growing movement — early enough to help shape it, but with a foundation that’s already delivering results.

Would you be open to a quick conversation to explore what that could look like for Nexus Health?
, 1765411200, send_message",Stacey Adams,1764547200,Nexus Health,1761782400,,https://www.linkedin.com/in/stacey-adams-68a14674,0CQdfNxPpC6Omv66d9L7,projects/clemail/databases/(default)/documents/linkedin_activities/0CQdfNxPpC6Omv66d9L7,2025-10-27T17:53:10.452039Z,2025-12-01T11:00:13.506993Z,,,,,,,,,,,,,,
,customer_1756905670248,368534,sent_to_heyreach,dbreeyear@theedencarecenter.com,Jean Paty,outreach_1762466554544_3ysmkfpii,909563325,Daniel Breeyear,1762387200,232067,115040,default,campaign_1762401107769,"HeyReach did not add the lead. Added: 0, Updated: 0, Failed: 0

⚠️ MOST LIKELY CAUSE: This lead already exists in HeyReach campaign/list (duplicate based on LinkedIn URL or email).

SOLUTIONS:
1. Check HeyReach campaign ""232067"" to verify if this lead already exists
2. If this is intentional (updating/resending), you can safely ignore this error
3. If lead should be added, remove them from HeyReach first, then try again
4. Click ""Mark as Sent (Duplicate)"" to mark this activity as sent without adding to HeyReach","{""nullValue"":null}","{""nullValue"":null}","{""linkedin_id"":""909563325"",""connections"":0,""about"":{""nullValue"":null},""education"":""0"",""companyName"":{""nullValue"":null},""headline"":{""nullValue"":null},""profileUrl"":""https://www.linkedin.com/in/daniel-breeyear-7b973b214"",""emailEnrichments"":[""dbreeyear@theedencarecenter.com"",""dbreeyear@theedencarecenter.com""],""emailAddress"":{""nullValue"":null},""imageUrl"":""https://media.licdn.com/dms/image/v2/D5603AQE_xWiS_fylYA/profile-displayphoto-shrink_100_100/profile-displayphoto-shrink_100_100/0/1710912134285?e=1764201600&v=beta&t=4oiSVB4vTRTCgdsGaKx4bg7B38hv9eeMHLRv-eGlxpc"",""summary"":""Director of Integrative Care at The Eden Center/Chairman at The Eden Center Foundation"",""lastName"":""Breeyear"",""companyUrl"":{""nullValue"":null},""position"":{""nullValue"":null},""location"":""Glens Falls, NY"",""experiences"":""0"",""enrichedEmailAddress"":{""nullValue"":null},""followers"":0,""firstName"":""Daniel"",""industry"":{""nullValue"":null},""username"":""daniel-breeyear-7b973b214"",""customEmailAddress"":""dbreeyear@theedencarecenter.com"",""fullName"":""Daniel Breeyear""}",0,1762387200,"{""nullValue"":null}",Were working on a collaborative with Life Sciences & Pharma - inviting leading psychiatry and integrative medicine groups. Eden Center for Integrative Care is invited. Interested?,1763337600,bdr_1759775159631,,909563325,"Daniel-

We are working on a significant initiative with pharma and life sciences companies who are looking for premier Behavioral Health practices - and we wanted to invite you to participate. 

Eden Center for Integrative Care, you lead with a clinician-led, root-cause, whole-person approach—melding psychopharmacology and functional medicine to tailor treatments that promote lasting mental wellness.

These groups are looking for leading physicians and practices to transform healthcare through patient-reported outcomes. In addition to helping subsidize the cost of these systems, their access to anonymized patient reported outcomes can become a significant revenue source. 

Would you be open to a quick conversation to explore what that could look like for The Eden Center for Integrative Care?",,"Were working on a collaborative with Life Sciences & Pharma - inviting leading psychiatry and integrative medicine groups. Eden Center for Integrative Care is invited. Interested?, connection_request, 1762387200, 1, 5, Daniel-

We are working on a significant initiative with pharma and life sciences companies who are looking for premier Behavioral Health practices - and we wanted to invite you to participate. 

Eden Center for Integrative Care, you lead with a clinician-led, root-cause, whole-person approach—melding psychopharmacology and functional medicine to tailor treatments that promote lasting mental wellness.

These groups are looking for leading physicians and practices to transform healthcare through patient-reported outcomes. In addition to helping subsidize the cost of these systems, their access to anonymized patient reported outcomes can become a significant revenue source. 

Would you be open to a quick conversation to explore what that could look like for The Eden Center for Integrative Care?, send_message, 1764115200",Daniel Breeyear,1764547200,Eden Center for Integrative Care,1763337600,1763337600,https://www.linkedin.com/in/daniel-breeyear-7b973b214,0DdiZnGtSmmWoECet718,projects/clemail/databases/(default)/documents/linkedin_activities/0DdiZnGtSmmWoECet718,2025-11-06T22:14:21.556486Z,2025-12-01T11:00:16.679227Z,,,,,,,,,,,,,,
,customer_1756905670248,368535,sent_to_heyreach,cmcclellan@uoc.com,message_and_connect_ryan,outreach_1760355809894_hte5gtbss,135332374,Chris DO,1761350400,232064,114682,default,campaign_1757543633065,,Orthopedic Surgeon,"{""nullValue"":null}","{""customEmailAddress"":""cmcclellan@uoc.com"",""education"":""0"",""profileUrl"":""https://www.linkedin.com/in/chris-mcclellan-do-41a3a539"",""linkedin_id"":""135332374"",""lastName"":""DO"",""companyUrl"":{""nullValue"":null},""firstName"":""Chris"",""about"":{""nullValue"":null},""username"":""chris-mcclellan-do-41a3a539"",""enrichedEmailAddress"":{""nullValue"":null},""summary"":""Orthopedic Surgeon | President, University Orthopedics Center | Co-Founder The Orthopreneurs Symposium™ | Creator of OrthoGPS™ | Redefining Outpatient Joint Replacement, Efficiency & Private Practice Growth"",""emailAddress"":{""nullValue"":null},""companyName"":""University Orthopedics Center"",""followers"":0,""imageUrl"":""https://media.licdn.com/dms/image/v2/D4E03AQGKmwXbyF_Y1w/profile-displayphoto-scale_200_200/B4EZnZKnYJKwAY-/0/1760285063988?e=1766016000&v=beta&t=H15Ga1NX6iJAvSswA29raqOgvCUmscg5dVho05ea62Q"",""experiences"":""0"",""connections"":0,""industry"":""Medical Practices"",""location"":""Altoona, Pennsylvania, United States"",""headline"":{""nullValue"":null},""position"":""Orthopedic Surgeon"",""emailEnrichments"":[""cmcclellan@uoc.com""],""fullName"":""Chris DO""}",0,1761350400,University Orthopedics Center,"I laughed when I read your 'you don't need a referral - long live private practice' post. We are working on a major initiative with big pharma and life sciences, specifically looking for private practices to collaborate. Open to hearing more?",1761350400,bdr_1759775085025,,135332374,"Chris-

I laughed when I read your 'you don't need a referral - long live private practice' post. We are working on a major initiative with big pharma and life sciences, specifically looking for private practices to collaborate. Open to hearing more?

When our leadership team saw your thought leadership and focus on improving patient experience, we wanted to invite you to join a new collaborative to transform healthcare.

Let me explain – we’re partnering with leading physicians and practices to transform healthcare through patient-reported outcomes. Our model is simple: life sciences and pharma groups fund access to anonymized patient data. This allows us to subsidize the cost and administration of collecting and benchmarking patient feedback for healthcare across the country.

Your thought leadership makes you a natural fit lead out in this growing movement — early enough to help shape it, but with a foundation that’s already delivering results.

Would you be open to a quick conversation to explore what that could look like for University Orthopedics Center - Reedsville?
",,"like_recent_post, LinkedIn activity, 1, 1760400000, connection_request, I laughed when I read your 'you don't need a referral - long live private practice' post. We are working on a major initiative with big pharma and life sciences, specifically looking for private practices to collaborate. Open to hearing more?, 2, 1760486400, 1761609600, Chris-

I laughed when I read your 'you don't need a referral - long live private practice' post. We are working on a major initiative with big pharma and life sciences, specifically looking for private practices to collaborate. Open to hearing more?

When our leadership team saw your thought leadership and focus on improving patient experience, we wanted to invite you to join a new collaborative to transform healthcare.

Let me explain – we’re partnering with leading physicians and practices to transform healthcare through patient-reported outcomes. Our model is simple: life sciences and pharma groups fund access to anonymized patient data. This allows us to subsidize the cost and administration of collecting and benchmarking patient feedback for healthcare across the country.

Your thought leadership makes you a natural fit lead out in this growing movement — early enough to help shape it, but with a foundation that’s already delivering results.

Would you be open to a quick conversation to explore what that could look like for University Orthopedics Center - Reedsville?
, 11, send_message",Chris Mcclellan,1764547200,University Orthopedics Center - Reedsville,,,https://linkedin.com/in/chris-mcclellan-do-41a3a539,0EkQPowuZszD3FQEfLr0,projects/clemail/databases/(default)/documents/linkedin_activities/0EkQPowuZszD3FQEfLr0,2025-10-25T17:37:19.666613Z,2025-12-01T11:00:18.592952Z,,,,,,,0,232064,move_1761413837326,368535,0,,,
,customer_1756905670248,368535,sent_to_heyreach,carriew@omsc.net,Ryan Saliman,outreach_1760981173196_lmw9i9vz0,82680487,Carrie Wetzel,1761091200,232064,114682,default,campaign_1758725559074,,Director of Contracting  &  Procurement,"{""nullValue"":null}","{""headline"":{""nullValue"":null},""emailEnrichments"":[""carriew@omsc.net""],""linkedin_id"":""82680487"",""about"":{""nullValue"":null},""firstName"":""Carrie"",""position"":""Director of Contracting  &  Procurement"",""education"":""0"",""username"":""carrie-wetzel-60783323"",""followers"":0,""enrichedEmailAddress"":{""nullValue"":null},""connections"":0,""customEmailAddress"":""carriew@omsc.net"",""industry"":{""nullValue"":null},""companyUrl"":{""nullValue"":null},""experiences"":""0"",""imageUrl"":""https://media.licdn.com/dms/image/v2/D5603AQGnkbDrThcI3g/profile-displayphoto-shrink_800_800/B56ZY0nbEEGoAg-/0/1744639473049?e=1765411200&v=beta&t=52SurJCyJ2X-hIO-VG1FaaFs26c0Wnrz_c0O06mVnHY"",""summary"":""Inspirational Leader. Improving quality through operational excellence."",""emailAddress"":{""nullValue"":null},""fullName"":""Carrie Wetzel"",""lastName"":""Wetzel"",""companyName"":""Snoqualmie Valley Health"",""location"":""Olympia, Washington, United States"",""profileUrl"":""https://www.linkedin.com/in/carrie-wetzel-60783323""}",0,1760918400,Snoqualmie Valley Health,Saw your post about the CMO role at Snoqualmie Valley Health. We're working on a big initiative with pharma and life sciences — your team came to mind; we'd love to include you if you're open.,1761091200,bdr_1759775085025,,82680487,"Carrie-

Did you know that Olympia Multi-Specialty Clinic is the 2nd highest Google-rated Family Medicine group in Washington? A Google-star rating of 4.8 is amazing.

Your high Google ratings and the feedback of your patients made us want to reach out to you. We are looking for practices that can play a leadership role in a national movement.  

Let me explain – we’re partnering with leading physicians and practices to transform healthcare through patient-reported outcomes. Our model is simple: life sciences and pharma groups fund access to anonymized patient data. This allows us to subsidize the cost and administration of collecting and benchmarking patient feedback for healthcare across the country.

There are significant benefits for your practice, but most importantly this makes healthcare better. Would you be open to a conversation?

",,"1761091200, like_recent_post, 1, LinkedIn activity, Saw your post about the CMO role at Snoqualmie Valley Health. We're working on a big initiative with pharma and life sciences — your team came to mind; we'd love to include you if you're open., connection_request, 2, 1761177600, Carrie-

Did you know that Olympia Multi-Specialty Clinic is the 2nd highest Google-rated Family Medicine group in Washington? A Google-star rating of 4.8 is amazing.

Your high Google ratings and the feedback of your patients made us want to reach out to you. We are looking for practices that can play a leadership role in a national movement.  

Let me explain – we’re partnering with leading physicians and practices to transform healthcare through patient-reported outcomes. Our model is simple: life sciences and pharma groups fund access to anonymized patient data. This allows us to subsidize the cost and administration of collecting and benchmarking patient feedback for healthcare across the country.

There are significant benefits for your practice, but most importantly this makes healthcare better. Would you be open to a conversation?

, 1762300800, send_message, 11",Carrie Wetzel,1764547200,Olympia Multi-Specialty Clinic,1761091200,,https://www.linkedin.com/in/carrie-wetzel-60783323,0JMRGa0qnfMmyYgmnCAN,projects/clemail/databases/(default)/documents/linkedin_activities/0JMRGa0qnfMmyYgmnCAN,2025-10-20T19:07:07.754862Z,2025-12-01T11:00:19.361575Z,,,,,,,,,,,,,,
,customer_1756905670248,368534,sent_to_heyreach,kburrow@lifecorehealthgroup.com,Jean Paty,outreach_1762466558063_1qxjkecxe,1077756673,Kelly Burrow,1762905600,232067,115040,default,campaign_1762401107769,"HeyReach did not add the lead. Added: 0, Updated: 0, Failed: 0

⚠️ MOST LIKELY CAUSE: This lead already exists in HeyReach campaign/list (duplicate based on LinkedIn URL or email).

SOLUTIONS:
1. Check HeyReach campaign ""232067"" to verify if this lead already exists
2. If this is intentional (updating/resending), you can safely ignore this error
3. If lead should be added, remove them from HeyReach first, then try again
4. Click ""Mark as Sent (Duplicate)"" to mark this activity as sent without adding to HeyReach",Chief Learning Officer,kburrow@lifecorehealthgroup.com,"{""fullName"":""Kelly Burrow"",""linkedin_id"":""1077756673"",""emailAddress"":""kburrow@lifecorehealthgroup.com"",""about"":{""nullValue"":null},""experiences"":{""nullValue"":null},""followers"":0,""enrichedEmailAddress"":{""nullValue"":null},""industry"":{""nullValue"":null},""companyName"":""LIFECORE Health Group"",""headline"":{""nullValue"":null},""emailEnrichments"":[""kburrow@lifecorehealthgroup.com""],""imageUrl"":{""nullValue"":null},""connections"":0,""firstName"":""Kelly"",""position"":""Chief Learning Officer"",""username"":""kelly-burrow-941b31260"",""profileUrl"":""https://www.linkedin.com/in/kelly-burrow-941b31260"",""summary"":""Chief Learning Officer at LIFECORE Health Group"",""companyUrl"":{""nullValue"":null},""education"":{""nullValue"":null},""customEmailAddress"":""kburrow@lifecorehealthgroup.com"",""location"":{""nullValue"":null},""lastName"":""Burrow""}",0,1762387200,LIFECORE Health Group,Were working on a Life Sciences & Pharma collaborative - inviting leading psychiatry groups. Lifecore Health Group is invited. Interested?,1763337600,bdr_1759775159631,,1077756673,"Kelly-

We are working on a significant initiative with pharma and life sciences companies who are looking for premier Behavioral Health practices - and we wanted to invite you to participate. 

Lifecore Health Group is clearly a leader—your integrated, whole-person behavioral and medical care for children, adolescents, and adults empowers individuals and strengthens communities across seven Northeast Mississippi counties.

These groups are looking for leading physicians and practices to transform healthcare through patient-reported outcomes. In addition to helping subsidize the cost of these systems, their access to anonymized patient reported outcomes can become a significant revenue source. 

Would you be open to a quick conversation to explore what that could look like for Lifecore Health Group?",,"Were working on a Life Sciences & Pharma collaborative - inviting leading psychiatry groups. Lifecore Health Group is invited. Interested?, 1762905600, connection_request, 1, 1763424000, send_message, Kelly-

We are working on a significant initiative with pharma and life sciences companies who are looking for premier Behavioral Health practices - and we wanted to invite you to participate. 

Lifecore Health Group is clearly a leader—your integrated, whole-person behavioral and medical care for children, adolescents, and adults empowers individuals and strengthens communities across seven Northeast Mississippi counties.

These groups are looking for leading physicians and practices to transform healthcare through patient-reported outcomes. In addition to helping subsidize the cost of these systems, their access to anonymized patient reported outcomes can become a significant revenue source. 

Would you be open to a quick conversation to explore what that could look like for Lifecore Health Group?, 5",Kelly Burrow,1764547200,Lifecore Health Group,1763337600,1763337600,https://www.linkedin.com/in/kelly-burrow-941b31260,0K68IvLIbEQUqhfufA84,projects/clemail/databases/(default)/documents/linkedin_activities/0K68IvLIbEQUqhfufA84,2025-11-06T22:14:21.556486Z,2025-12-01T11:00:20.199282Z,,,,,,,,,,,,,,
,customer_1756905670248,368533,sent_to_heyreach,kathleen.wright@hcahealthcare.com,Bob Young,outreach_1761586265142_m429dtpwz,122747950,Kathleen Wright,1761696000,232058,115030,default,campaign_1758727047628,,,kathleen.wright@hcahealthcare.com,"{""location"":"""",""firstName"":""Kathleen"",""headline"":{""nullValue"":null},""position"":"""",""emailAddress"":""kathleen.wright@hcahealthcare.com"",""followers"":0,""connections"":0,""profileUrl"":""https://www.linkedin.com/in/kathleenwrightrn"",""username"":""kathleenwrightrn"",""companyName"":""Doctors Center University"",""industry"":{""nullValue"":null},""about"":"""",""emailEnrichments"":[""kathleen.wright@hcahealthcare.com""],""companyUrl"":{""nullValue"":null},""summary"":""Surgery Center Administrator "",""imageUrl"":""https://media.licdn.com/dms/image/v2/D5603AQGQ8VTpI-QENA/profile-displayphoto-scale_200_200/B56Zp0tgS3KEAY-/0/1762894678374?e=1764806400&v=beta&t=2eNu9sPYuntcUOpQBJ_-X_OaB51FsKN9AEh2nZI9PpA"",""fullName"":""Kathleen Wright"",""linkedin_id"":""122747950"",""enrichedEmailAddress"":{""nullValue"":null},""customEmailAddress"":""kathleen.wright@hcahealthcare.com"",""experiences"":{""nullValue"":null},""lastName"":""Wright"",""education"":{""nullValue"":null}}",0,1761523200,Doctors Center University,Saw your post about speaking at Becker's. We work with bioscience and pharma on a big initiative; your work stood out. I'd love to include you if you're open.,1761696000,bdr_1759775191223,,122747950,"Kathleen-

Saw your post about speaking at Becker's. We work with bioscience and pharma on a big initiative; your work stood out. I'd love to include you if you're open. 

When our leadership team saw your thought leadership, we wanted to invite you to join a new collaborative to transform healthcare. 

Let me explain – we’re partnering with leading physicians and practices to transform healthcare through patient-reported outcomes. Our model is simple: life sciences and pharma groups fund access to anonymized patient data. This allows us to subsidize the cost and administration of collecting and benchmarking patient feedback for healthcare across the country.

Your thought leadership makes you a natural fit to lead out in this growing movement — early enough to help shape it, but with a foundation that’s already delivering results.

Would you be open to a quick conversation to explore what that could look like for Doctors Center University?
",,"like_recent_post, LinkedIn activity, 1761696000, 1, connection_request, Saw your post about speaking at Becker's. We work with bioscience and pharma on a big initiative; your work stood out. I'd love to include you if you're open., 1761696000, 1, Kathleen-

Saw your post about speaking at Becker's. We work with bioscience and pharma on a big initiative; your work stood out. I'd love to include you if you're open. 

When our leadership team saw your thought leadership, we wanted to invite you to join a new collaborative to transform healthcare. 

Let me explain – we’re partnering with leading physicians and practices to transform healthcare through patient-reported outcomes. Our model is simple: life sciences and pharma groups fund access to anonymized patient data. This allows us to subsidize the cost and administration of collecting and benchmarking patient feedback for healthcare across the country.

Your thought leadership makes you a natural fit to lead out in this growing movement — early enough to help shape it, but with a foundation that’s already delivering results.

Would you be open to a quick conversation to explore what that could look like for Doctors Center University?
, send_message, 1764115200, 11",Kathleen Wright,1764547200,Doctors Center University,1761696000,,https://www.linkedin.com/in/kathleenwrightrn,0KeoU7HrMBwLvK7BCH4f,projects/clemail/databases/(default)/documents/linkedin_activities/0KeoU7HrMBwLvK7BCH4f,2025-10-27T17:53:10.452039Z,2025-12-01T11:00:21.628945Z,,,,,,,,,,,,,,
,customer_1756905670248,368533,sent_to_heyreach,mhughes@oceanortho.com,Bob Young,outreach_1761586268080_pl1zc0on4,152320009,Monique Hughes,1761696000,232058,115030,default,campaign_1758727047628,,"{""nullValue"":null}",mhughes@oceanortho.com,"{""customEmailAddress"":""mhughes@oceanortho.com"",""connections"":0,""education"":{""nullValue"":null},""fullName"":""Monique Hughes"",""industry"":{""nullValue"":null},""location"":{""nullValue"":null},""emailAddress"":""mhughes@oceanortho.com"",""experiences"":{""nullValue"":null},""followers"":0,""summary"":""Practice Admin-Ocean Orthopedic Associates"",""enrichedEmailAddress"":{""nullValue"":null},""companyName"":""Ocean Orthopedic Associates"",""headline"":{""nullValue"":null},""firstName"":""Monique"",""imageUrl"":""https://media.licdn.com/dms/image/v2/C5603AQG5VRGLqJELMA/profile-displayphoto-shrink_100_100/profile-displayphoto-shrink_100_100/0/1516989212048?e=1766016000&v=beta&t=C4YQhAf8RWF30211z_UVDokwNGpF0kBdRZiWU488aBI"",""emailEnrichments"":[""mhughes@oceanortho.com""],""username"":""monique-hughes-1a101843"",""companyUrl"":{""nullValue"":null},""linkedin_id"":""152320009"",""about"":{""nullValue"":null},""profileUrl"":""https://www.linkedin.com/in/monique-hughes-1a101843"",""lastName"":""Hughes"",""position"":{""nullValue"":null}}",0,1761523200,Ocean Orthopedic Associates,Saw your post about Arthrex fracture systems. We're working with life sciences and pharma on a big initiative - your expertise would be great to include if you're willing.,1761696000,bdr_1759775191223,,152320009,"Monique-

Saw your post about Arthrex fracture systems. We're working with life sciences and pharma on a big initiative - your expertise would be great to include if you're willing. 

After seeing your thought leadership on these innovations, our leadership wanted to invite you to join a new collaborative to transform healthcare through patient-reported outcomes. 

Let me explain – we’re partnering with leading physicians and practices to transform healthcare through patient-reported outcomes. Our model is simple: life sciences and pharma groups fund access to anonymized patient data. This allows us to subsidize the cost and administration of collecting and benchmarking patient feedback for healthcare across the country.

Your thought leadership makes you a natural fit to lead out in this growing movement — early enough to help shape it, but with a foundation that’s already delivering results.

Would you be open to a quick conversation to explore what that could look like for Ocean Orthopedic?
",,"1761696000, like_recent_post, LinkedIn activity, 1, Saw your post about Arthrex fracture systems. We're working with life sciences and pharma on a big initiative - your expertise would be great to include if you're willing., connection_request, 1, 1761696000, 11, 1764115200, Monique-

Saw your post about Arthrex fracture systems. We're working with life sciences and pharma on a big initiative - your expertise would be great to include if you're willing. 

After seeing your thought leadership on these innovations, our leadership wanted to invite you to join a new collaborative to transform healthcare through patient-reported outcomes. 

Let me explain – we’re partnering with leading physicians and practices to transform healthcare through patient-reported outcomes. Our model is simple: life sciences and pharma groups fund access to anonymized patient data. This allows us to subsidize the cost and administration of collecting and benchmarking patient feedback for healthcare across the country.

Your thought leadership makes you a natural fit to lead out in this growing movement — early enough to help shape it, but with a foundation that’s already delivering results.

Would you be open to a quick conversation to explore what that could look like for Ocean Orthopedic?
, send_message",Monique Hughes,1764547200,Ocean Orthopedic,1761696000,,https://www.linkedin.com/in/monique-hughes-1a101843,0La7Lhl41EUGwLPE4WoL,projects/clemail/databases/(default)/documents/linkedin_activities/0La7Lhl41EUGwLPE4WoL,2025-10-27T17:53:10.452039Z,2025-12-01T11:00:23.337264Z,,,,,,,,,,,,,,
,customer_1756905670248,368533,sent_to_heyreach,shena.ureste@texanacenter.com,Bob Young,outreach_1763398760234_pmrquevz4,386690088,Shena Ureste,1763942400,232058,115030,iteration_1,campaign_1762401107769,,Chief Executive Officer,"{""nullValue"":null}","{""followers"":0,""username"":""shena-ureste-ba0602a9"",""experiences"":{""nullValue"":null},""location"":""Sugar Land, Texas, United States"",""industry"":{""nullValue"":null},""about"":{""nullValue"":null},""firstName"":""Shena"",""companyName"":""Texana Center"",""fullName"":""Shena Ureste"",""imageUrl"":""https://media.licdn.com/dms/image/v2/C5603AQFm6LRDA6R4dg/profile-displayphoto-shrink_800_800/profile-displayphoto-shrink_800_800/0/1649166782094?e=1758153600&v=beta&t=Imz_Cibrpa8xmnU6t4sgBdVnScwkwTkudbruH5inx4c"",""connections"":0,""linkedin_id"":""386690088"",""enrichedEmailAddress"":{""nullValue"":null},""customEmailAddress"":""shena.ureste@texanacenter.com"",""lastName"":""Ureste"",""position"":""Chief Executive Officer"",""headline"":{""nullValue"":null},""companyUrl"":{""nullValue"":null},""profileUrl"":""https://www.linkedin.com/in/shena-ureste-ba0602a9"",""education"":{""nullValue"":null},""summary"":""Chief Executive Officer"",""emailEnrichments"":[""shena.ureste@texanacenter.com""],""emailAddress"":{""nullValue"":null}}",0,1763337600,Texana Center,We are working on a collaborative with Life Sciences and Pharma Companies and are looking for leading behavioral health groups. Texana Center is clearly a leader—Interested?,1763942400,bdr_1759775191223,,386690088,"Shena-

We are working on a significant initiative with pharma and life sciences companies who are looking for premier Behavioral Health practices - and we wanted to invite you to participate. 

We're truly impressed by how Texana Center shines as a compassionate leader in behavioral health, seamlessly integrating trauma-informed care and innovative programs that truly support diverse communities while ensuring access for those who need it most. Your commitment to making a difference in people's lives is truly inspiring.

These groups are looking for leading physicians and practices to transform healthcare through patient-reported outcomes. In addition to helping subsidize the cost of these systems, their access to anonymized patient reported outcomes can become a significant revenue source. 

Would you be open to a quick conversation to explore what that could look like for Texana Center?",,"We are working on a collaborative with Life Sciences and Pharma Companies and are looking for leading behavioral health groups. Texana Center is clearly a leader—Interested?, connection_request, 1763942400, 1, Shena-

We are working on a significant initiative with pharma and life sciences companies who are looking for premier Behavioral Health practices - and we wanted to invite you to participate. 

We're truly impressed by how Texana Center shines as a compassionate leader in behavioral health, seamlessly integrating trauma-informed care and innovative programs that truly support diverse communities while ensuring access for those who need it most. Your commitment to making a difference in people's lives is truly inspiring.

These groups are looking for leading physicians and practices to transform healthcare through patient-reported outcomes. In addition to helping subsidize the cost of these systems, their access to anonymized patient reported outcomes can become a significant revenue source. 

Would you be open to a quick conversation to explore what that could look like for Texana Center?, send_message, 5, 1765497600",Shena Ureste,1764547200,Texana Center,1763942400,,https://www.linkedin.com/in/shena-ureste-ba0602a9,0NozsskX5YiN5OA8mASj,projects/clemail/databases/(default)/documents/linkedin_activities/0NozsskX5YiN5OA8mASj,2025-11-17T17:27:02.811205Z,2025-12-01T11:00:24.670350Z,,,,,,,,,,,,,,
,customer_1756905670248,368534,sent_to_heyreach,,Jean Paty,outreach_1762466549383_jm2t51nev,386031872,Micha Pike,1762387200,232067,115040,default,campaign_1762401107769,"HeyReach did not add the lead. Added: 0, Updated: 0, Failed: 0

⚠️ MOST LIKELY CAUSE: This lead already exists in HeyReach campaign/list (duplicate based on LinkedIn URL or email).

SOLUTIONS:
1. Check HeyReach campaign ""232067"" to verify if this lead already exists
2. If this is intentional (updating/resending), you can safely ignore this error
3. If lead should be added, remove them from HeyReach first, then try again
4. Click ""Mark as Sent (Duplicate)"" to mark this activity as sent without adding to HeyReach
• Missing email address - HeyReach usually requires an email",,"{""nullValue"":null}","{""fullName"":""Micha Pike"",""firstName"":""Micha"",""username"":""micha-pike-0a8346a9"",""enrichedEmailAddress"":{""nullValue"":null},""profileUrl"":""https://www.linkedin.com/in/micha-pike-0a8346a9"",""about"":"""",""location"":"""",""position"":"""",""education"":{""nullValue"":null},""lastName"":""Pike"",""headline"":{""nullValue"":null},""customEmailAddress"":{""nullValue"":null},""emailAddress"":{""nullValue"":null},""imageUrl"":""https://media.licdn.com/dms/image/v2/D5603AQGcRPd2JY9mxg/profile-displayphoto-shrink_100_100/profile-displayphoto-shrink_100_100/0/1667585916790?e=1764201600&v=beta&t=l4WqZQMVRUaQrGfwDFvOW2VxngUuWT14VzJjshbAc8U"",""industry"":{""nullValue"":null},""followers"":0,""companyUrl"":{""nullValue"":null},""linkedin_id"":""386031872"",""experiences"":{""nullValue"":null},""summary"":""Administrative Professional"",""connections"":0,""emailEnrichments"":[],""companyName"":""ASI Community Wellness Group""}",0,1762387200,ASI Community Wellness Group,Were working on a collaborative with Life Sciences & Pharma - inviting leading psychiatry groups. ASI Community Wellness Group is invited. Interested?,1763337600,bdr_1759775159631,,386031872,"Micha-

We are working on a significant initiative with pharma and life sciences companies who are looking for premier Behavioral Health practices - and we wanted to invite you to participate. 

You uniquely blend trauma-informed, strength-based care with creative, community-centered, in-environment services that honor individual resilience while rebuilding family and community wellbeing.

These groups are looking for leading physicians and practices to transform healthcare through patient-reported outcomes. In addition to helping subsidize the cost of these systems, their access to anonymized patient reported outcomes can become a significant revenue source. 

Would you be open to a quick conversation to explore what that could look like for ASI Community Wellness Group?",,"connection_request, 1, Were working on a collaborative with Life Sciences & Pharma - inviting leading psychiatry groups. ASI Community Wellness Group is invited. Interested?, 1762387200, 5, send_message, 1764115200, Micha-

We are working on a significant initiative with pharma and life sciences companies who are looking for premier Behavioral Health practices - and we wanted to invite you to participate. 

You uniquely blend trauma-informed, strength-based care with creative, community-centered, in-environment services that honor individual resilience while rebuilding family and community wellbeing.

These groups are looking for leading physicians and practices to transform healthcare through patient-reported outcomes. In addition to helping subsidize the cost of these systems, their access to anonymized patient reported outcomes can become a significant revenue source. 

Would you be open to a quick conversation to explore what that could look like for ASI Community Wellness Group?",Micha Pike,1764547200,ASI Community Wellness Group,1763337600,1763337600,https://www.linkedin.com/in/micha-pike-0a8346a9,0OQoiLHoSWEK10xsJzRz,projects/clemail/databases/(default)/documents/linkedin_activities/0OQoiLHoSWEK10xsJzRz,2025-11-06T22:14:21.556486Z,2025-12-01T11:00:26.897435Z,,,,,,,,,,,,,,
,customer_1758580234166,373798,heyreach_error,mschellstede@utsystem.edu,Derek Moore,contact_mschellstede_utsystem_edu,70489995,Maryam Schellstede,1760400000,235175,104986,default,campaign_1759186215070,"HeyReach did not add the lead. Added: 0, Updated: 0, Failed: 0",Chief Operating Officer,"{""nullValue"":null}","{""industry"":""Oil and Gas"",""username"":""maryam-schellstede-9a37341b"",""headline"":{""nullValue"":null},""profileUrl"":""https://www.linkedin.com/in/maryam-schellstede-9a37341b"",""emailAddress"":{""nullValue"":null},""lastName"":""Schellstede"",""linkedin_id"":""70489995"",""enrichedEmailAddress"":{""nullValue"":null},""location"":""Greater Houston"",""companyName"":""University Lands"",""imageUrl"":""https://media.licdn.com/dms/image/v2/C4E03AQFGqyl8Nv75zg/profile-displayphoto-shrink_800_800/profile-displayphoto-shrink_800_800/0/1571367520929?e=1764806400&v=beta&t=uXhJnXQSgnVuF1rP_R-Qda382DtZJmnQ8EHDib-LxJc"",""emailEnrichments"":[""mschellstede@utsystem.edu""],""summary"":""Results and strategy focused leader, skilled in building and motivating high performance teams.  Extensive experience in multi-disciplinary technical team leadership and proven track record of highly profitable programs."",""companyUrl"":{""nullValue"":null},""about"":{""nullValue"":null},""education"":{""nullValue"":null},""position"":""Chief Operating Officer"",""followers"":0,""customEmailAddress"":""mschellstede@utsystem.edu"",""experiences"":{""nullValue"":null},""fullName"":""Maryam Schellstede"",""firstName"":""Maryam"",""connections"":0}",0,1760313600,University Lands,"Saw your Bloomberg Big Take repost on PUF/University Lands shifting from oil & gas to renewables, storage & data centers.",,bdr_1759185261698,,70489995,"We estimate that only 8% of health systems could support their own plan - and University of Texas System is in the 8%. Have you looked into launching your own direct-to-employer (DTE) network? You could support it.

We provide turnkey DTE networks for health systems whose access and quality are strong enough to support them. You could support a plan in Houston and Lake Jackson TX.  

Would it make sense to schedule a few minutes to discuss?",,"LinkedIn activity, like_recent_post, 1, 1760400000, 2, connection_request, Saw your Bloomberg Big Take repost on PUF/University Lands shifting from oil & gas to renewables, storage & data centers., 1760486400, send_message, 3, We estimate that only 8% of health systems could support their own plan - and University of Texas System is in the 8%. Have you looked into launching your own direct-to-employer (DTE) network? You could support it.

We provide turnkey DTE networks for health systems whose access and quality are strong enough to support them. You could support a plan in Houston and Lake Jackson TX.  

Would it make sense to schedule a few minutes to discuss?, 1760572800",Maryam ,1764547200,University of Texas System,1760400000,1760400000,https://www.linkedin.com/in/maryam-schellstede-9a37341b,0P1DCGGFWck3Eotj7g0J,projects/clemail/databases/(default)/documents/linkedin_activities/0P1DCGGFWck3Eotj7g0J,2025-10-13T15:11:40.237783Z,2025-12-01T11:28:55.258916Z,,,,,,,,,,,,,,
,customer_1756905670248,368535,sent_to_heyreach,sarevian@roadsfoundation.org,Ryan Saliman,outreach_1762466565004_5xr9r0y82,734697,Shaunt Arevian,1762905600,232064,114682,default,campaign_1762401107769,"HeyReach did not add the lead. Added: 0, Updated: 0, Failed: 0

⚠️ MOST LIKELY CAUSE: This lead already exists in HeyReach campaign/list (duplicate based on LinkedIn URL or email).

SOLUTIONS:
1. Check HeyReach campaign ""232064"" to verify if this lead already exists
2. If this is intentional (updating/resending), you can safely ignore this error
3. If lead should be added, remove them from HeyReach first, then try again
4. Click ""Mark as Sent (Duplicate)"" to mark this activity as sent without adding to HeyReach",Chief Executive Officer,shauntarevian@roadsfoundation.org,"{""lastName"":""Arevian"",""emailAddress"":""shauntarevian@roadsfoundation.org"",""summary"":""Chief Executive Officer at The ROADS Foundation"",""username"":""shaunt-arevian-2092b5"",""about"":{""nullValue"":null},""experiences"":{""nullValue"":null},""headline"":{""nullValue"":null},""companyName"":""ROADS FOUNDATION INC"",""enrichedEmailAddress"":{""nullValue"":null},""connections"":0,""industry"":{""nullValue"":null},""fullName"":""Shaunt Arevian"",""location"":""Compton, California, United States"",""education"":{""nullValue"":null},""position"":""Chief Executive Officer"",""linkedin_id"":""734697"",""imageUrl"":""https://media.licdn.com/dms/image/v2/C5603AQG7z5DzHadPJg/profile-displayphoto-shrink_800_800/profile-displayphoto-shrink_800_800/0/1652907225584?e=1758153600&v=beta&t=Q39mkGRQWl0LQVwYr3YBnXfHu-M7sJgRJXyymhmgtnY"",""profileUrl"":""https://www.linkedin.com/in/shaunt-arevian-2092b5"",""firstName"":""Shaunt"",""emailEnrichments"":[""sarevian@roadsfoundation.org""],""companyUrl"":{""nullValue"":null},""customEmailAddress"":""sarevian@roadsfoundation.org"",""followers"":0}",0,1762387200,ROADS FOUNDATION INC,Were working on a collaborative with Life Sciences & Pharma - inviting leading psychiatry groups. The Roads Foundation is invited. Interested?,1763337600,bdr_1759775085025,,734697,"Shaunt-

We are working on a significant initiative with pharma and life sciences companies who are looking for premier Behavioral Health practices - and we wanted to invite you to participate. 

You’ve built a remarkable, patient-centered FQHC that uniquely integrates medical, dental, and behavioral care—first in South LA—so you can treat whole people across all ages with real continuity and compassion.

These groups are looking for leading physicians and practices to transform healthcare through patient-reported outcomes. In addition to helping subsidize the cost of these systems, their access to anonymized patient reported outcomes can become a significant revenue source. 

Would you be open to a quick conversation to explore what that could look like for The Roads Foundation, Inc.?",,"1762905600, 1, connection_request, Were working on a collaborative with Life Sciences & Pharma - inviting leading psychiatry groups. The Roads Foundation is invited. Interested?, 1763424000, Shaunt-

We are working on a significant initiative with pharma and life sciences companies who are looking for premier Behavioral Health practices - and we wanted to invite you to participate. 

You’ve built a remarkable, patient-centered FQHC that uniquely integrates medical, dental, and behavioral care—first in South LA—so you can treat whole people across all ages with real continuity and compassion.

These groups are looking for leading physicians and practices to transform healthcare through patient-reported outcomes. In addition to helping subsidize the cost of these systems, their access to anonymized patient reported outcomes can become a significant revenue source. 

Would you be open to a quick conversation to explore what that could look like for The Roads Foundation, Inc.?, send_message, 5",Shaunt Arevian,1764547200,The Roads Foundation,1763337600,1763337600,https://www.linkedin.com/in/shaunt-arevian-2092b5,0PKgaPfsmVFstPccKVO8,projects/clemail/databases/(default)/documents/linkedin_activities/0PKgaPfsmVFstPccKVO8,2025-11-06T22:14:21.556486Z,2025-12-01T11:00:28.298590Z,,,,,,,,,,,,,,
,customer_1756905670248,368535,sent_to_heyreach,mtaylor@ttbh.org,Ryan Saliman,outreach_1762466565480_yav703kx0,269036642,"Mike Taylor, MS",1762905600,232064,114682,default,campaign_1762401107769,"HeyReach did not add the lead. Added: 0, Updated: 0, Failed: 0

⚠️ MOST LIKELY CAUSE: This lead already exists in HeyReach campaign/list (duplicate based on LinkedIn URL or email).

SOLUTIONS:
1. Check HeyReach campaign ""232064"" to verify if this lead already exists
2. If this is intentional (updating/resending), you can safely ignore this error
3. If lead should be added, remove them from HeyReach first, then try again
4. Click ""Mark as Sent (Duplicate)"" to mark this activity as sent without adding to HeyReach",Deputy Chief Executive Officer,"{""nullValue"":null}","{""experiences"":""0"",""industry"":{""nullValue"":null},""followers"":0,""connections"":0,""lastName"":""Taylor, MS"",""headline"":{""nullValue"":null},""firstName"":""Mike"",""companyUrl"":{""nullValue"":null},""companyName"":""Tropical Texas Behavioral Health"",""username"":""mike-taylor-ms-60212476"",""fullName"":""Mike Taylor, MS"",""emailAddress"":{""nullValue"":null},""emailEnrichments"":[""mtaylor@ttbh.org""],""profileUrl"":""https://www.linkedin.com/in/mike-taylor-ms-60212476"",""imageUrl"":""https://media.licdn.com/dms/image/v2/D5603AQHA_iCwuEDuFQ/profile-displayphoto-scale_100_100/B56ZjyQQxZHMAc-/0/1756411009558?e=1764201600&v=beta&t=yWtD8nDn7X21s3CMjQzKhfkU3BjJSUwYbK__ynuL3WU"",""location"":""Mission, TX"",""customEmailAddress"":""mtaylor@ttbh.org"",""summary"":""Deputy CEO and Chief Operating Officer at Tropical Texas Behavioral Health"",""position"":""Deputy Chief Executive Officer"",""enrichedEmailAddress"":{""nullValue"":null},""linkedin_id"":""269036642"",""education"":""0"",""about"":{""nullValue"":null}}",0,1762387200,Tropical Texas Behavioral Health,Were working on a Life Sciences & Pharma collaborative - inviting leading psychiatry and behavioral health groups. Tropical Texas Behavioral Health is invited. Interested in learning more?,1763337600,bdr_1759775085025,,269036642,"Mike-

We are working on a significant initiative with pharma and life sciences companies who are looking for premier Behavioral Health practices - and we wanted to invite you to participate. 

Tropical Texas Behavioral Health clearly stands out for how you combine comprehensive, recovery-focused services with deep cultural sensitivity and local commitment to improving lives across Cameron, Hidalgo, and Willacy Counties.

These groups are looking for leading physicians and practices to transform healthcare through patient-reported outcomes. In addition to helping subsidize the cost of these systems, their access to anonymized patient reported outcomes can become a significant revenue source. 

Would you be open to a quick conversation to explore what that could look like for Tropical Texas Behavioral Health?",,"Were working on a Life Sciences & Pharma collaborative - inviting leading psychiatry and behavioral health groups. Tropical Texas Behavioral Health is invited. Interested in learning more?, connection_request, 1, 1762905600, send_message, 1763424000, Mike-

We are working on a significant initiative with pharma and life sciences companies who are looking for premier Behavioral Health practices - and we wanted to invite you to participate. 

Tropical Texas Behavioral Health clearly stands out for how you combine comprehensive, recovery-focused services with deep cultural sensitivity and local commitment to improving lives across Cameron, Hidalgo, and Willacy Counties.

These groups are looking for leading physicians and practices to transform healthcare through patient-reported outcomes. In addition to helping subsidize the cost of these systems, their access to anonymized patient reported outcomes can become a significant revenue source. 

Would you be open to a quick conversation to explore what that could look like for Tropical Texas Behavioral Health?, 5",Mike Taylor,1764547200,Tropical Texas Behavioral Health,1763337600,1763337600,https://www.linkedin.com/in/mike-taylor-ms-60212476,0PZmr6ZmuVoYisxf8HU3,projects/clemail/databases/(default)/documents/linkedin_activities/0PZmr6ZmuVoYisxf8HU3,2025-11-06T22:14:21.556486Z,2025-12-01T11:00:29.922622Z,,,,,,,,,,,,,,
,customer_1756905670248,368533,sent_to_heyreach,charles.ihrig@athenacare.health,Bob Young,outreach_1763398760918_7athdwxrk,26382731,Charles Ihrig,1763942400,232058,115030,iteration_1,campaign_1762401107769,,President/Founder/Psychologist,"{""nullValue"":null}","{""username"":""charles-ihrig-94ba038"",""experiences"":""[{\""from\"": \""2021-11-01T00:00:00.000Z\"", \""position\"": \""President/Founder/Psychologist\"", \""companyName\"": \""Athena Care\"", \""company_url\"": \""https://www.linkedin.com/company/athena-care\""}, {\""to\"": \""2022-01-01T00:00:00.000Z\"", \""from\"": \""2015-09-01T00:00:00.000Z\"", \""position\"": \""CEO\"", \""companyName\"": \""NeuroMed TMS Centers, LLC\"", \""company_url\"": \""https://www.linkedin.com/company/neuromed-tms-centers-llc\""}, {\""to\"": \""2022-01-01T00:00:00.000Z\"", \""from\"": \""2000-10-01T00:00:00.000Z\"", \""position\"": \""Managing Partner, Licensed Clinical Psychlogist\"", \""companyName\"": \""Athena Consulting & Psychological Services, LLC\"", \""company_url\"": \""\""}, {\""to\"": \""2001-01-01T00:00:00.000Z\"", \""from\"": \""1996-01-01T00:00:00.000Z\"", \""position\"": \""EPS Clinical Training Supervisor\"", \""companyName\"": \""Mental Health Co-op\"", \""company_url\"": \""\""}]"",""firstName"":""Charles"",""lastName"":""Ihrig"",""linkedin_id"":""26382731"",""customEmailAddress"":""charles.ihrig@athenacare.health"",""emailAddress"":{""nullValue"":null},""headline"":{""nullValue"":null},""emailEnrichments"":[""charles.ihrig@athenacare.health""],""companyName"":""Athena Care"",""imageUrl"":""https://media.licdn.com/dms/image/v2/C4E03AQHpZQrFTx_eVQ/profile-displayphoto-shrink_100_100/profile-displayphoto-shrink_100_100/0/1517742295074?e=1762387200&v=beta&t=AET2W76kfrhmq_XnrfUJ1rduAfvNVinloCKiHmraK4Q"",""followers"":0,""summary"":""President / Founder / Psychologist @ Athena Care"",""enrichedEmailAddress"":{""nullValue"":null},""about"":""Dr. Charles Ihrig is the co-owner and founder of Athena Consulting and Psychological Services, LLC and NeuroMed TMS Centers, LLC. Athena Consulting is a private group practice which includes Psychologists and masters level counsellors. In just a few short years it has become one of the largest group practices in Middle Tennessee. Dr. Ihrig is a Licensed Psychologist and Licensed Professional Counselor. He graduated with his doctorate in counseling psychology from Tennessee State University and completed his internship/residency at Vanderbilt University Medical Center's Department of Psychiatry. He is more of a generalist treating most conditions, but does specialize in assessment."",""location"":""Nashville, TN"",""position"":""President/Founder/Psychologist"",""fullName"":""Charles Ihrig"",""education"":""[{\""timePeriod\"": \""1999 - 2004\"", \""placeOfEducationLink\"": \""https://www.linkedin.com/school/tennessee-state-university/\"", \""placeOfEducationName\"": \""Tennessee State University\""}]"",""connections"":0,""profileUrl"":""https://www.linkedin.com/in/charles-ihrig-94ba038"",""industry"":{""nullValue"":null},""companyUrl"":""https://www.linkedin.com/company/athena-care""}",0,1763337600,Athena Care,We are working on a collaboration with Life Sciences and Pharma Companies and seek leading behavioral health groups. Athena Care is clearly a leading practice - Interested?,1763942400,bdr_1759775191223,,26382731,"Charles-

We are working on a significant initiative with pharma and life sciences companies who are looking for premier Behavioral Health practices - and we wanted to invite you to participate. 

Athena Care stands out in the mental health space because you seamlessly integrate comprehensive services, from innovative treatments to compassionate counseling, empowering your patients towards happier, healthier lives.

These groups are looking for leading physicians and practices to transform healthcare through patient-reported outcomes. In addition to helping subsidize the cost of these systems, their access to anonymized patient reported outcomes can become a significant revenue source. 

Would you be open to a quick conversation to explore what that could look like for Athena Care?",,"connection_request, 1, We are working on a collaboration with Life Sciences and Pharma Companies and seek leading behavioral health groups. Athena Care is clearly a leading practice - Interested?, 1763942400, 1765497600, Charles-

We are working on a significant initiative with pharma and life sciences companies who are looking for premier Behavioral Health practices - and we wanted to invite you to participate. 

Athena Care stands out in the mental health space because you seamlessly integrate comprehensive services, from innovative treatments to compassionate counseling, empowering your patients towards happier, healthier lives.

These groups are looking for leading physicians and practices to transform healthcare through patient-reported outcomes. In addition to helping subsidize the cost of these systems, their access to anonymized patient reported outcomes can become a significant revenue source. 

Would you be open to a quick conversation to explore what that could look like for Athena Care?, 5, send_message",Charles Ihrig,1764547200,Athena Care,1763942400,,https://www.linkedin.com/in/charles-ihrig-94ba038,0PgeXNsTGdj3P5onV3tc,projects/clemail/databases/(default)/documents/linkedin_activities/0PgeXNsTGdj3P5onV3tc,2025-11-17T17:27:02.811205Z,2025-12-01T11:00:31.588083Z,,,,,,,,,,,,,,
,customer_1756905670248,368533,sent_to_heyreach,jpowell@chcsga.org,Bob Young,outreach_1761586264675_3n24mezyo,204326442,Jason Powell,1761696000,232058,115030,default,campaign_1758727047628,,Chief Financial Officer,"{""nullValue"":null}","{""lastName"":""Powell"",""username"":""jason-powell-57651858"",""enrichedEmailAddress"":{""nullValue"":null},""emailEnrichments"":[""jpowell@chcsga.org""],""experiences"":""0"",""industry"":{""nullValue"":null},""companyUrl"":{""nullValue"":null},""firstName"":""Jason"",""imageUrl"":{""nullValue"":null},""customEmailAddress"":""jpowell@chcsga.org"",""profileUrl"":""https://www.linkedin.com/in/jason-powell-57651858"",""followers"":0,""summary"":""Chief Financial Officer at Community Health Care Systems, Inc."",""connections"":0,""headline"":{""nullValue"":null},""about"":{""nullValue"":null},""companyName"":""Community Health Care Systems, Inc."",""location"":""Dublin, Georgia, United States"",""emailAddress"":{""nullValue"":null},""position"":""Chief Financial Officer"",""education"":""0"",""linkedin_id"":""204326442"",""fullName"":""Jason Powell""}",0,1761523200,"Community Health Care Systems, Inc.",Saw your post about CHCs as safety-net providers in rural GA. We're working with bioscience companies and pharma on a major initiative — your voice matters. I'd love to include you if you're willing.,1761696000,bdr_1759775191223,,204326442,"Jason-

Saw your post about CHCs as safety-net providers in rural GA. We're working with bioscience companies and pharma on a major initiative — your voice matters. I'd love to include you if you're willing. 

When our leadership team saw your recent post, we wanted to invite you to join a new collaborative to help transform healthcare. 

Let me explain – we’re partnering with leading physicians and practices to transform healthcare through patient-reported outcomes. Our model is simple: life sciences and pharma groups fund access to anonymized patient data. This allows us to subsidize the cost and administration of collecting and benchmarking patient feedback for healthcare across the country.

Your thought leadership makes you a natural fit to lead out in this growing movement — early enough to help shape it, but with a foundation that’s already delivering results.

Would you be open to a quick conversation to explore what that could look like for Community Health Care Systems?
",,"like_recent_post, 1761696000, LinkedIn activity, 1, Saw your post about CHCs as safety-net providers in rural GA. We're working with bioscience companies and pharma on a major initiative — your voice matters. I'd love to include you if you're willing., 1, connection_request, 1761696000, Jason-

Saw your post about CHCs as safety-net providers in rural GA. We're working with bioscience companies and pharma on a major initiative — your voice matters. I'd love to include you if you're willing. 

When our leadership team saw your recent post, we wanted to invite you to join a new collaborative to help transform healthcare. 

Let me explain – we’re partnering with leading physicians and practices to transform healthcare through patient-reported outcomes. Our model is simple: life sciences and pharma groups fund access to anonymized patient data. This allows us to subsidize the cost and administration of collecting and benchmarking patient feedback for healthcare across the country.

Your thought leadership makes you a natural fit to lead out in this growing movement — early enough to help shape it, but with a foundation that’s already delivering results.

Would you be open to a quick conversation to explore what that could look like for Community Health Care Systems?
, 11, 1764115200, send_message",Jason Powell,1764547200,Community Health Care Systems,1761696000,,https://www.linkedin.com/in/jason-powell-57651858,0QWQjvz2QkiCyDVOa6MT,projects/clemail/databases/(default)/documents/linkedin_activities/0QWQjvz2QkiCyDVOa6MT,2025-10-27T17:53:10.452039Z,2025-12-01T11:00:33.089314Z,,,,,,,,,,,,,,
,customer_1756905670248,368533,sent_to_heyreach,amiller@momentummh.org,Bob Young,outreach_1763398727518_jtnzi2g0u,107655990,Anthony LMFT,1763337600,232058,115030,iteration_1,campaign_1762401107769,Failed to fetch,"Sr. Director of Operations, La Selva Group","{""nullValue"":null}","{""fullName"":""Anthony LMFT"",""lastName"":""LMFT"",""imageUrl"":""https://media.licdn.com/dms/image/v2/D5603AQFJLRaNM9sOPw/profile-displayphoto-shrink_100_100/profile-displayphoto-shrink_100_100/0/1718240882828?e=1765411200&v=beta&t=kU8bGZCEr0w2vlTdqya73eJXAliz7CnXVp3VDImMZEs"",""firstName"":""Anthony"",""emailEnrichments"":[""amiller@momentummh.org""],""position"":""Sr. Director of Operations, La Selva Group"",""summary"":""Executive Director"",""emailAddress"":{""nullValue"":null},""about"":{""nullValue"":null},""followers"":0,""experiences"":""0"",""linkedin_id"":""107655990"",""headline"":{""nullValue"":null},""location"":""Palo Alto, California, United States"",""profileUrl"":""https://www.linkedin.com/in/anthony-miller-lmft-b0607830"",""username"":""anthony-miller-lmft-b0607830"",""enrichedEmailAddress"":{""nullValue"":null},""education"":""0"",""companyUrl"":{""nullValue"":null},""industry"":{""nullValue"":null},""customEmailAddress"":""amiller@momentummh.org"",""connections"":0,""companyName"":""Momentum for Health""}",0,1763337600,Momentum for Health,"We are collaborating with Life Sciences and Pharma Companies, seeking leading behavioral health groups. Momentum for Mental Health is a strong practice - Interested?",1763337600,bdr_1759775191223,,107655990,"Anthony-

We are working on a significant initiative with pharma and life sciences companies who are looking for premier Behavioral Health practices - and we wanted to invite you to participate. 

Momentum for Health stands out as a leader of support in the mental health space, offering a compassionate, whole-person approach that empowers individuals to thrive while addressing the unique needs of your diverse community.

These groups are looking for leading physicians and practices to transform healthcare through patient-reported outcomes. In addition to helping subsidize the cost of these systems, their access to anonymized patient reported outcomes can become a significant revenue source. 

Would you be open to a quick conversation to explore what that could look like for Momentum for Mental Health?",,"We are collaborating with Life Sciences and Pharma Companies, seeking leading behavioral health groups. Momentum for Mental Health is a strong practice - Interested?, 1, 1763337600, connection_request, send_message, 1763683200, 5, Anthony-

We are working on a significant initiative with pharma and life sciences companies who are looking for premier Behavioral Health practices - and we wanted to invite you to participate. 

Momentum for Health stands out as a leader of support in the mental health space, offering a compassionate, whole-person approach that empowers individuals to thrive while addressing the unique needs of your diverse community.

These groups are looking for leading physicians and practices to transform healthcare through patient-reported outcomes. In addition to helping subsidize the cost of these systems, their access to anonymized patient reported outcomes can become a significant revenue source. 

Would you be open to a quick conversation to explore what that could look like for Momentum for Mental Health?",Anthony Miller,1764547200,Momentum for Mental Health,1763337600,1763337600,https://www.linkedin.com/in/anthony-miller-lmft-b0607830,0QyQDUaQXMDPw7890hNu,projects/clemail/databases/(default)/documents/linkedin_activities/0QyQDUaQXMDPw7890hNu,2025-11-17T17:27:02.811205Z,2025-12-01T11:00:34.411658Z,,,,,,,,,,,,,,
,customer_1756905670248,368533,sent_to_heyreach,yke@crystalrunhealthcare.com,Bob Young,outreach_1763398726756_0djssrwby,36009035,"Yong ""Andy"" Ke",1763337600,232058,115030,iteration_1,campaign_1762401107769,Failed to fetch,"Medical Director and Chief of Pathology, Department of Pathology and Laboratories","{""nullValue"":null}","{""profileUrl"":""https://www.linkedin.com/in/yong-andy-ke-68b08610"",""imageUrl"":{""nullValue"":null},""companyUrl"":{""nullValue"":null},""location"":""Middletown, New York, United States"",""followers"":0,""education"":{""nullValue"":null},""experiences"":{""nullValue"":null},""customEmailAddress"":""yke@crystalrunhealthcare.com"",""summary"":""Specialties: Anatomic/Clinical Pathology and Cytopathology"",""position"":""Medical Director and Chief of Pathology, Department of Pathology and Laboratories"",""industry"":""Medical Practices"",""firstName"":""Yong \""Andy\"""",""enrichedEmailAddress"":{""nullValue"":null},""lastName"":""Ke"",""headline"":{""nullValue"":null},""emailEnrichments"":[""yke@crystalrunhealthcare.com""],""emailAddress"":{""nullValue"":null},""connections"":0,""linkedin_id"":""36009035"",""companyName"":""Bon Secours Charity Health System (Good Samaritan, St. Anthony, Bon Secours Community Hospitals)"",""username"":""yong-andy-ke-68b08610"",""fullName"":""Yong \""Andy\"" Ke"",""about"":{""nullValue"":null}}",0,1763337600,"Bon Secours Charity Health System (Good Samaritan, St. Anthony, Bon Secours Community Hospitals)",We are working on a collaboration with Life Sciences and Pharma Companies and are looking for leading behavioral health groups. Crystal Run Healthcare is a leading practice - Interested?,1763337600,bdr_1759775191223,,36009035,"Yong-

We are working on a significant initiative with pharma and life sciences companies who are looking for premier Behavioral Health practices - and we wanted to invite you to participate. 

Crystal Run Healthcare stands out in mental health with your innovative, multidisciplinary integration of care that truly honors the mind-body connection, ensuring holistic well-being for every patient you serve.

These groups are looking for leading physicians and practices to transform healthcare through patient-reported outcomes. In addition to helping subsidize the cost of these systems, their access to anonymized patient reported outcomes can become a significant revenue source. 

Would you be open to a quick conversation to explore what that could look like for Crystal Run Healthcare?",,"1763337600, connection_request, 1, We are working on a collaboration with Life Sciences and Pharma Companies and are looking for leading behavioral health groups. Crystal Run Healthcare is a leading practice - Interested?, send_message, 1763683200, Yong-

We are working on a significant initiative with pharma and life sciences companies who are looking for premier Behavioral Health practices - and we wanted to invite you to participate. 

Crystal Run Healthcare stands out in mental health with your innovative, multidisciplinary integration of care that truly honors the mind-body connection, ensuring holistic well-being for every patient you serve.

These groups are looking for leading physicians and practices to transform healthcare through patient-reported outcomes. In addition to helping subsidize the cost of these systems, their access to anonymized patient reported outcomes can become a significant revenue source. 

Would you be open to a quick conversation to explore what that could look like for Crystal Run Healthcare?, 5",Yong Ke,1764547200,Crystal Run Healthcare,1763337600,1763337600,https://www.linkedin.com/in/yong-andy-ke-68b08610,0RNpTm01jnUrPJLVqkiU,projects/clemail/databases/(default)/documents/linkedin_activities/0RNpTm01jnUrPJLVqkiU,2025-11-17T17:27:02.811205Z,2025-12-01T11:00:36.236222Z,,,,,,,,,,,,,,
,customer_1758580234166,373798,heyreach_error,sara.dodds@baycare.org,Derek Moore,contact_sara_dodds_baycare_org,480282564,Sara Dodds,1760486400,235175,104986,default,campaign_1759186215070,"HeyReach did not add the lead. Added: 0, Updated: 0, Failed: 0",President,"{""nullValue"":null}","{""profileUrl"":""https://www.linkedin.com/in/sara-dodds-370a19114"",""emailEnrichments"":[""sara.dodds@baycare.org""],""firstName"":""Sara"",""headline"":{""nullValue"":null},""followers"":0,""companyName"":""BayCare Health System"",""location"":""Lutz, Florida, United States"",""enrichedEmailAddress"":{""nullValue"":null},""about"":{""nullValue"":null},""connections"":0,""emailAddress"":{""nullValue"":null},""lastName"":""Dodds"",""position"":""President"",""linkedin_id"":""480282564"",""fullName"":""Sara Dodds"",""summary"":""President, St. Joseph’s Hospital-North"",""experiences"":""0"",""username"":""sara-dodds-370a19114"",""industry"":{""nullValue"":null},""imageUrl"":""https://media.licdn.com/dms/image/v2/C4E03AQEvuKwklYXv2Q/profile-displayphoto-shrink_100_100/profile-displayphoto-shrink_100_100/0/1550279643372?e=1763596800&v=beta&t=vyFkrYVGmYounm9SiJL4KxeFW4q8r3pAijONY_jU24Q"",""education"":""0"",""companyUrl"":{""nullValue"":null},""customEmailAddress"":""sara.dodds@baycare.org""}",0,1760313600,BayCare Health System,Loved your post about Mina and the NICU couplet care—such a beautiful story. Would love to connect and hear more about your team's work!,,bdr_1759185261698,,480282564,"We estimate that only 8% of health systems could support their own plan - and BayCare Health System is in the 8%. Have you looked into launching your own direct-to-employer (DTE) network? You could support it.

We provide turnkey DTE networks for health systems whose access and quality are strong enough to support them. You could support a plan in Lakeland, Spring Hill and Tampa FL.  

Would it make sense to schedule a few minutes to discuss?",,"like_recent_post, 1, 1760486400, LinkedIn activity, connection_request, 2, Loved your post about Mina and the NICU couplet care—such a beautiful story. Would love to connect and hear more about your team's work!, 1760572800, 3, 1760659200, send_message, We estimate that only 8% of health systems could support their own plan - and BayCare Health System is in the 8%. Have you looked into launching your own direct-to-employer (DTE) network? You could support it.

We provide turnkey DTE networks for health systems whose access and quality are strong enough to support them. You could support a plan in Lakeland, Spring Hill and Tampa FL.  

Would it make sense to schedule a few minutes to discuss?",Sara ,1764547200,BayCare Health System,1760486400,1760486400,https://www.linkedin.com/in/sara-dodds-370a19114/,0RqIs8WlhECEdyNPudAY,projects/clemail/databases/(default)/documents/linkedin_activities/0RqIs8WlhECEdyNPudAY,2025-10-13T15:11:40.237783Z,2025-12-01T11:28:55.930864Z,,,,,,,,,,,,,,
,customer_1756905670248,368535,sent_to_heyreach,,Ryan Saliman,outreach_1762466566232_s3s7gj0m0,768286831,IVAN k,1762905600,232064,114682,default,campaign_1762401107769,"HeyReach did not add the lead. Added: 0, Updated: 0, Failed: 0

⚠️ MOST LIKELY CAUSE: This lead already exists in HeyReach campaign/list (duplicate based on LinkedIn URL or email).

SOLUTIONS:
1. Check HeyReach campaign ""232064"" to verify if this lead already exists
2. If this is intentional (updating/resending), you can safely ignore this error
3. If lead should be added, remove them from HeyReach first, then try again
4. Click ""Mark as Sent (Duplicate)"" to mark this activity as sent without adding to HeyReach
• Missing email address - HeyReach usually requires an email",President,"{""nullValue"":null}","{""about"":{""nullValue"":null},""position"":""President"",""experiences"":""0"",""location"":""Nashville Metropolitan Area"",""companyUrl"":{""nullValue"":null},""username"":""ivan-k-52736a195"",""summary"":""President at WMU College of Arts and Sciences"",""education"":""0"",""customEmailAddress"":{""nullValue"":null},""headline"":{""nullValue"":null},""lastName"":""k"",""connections"":0,""firstName"":""IVAN"",""profileUrl"":""https://www.linkedin.com/in/ivan-k-52736a195"",""industry"":{""nullValue"":null},""imageUrl"":{""nullValue"":null},""emailEnrichments"":[],""enrichedEmailAddress"":{""nullValue"":null},""fullName"":""IVAN k"",""linkedin_id"":""768286831"",""companyName"":""WMU College of Arts and Sciences"",""followers"":0,""emailAddress"":{""nullValue"":null}}",0,1762387200,WMU College of Arts and Sciences,Were working on a collaborative with Life Sciences & Pharma - inviting leading psychiatry groups. Western Michigan University is invited. Interested?,1763337600,bdr_1759775085025,,768286831,"Ivan-

We are working on a significant initiative with pharma and life sciences companies who are looking for premier Behavioral Health practices - and we wanted to invite you to participate. 

Western Michigan University stands out because you combine a holistic, student-centered education with community-responsive clinical training—through your Unified Clinics and Behavioral Health Services—turning real-world practice into meaningful community impact.

These groups are looking for leading physicians and practices to transform healthcare through patient-reported outcomes. In addition to helping subsidize the cost of these systems, their access to anonymized patient reported outcomes can become a significant revenue source. 

Would you be open to a quick conversation to explore what that could look like for Western Michigan University?",,"connection_request, 1, Were working on a collaborative with Life Sciences & Pharma - inviting leading psychiatry groups. Western Michigan University is invited. Interested?, 1762905600, 1763424000, 5, Ivan-

We are working on a significant initiative with pharma and life sciences companies who are looking for premier Behavioral Health practices - and we wanted to invite you to participate. 

Western Michigan University stands out because you combine a holistic, student-centered education with community-responsive clinical training—through your Unified Clinics and Behavioral Health Services—turning real-world practice into meaningful community impact.

These groups are looking for leading physicians and practices to transform healthcare through patient-reported outcomes. In addition to helping subsidize the cost of these systems, their access to anonymized patient reported outcomes can become a significant revenue source. 

Would you be open to a quick conversation to explore what that could look like for Western Michigan University?, send_message",Ivan K,1764547200,Western Michigan University,1763337600,1763337600,https://www.linkedin.com/in/ivan-k-52736a195,0SfbUGQckE9ax7JtnQ8U,projects/clemail/databases/(default)/documents/linkedin_activities/0SfbUGQckE9ax7JtnQ8U,2025-11-06T22:14:21.556486Z,2025-12-01T11:00:37.781303Z,,,,,,,,,,,,,,
,customer_1756905670248,368535,sent_to_heyreach,emilywood@spectrumpsychla.com,Ryan Saliman,outreach_1763398756290_8994kkeji,37994779,Emily T. Wood,1763942400,232064,114682,iteration_1,campaign_1762401107769,,Medical Director,"{""nullValue"":null}","{""imageUrl"":""https://media.licdn.com/dms/image/v2/D5603AQHurVZb68A-Ig/profile-displayphoto-shrink_800_800/profile-displayphoto-shrink_800_800/0/1701742837006?e=1765411200&v=beta&t=dITGOkEUQamSTCoqwzdho4MT3AkTDOKxRX1R57K_U58"",""username"":""emily-t-wood-87788310"",""headline"":{""nullValue"":null},""industry"":{""nullValue"":null},""connections"":0,""lastName"":""Wood"",""profileUrl"":""https://www.linkedin.com/in/emily-t-wood-87788310"",""about"":{""nullValue"":null},""location"":""Los Angeles, California, United States"",""linkedin_id"":""37994779"",""emailEnrichments"":[""emilywood@spectrumpsychla.com""],""firstName"":""Emily T."",""position"":""Medical Director"",""education"":""0"",""enrichedEmailAddress"":{""nullValue"":null},""summary"":""Public Psychiatrist specializing in serious mental illness, neurodevelopmental disorders, and program development."",""followers"":0,""fullName"":""Emily T. Wood"",""companyUrl"":{""nullValue"":null},""experiences"":""0"",""customEmailAddress"":""emilywood@spectrumpsychla.com"",""emailAddress"":{""nullValue"":null},""companyName"":""Spectrum Psych Los Angeles""}",0,1763337600,Spectrum Psych Los Angeles,We are working on a collaboration with Life Sciences and Pharma Companies and are looking for leading behavioral health groups. Spectrum Psych is a beacon of care - Interested?,1763942400,bdr_1759775085025,,37994779,"Emily-

We are working on a significant initiative with pharma and life sciences companies who are looking for premier Behavioral Health practices - and we wanted to invite you to participate. 

We truly admire how Spectrum Psych serves as a leader of neurodivergent-affirming care in Los Angeles, seamlessly blending psychiatry and occupational therapy to empower individuals and families on their journey towards holistic well-being.

These groups are looking for leading physicians and practices to transform healthcare through patient-reported outcomes. In addition to helping subsidize the cost of these systems, their access to anonymized patient reported outcomes can become a significant revenue source. 

Would you be open to a quick conversation to explore what that could look like for Spectrum Psych?",,"We are working on a collaboration with Life Sciences and Pharma Companies and are looking for leading behavioral health groups. Spectrum Psych is a beacon of care - Interested?, 1763942400, 1, connection_request, 5, 1765497600, Emily-

We are working on a significant initiative with pharma and life sciences companies who are looking for premier Behavioral Health practices - and we wanted to invite you to participate. 

We truly admire how Spectrum Psych serves as a leader of neurodivergent-affirming care in Los Angeles, seamlessly blending psychiatry and occupational therapy to empower individuals and families on their journey towards holistic well-being.

These groups are looking for leading physicians and practices to transform healthcare through patient-reported outcomes. In addition to helping subsidize the cost of these systems, their access to anonymized patient reported outcomes can become a significant revenue source. 

Would you be open to a quick conversation to explore what that could look like for Spectrum Psych?, send_message",Emily Wood,1764547200,Spectrum Psych,1763942400,,https://www.linkedin.com/in/emily-t-wood-87788310,0UR0vmTxhWrAZtMkcQwz,projects/clemail/databases/(default)/documents/linkedin_activities/0UR0vmTxhWrAZtMkcQwz,2025-11-17T17:27:02.811205Z,2025-12-01T11:00:38.463793Z,,,,,,,,,,,,,,
