Profile URL,First Name,Last Name,Full Name,Headline,Enriched Email,Custom Address,Job Title,Location,Company,Company URL,Tags,Auto-tag,Auto-tag Campaign Name,Auto-tag Campaign Id,Auto-tag Sender Full Name,Auto-tag Sender Id,Auto-tag Creation Time,content
https://www.linkedin.com/in/maen-hussein-39b3b723b,Maen,Hussein,Maen Hussein,Medical Doctor at Florida Cancer Specialists & Research Institute,,mhussein@flcancer.com,Medical Doctor,"Orlando, Florida, United States",Florida Cancer Specialists & Research Institute,,,,,,,,,Just saw the Ezabenlimab data from ASCO GI. Exciting progress on colorectal options. We're inviting select practices into a biopharma initiative on the patient experience in cancer care.
https://www.linkedin.com/in/julie-macwilliams-licsw-96279129,Julie,"MacWilliams, LICSW","Julie MacWilliams, LICSW",LICSW - Massachusetts Issued 2013 LICSW - New HampshireIssued 2023LICSW - Vermont Issued 2026,,,Executive Director of Partial Hospital Programs,Greater Boston,Arbour Counseling Services,https://www.linkedin.com/company/arbour-counseling-services,,,,,,,,"Julie, just saw your post about the expressive arts piece in your Adolescent PHP. The idea that healing can begin with simply having a safe space to express what's happening within is so true. I appreciate you sharing it.   Thought you likely would be interested in this webinar on October 29th. We have several pretty exciting upcoming oncology research efforts.  Please let me know if you want to meet 1:1 to discuss the other research efforts we are involved in. We would be really excited to work with Arbour Counseling in this important work. Thanks  https://www.linkedin.com/events/7514009104252674048/"
https://www.linkedin.com/in/nancy-crenshaw-phd-maol-rn-clt-958974240,Nancy,CLT,Nancy CLT,"Executive Director, Clinical Trials Office",,,Executive Director,"Buffalo, New York, United States",Roswell Park Comprehensive Cancer Center,https://www.linkedin.com/company/roswellpark,,Generic,ryan_connect,326030,Ryan Saliman,114682,7/18/2026 2:04:29 AM,"Nancy, just saw your post about Dr. O'Connor's research spotlight. His point is fascinating: anything we learn about the causes of tobacco use should pay off in reduced cancer burden. I appreciate you highlighting that work.  Thought you likely would be interested in this webinar on October 29th. We have several pretty exciting upcoming oncology research efforts.  Please let me know if you want to meet 1:1 to discuss the other research efforts we are involved in. We would be really excited to work with Roswell Park in this important work. Thanks  https://www.linkedin.com/events/7514009104252674048/"
https://www.linkedin.com/in/cassidydavisrnocn,Cassidy Davis,"BSN, RN, ONN-CG, OCN","Cassidy Davis BSN, RN, ONN-CG, OCN",Oncology Care Navigation Clinical Manager | Oncology Palliative Medicine Program Clinic Leader | Virtual Care Expert | Industry Consultant & Advisory Board Member,,,"Clinical Manager, Virtual Care",United States,Texas Oncology,https://www.linkedin.com/company/texasoncology,,Interested,makenzie_connect,326021,Makenzie Sligar,126956,6/17/2026 6:03:25 AM,"Cassidy, just saw your post about the Leadership Redefined Conference. ""Not every room deserves you"" is so true. I appreciate you sharing what you took from each session.  I know we never landed on a time earlier this summer. No pressure at all. Thought you might be interested in this webinar on October 29th. We have several exciting upcoming oncology research efforts.  Let me know if you want to meet 1:1 to discuss the other research efforts we're involved in. We'd be really excited to work with Texas Oncology in this important work. Thanks  https://www.linkedin.com/events/7514009104252674048/"
https://www.linkedin.com/in/krista-cook-2a8444247,Krista,Cook,Krista Cook,Regional Director of Operations at Action Behavior Centers - ABA Therapy for Autism,,,Regional Director of Operations,United States,Action Behavior Centers - ABA Therapy for Autism,,,,,,,,,Just saw your post about ABC Academy's expansion. Building a real bridge between early intervention and the classroom for kids 5–12 is fascinating work.   Thought you likely would be interested in this webinar on October 29th. We have several pretty exciting upcoming research efforts. This one studies how patients and families cope with treatment.  Please let me know if you want to meet 1:1 to discuss the other research efforts we are involved in. We would be really excited to work with your ABC team in this important work. I appreciate your time. Thanks  https://www.linkedin.com/events/7514009104252674048/
https://www.linkedin.com/in/bibhassingla,Bibhas,Singla,Bibhas Singla,"Many of the treatments we need in healthcare already exist. The harder challenge is building systems that consistently get that care to the people who need it.I am a physician executive and Chief Medical Officer working at the intersection of clinical care, healthcare operations and delivery-system design.My career began in psychiatry and expanded into addiction medicine and healthcare leadership. Over the years, I have led inpatient, residential, crisis, partial-hospitalization and outpatient services while working across clinical quality, workforce, finance, reimbursement, regulation and organizational growth.In my current role as CMO, my work has expanded beyond leading individual programs. I now lead through directors and other clinical leaders. That means hiring and developing the right people, supporting their growth, setting priorities and direction, creating accountability, and keeping teams aligned around the organization’s broader goals.That experience has also changed how I think about leadership. At the C-suite level, you cannot personally solve every problem. A large part of the job is building a leadership team that can make good decisions, take ownership and execute well.Behavioral health has given me a particularly valuable view of healthcare. It brings many of the industry's hardest challenges into one place: fragmented care, limited access, workforce constraints, reimbursement complexity and patients with increasingly complex needs.I am particularly interested in how healthcare leaders can bridge clinical excellence and operational execution so that good medicine becomes care that is accessible, scalable and sustainable.I am board-certified in Psychiatry, Addiction Medicine, and Healthcare Administration, Leadership and Management (HALM), and I was part of the first group of physicians to earn HALM board certification.I write and speak about healthcare delivery, physician leadership, behavioral-health systems, addiction medicine and the operational decisions that shape patient care.P.S. If you work on difficult healthcare delivery problems, lead clinical teams, organise healthcare conferences or publish ideas that move the industry forward, I’m always interested in a thoughtful conversation.",,,President Elect,"Grand Rapids, Michigan, United States",Michigan Psychiatric Society,https://www.linkedin.com/company/sanford-behavioral-health,,,,,,,,Starting addiction treatment before the patient leaves the hospital is so right. Every extra step between willingness and treatment is a place someone gets lost. Thanks for saying it.
https://www.linkedin.com/in/luming-li,Luming,"Li, MD, MHS, FACHE, FAPA, ACC","Luming Li, MD, MHS, FACHE, FAPA, ACC","I am a physician executive and board-certified psychiatrist who works at the intersection of clinical transformation, quality improvement, and patient safety. I believe that lasting improvement in health systems requires strong clinical standards and informatics integration, relationships that build alignment across stakeholders, and the organizational infrastructure to sustain change.I currently serve as Chief Medical Officer of The Harris Center for Mental Health and IDD, the largest state-designated mental health authority in Texas, serving 88,000 patients annually across 57 sites. At The Harris Center, under significant regulatory and community accountability, I designed and built a quality and patient safety department across data analytics, performance improvement, medical services, and clinical transformation. Zero Suicide implementation reduced overdose rates by 59.6% and suicide rates by 61.3%. CARF re-accreditation achieved 96% compliance across 2,651 standards. I secured $3.2 million in grants and generated more than $1 million in annual pharmacy savings.Before that I served as Medical Director of Clinical Operations at Yale New Haven Health System and Medical Director of Quality Improvement at Yale New Haven Psychiatric Hospital, a five-hospital, $4.6 billion enterprise with 8,368 medical staff. At Yale New Haven I co-led the Clinical Redesign Program, driving reductions in cost per case and length of stay across multiple high-volume service lines. I implemented clinical care pathways and created clinical decision support tools that improved care transition documentation across inpatient psychiatry. I also led operations across five inpatient units through COVID-19, converting to telehealth within days. That response informed peer-reviewed work in JAMA Network Open covered by the New York Times.I invest in clinical credibility that earns organizational trust and work on building infrastructure and teams that outlast any single initiative. I believe that better systems produce better outcomes for the people who need them most.Fellow of ACHE and APA · 40-plus peer-reviewed publications including JAMA, BMJ, and Joint Commission Journal · CMS Technical Expert · Co-Chair, National Council Medical Directors Institute · President-Elect, AAPAL · APA Scientific Program Committee · American Leadership Forum Senior Fellow · Carol Emmott Foundation Fellow · Associate Certified Coach · Yale School of Medicine · Yale School of Management · Intermountain Healthcare",,luming.li@theharriscenter.org,Chief Medical Officer,"Houston, Texas, United States",The Harris Center for Mental Health and IDD,https://www.linkedin.com/company/the-harris-center,,,,,,,,Just saw your post celebrating the team's Suicide Safe Care Center designation. Becoming one of only three in Texas is awesome. The Zero Suicide outcomes behind it are fascinating.   Thought you likely would be interested in this webinar on October 29th. We have several pretty exciting upcoming research efforts. This one studies how patients cope with treatment.  Please let me know if you want to meet 1:1 to discuss the other research efforts we are involved in. We would be really excited to work with The Harris Center in this important work. I appreciate your time. Thanks  https://www.linkedin.com/events/7514009104252674048/
https://www.linkedin.com/in/kurt-g-83799525a,Kurt,G.,Kurt G.,Chief Executive Officer | Behavioral Health Executive | Hospital Operations | Clinical Excellence | Growth & Financial Performance | Leadership Development,,,Chief Executive Officer,"Boston, Massachusetts, United States",Arbour Hospital,https://www.linkedin.com/company/arbour-hospital,,,,,,,,"Kurt, just saw Arbour's piece on inpatient vs. outpatient care. Such a helpful way to walk families through a hard decision. Thanks for putting that out there."
https://www.linkedin.com/in/brian-burke-1662a5261,Brian,Burke,Brian Burke,Practice Administrator - Department of Surgery,,,Practice Administrator - Department of Surgery,"Narberth, Pennsylvania, United States",Fox Chase Cancer Center,,,,,,,,,"Just saw your post on Dr. Fung's Healthcare Leadership Award, Brian. So well deserved. We're also opening a biopharma patient experience initiative to a few practices, tech included."
https://www.linkedin.com/in/cindy-meyer-04b36a262,Cindy,Meyer,Cindy Meyer,--,,,President and CEO,"Oconomowoc, Wisconsin, United States",Rogers Behavioral Health,https://www.linkedin.com/company/rogers-behavioral-health,,,,,,,,"Fifth year of Fallooza and Rogers is a beneficiary again! Such a fun way to bring mental health and recovery support to the community. Thanks for sharing it, excited for you all."
https://www.linkedin.com/in/prince-ampomah-fache-mba-mha-chfp-63694131,Prince,CHFP,Prince CHFP,Enterprise Strategy and Growth | Management Consulting | Academic Medicine | Clinical Operations & Physician Practice Performance | Oncology Service Line | Published Author | Keynote Speaker | Board-level Executive,,,"Associate Vice President, Office of the Chief Physician Executive",Greater Houston,MD Anderson Cancer Center,,,,,,,,,"Prince, just saw your post on originality in the AI era. ""Nobody remembers the echo"" is a great line, congrats on the book. We're inviting practices into a biopharma funded outcomes collaborative."
https://www.linkedin.com/in/jessphamlpclmhc,Jess,Pham,Jess Pham,Behavioral Healthcare Executive | Operations | Strategy | Organizational Culture | Leadership Development,,,Senior Director - Behavioral Health,"Denton, Texas, United States",Denton County MHMR Center,https://www.linkedin.com/company/dentonmhmr,,,,,,,,"Just saw the Welcoming Spaces reveal at your C&A Center. Rainforests and deserts in a waiting room is exactly what walking in for care should feel like. Congrats to you and your team, Jess."
https://www.linkedin.com/in/andrew-kanner,Andrew,Kanner,Andrew Kanner,"With over 30 years of experience in healthcare, I am a passionate and driven leader in clinical operations. As a Vice President Operations, I oversaw the delivery of high-quality, customer-focused, and cost-effective services across multiple sites, ensuring compliance with regulatory and accreditation standards. I also leverage my Master of Science in Health Professions Pedagogy Leadership to design and implement innovative and evidence-based programs, curricula, and training for the clinical staff, enhancing their skills and performance. In my previous role as the Regional Director of Operations, I was responsible for developing and executing the strategic vision and direction of the organization, managing the financial and operational aspects of the business, and fostering collaborative partnerships with internal and external stakeholders. Additionally, I have extensive experience as an Emergency Department Director, and Registered Nurse, providing safe and compassionate care to patients with complex and chronic conditions, and utilizing the electronic health record system to document and communicate the plan of care. I am committed to advancing the quality, safety, and efficiency of healthcare delivery, and empowering the clinical team to achieve excellence and satisfaction. I am a Leader of People and build efficient, engaged teams. I am available as a consultant to help improve efficiencies, patient and staff engagement, throughput, and overall operations.",,,Chief Nursing Operations Officer,"St James, New York, United States",New York Cancer & Blood Specialists,https://www.linkedin.com/company/new-york-cancer-blood-specialists,,,,,,,,"Just saw your 9/11 post. The strength we find in each other, so true. Thanks for sharing it. "
https://www.linkedin.com/in/starla-may-45b35a297,Starla,May,Starla May,Director of Patient Experience Empowering Employees to create an Excellent Patient Experience.,,,Director Of Patient Experience,"Huntsville, Alabama, United States",Clearview Cancer Institute,,,Generic,bob_message,326038,Bob Young,115030,3/29/2026 6:53:16 PM,"Just saw Clearview's new 54,000 sq ft facility is on track to open Jan 4. Big milestone for your patients. We're expanding a biopharma initiative on the patient experience, tech included."
https://www.linkedin.com/in/kayla-sova-b0051629b,Kayla,Sova,Kayla Sova,Director of Clinical Operations,,,Board Certified Behavior Analyst,"Charlotte, NC",ABS Kids,,,,,,,,,"Just saw ABS Kids opened the new autism therapy center in Concord. That is such good news for families waiting on care. Congrats to you and the team, Kayla."
https://www.linkedin.com/in/naejeongsuh,"Naejeong ",Suh,Naejeong  Suh,"Board Certified Behavior Analyst, Music Therapist, & Educator",,,,,,,,,,,,,,"Just saw you're pursuing a Ph.D. in ABA on top of your EdD in music therapy. That mix of structure and expression is rare, and the kids you work with are lucky for it. Congrats, Naejeong."
https://www.linkedin.com/in/michael-riddle-md-a3b8542ab,Michael,"Riddle, MD","Michael Riddle, MD",CMO of Operations | Behavioral Health Systems Architect | Advancing Crisis Care at Scale,,,Chief Medical Officer of Operations,"Phoenix, Arizona, United States",RI International,https://www.linkedin.com/company/recoveryinnov,,,,,,,,"Just saw RI International is hiring a Senior Director of Operations. Great sign of growth, and of all the crisis care work you keep scaling. Congrats to you and the team."
https://www.linkedin.com/in/andrew-francis-ms-md-fsso-71a069301,Andrew,FSSO,Andrew FSSO,Board-Certified General Surgeon and Surgical Oncologist,,,,,,,,,,,,,,"Just read about your surgical oncology work at CCNW and your research on disparities in cancer outcomes. Really great. We're expanding a biopharma initiative on the patient experience, tech included."
https://www.linkedin.com/in/andrew-palmisano-8b152238,Andrew,Palmisano,Andrew Palmisano,Ascentist Healthcare,,andrew.palmisano@ascentist.com,Orthopaedic Surgeon,"Leawood, Kansas, United States",Ascentist Healthcare,,,,,,,,,"Dr. Palmisano, just saw the post about the first cases with the PCK Metaphyseal Cones. Being trusted with revisions that complex is no small thing. Congrats, and thanks for the work you do for those patients."
https://www.linkedin.com/in/kylie-haines-lcsw-pmh-c-39b74139,Kylie,"Haines, LCSW, PMH-C","Kylie Haines, LCSW, PMH-C","Clinical leader with expertise in leading clinical teams and scaling sustainable behavioral health programs. Licensed Clinical Social Worker with over a decade of experience in mental health and social services, in addition to experience with building and leading teams, project management, administrative leadership, and data informed decision making. Adept at leading through change, providing clinical telehealth services, managing staff remotely, scaling programs and teams in a fast-paced tech startup environment, and provision of behavioral health services in outpatient and higher levels of care settings. Certified as a Perinatal Mental Health specialist (PMH-C) by Postpartum Support International, trained in the modality of narrative therapy, substance use treatment specialist, and experienced trainer for employees and community members.",,,Adjunct Lecturer,"Nashville, Tennessee, United States","University of Tennessee, Knoxville",,,,,,,,,Just saw your World Suicide Prevention Day post. The reminder that you're not alone and that with help you will be well matters so much. Thank you for sharing all those resources.
https://www.linkedin.com/in/johnhickeycmpe,John,"Hickey, MPA, CMPE","John Hickey, MPA, CMPE",CEO/Executive Director at Gastroenterology Associates,,jhickey@gastroassociates.com,CEO/Executive Director,"Greenville, South Carolina, United States",Gastroenterology Associates,https://www.linkedin.com/company/gastroenterologyassociates,,Interested,makenzie_connect,326021,Makenzie Sligar,126956,6/19/2026 11:23:42 AM,"John, just saw that Gastroenterology Associates brought in the GI Genius AI system for colonoscopies. That is a great leap forward for your patients. Congrats to you and the team, thanks for pushing that."
https://www.linkedin.com/in/ash-tewari-md-4757b44,Ash,MD,Ash MD,Surgeon-In-Chief Tisch Cancer Hospital & System Chairman & Professor Urology & Director of Prostate Cancer at Mount Sinai Health System,,ash@icahn.mssm.edu,Chairman of Urology,"Valhalla, New York, United States",Icahn School of Medicine at Mount Sinai,,,Interested,makenzie_connect,326021,Makenzie Sligar,126956,6/19/2026 1:27:20 AM,"Just saw your post on anatomic understanding and plane recognition. Coming from 5,000+ surgeries, that says a lot. Still excited about the biopharma-funded patient voice study whenever timing works."
https://www.linkedin.com/in/nichole-bisig-lpcc-s-licdc-cs-166a5a343,Nichole,LICDC-CS,Nichole LICDC-CS,Chief Clinical Officer and Senior Vice President - Hamilton County Behavioral Health Services at Greater Cincinnati Behavioral Health Services,,,Chief Clinical Officer and Senior Vice President - Hamilton County Behavioral Health Services,"Cincinnati, Ohio, United States",Greater Cincinnati Behavioral Health Services,https://www.linkedin.com/company/greater-cincinnati-behavioral-health-services,,,,,,,,Just saw GeneroCity513's newly wrapped outreach vehicle. Such a human way to meet people where they are and connect them to services. Love seeing your team out there.
https://www.linkedin.com/in/kerri-nowell-1367a241,Kerri,Nowell,Kerri Nowell,"Director of Health Professions MU Thompson Center for Autism and Neurodevelopment;; Associate Clinical Professor; Licensed Psychologist, Dept of Health Psych University of Missouri",,nowellk@missouri.edu,"Director of Health Professions ","Greater Columbia, Missouri Area",Thompson Center for Autism & Neurodevelopment,,,,,,,,,Just saw the Thompson Center's piece on helping families navigate healthcare info for neurodivergent kids. Such a needed resource. Thank you for getting that out into the world.
https://www.linkedin.com/in/mauricio-miranda-lpc-s-08b923354,Mauricio,"Miranda, LPC-S","Mauricio Miranda, LPC-S","Intake Director at Palms Behavioral Health | LPC-S, LCDC-I, NCC, C-DBT, ADHD-CCSP, C-PD, CTMH, ASDCS",,,Director,"Mission, Texas, United States",Palms Behavioral Health,https://www.linkedin.com/company/palms-behavioral-health,,,,,,,,"Mauricio, just saw the news about Palms Behavioral Health and Driscoll Health Plan. Big win for psychiatric care access, and I imagine it shows up fast on the intake side of your world. Congrats."
https://www.linkedin.com/in/john-schuler-md-31547943,John,"Schuler, MD","John Schuler, MD","Experienced Radiation Oncologist dedicated to advancing access to high-quality cancer care in the community setting.  I focus on legislative issues related to community oncology to ensure that cancer patients in the Pacific Northwest and across the US can receive the care they need, close to home.",,john.schuler@compassoncology.com,Medical Director,"Portland, Oregon, United States",Compass Oncology,,,,,,,,,"John, just saw your AJMC piece about your mom and care close to home. That really lands, thank you for sharing it. We're inviting select practices into a biopharma funded outcomes collaborative."
https://www.linkedin.com/in/joseph-hines-ii-mph-7764125,Joseph,"Hines II, MPH","Joseph Hines II, MPH","I am a mission-driven clinical research executive committed to transforming how trials are designed, managed, and accessed. With over 15 years of experience in oncology research operations, regulatory affairs, and equity-centered strategy, I lead initiatives that integrate operational excellence with equitable outcomes. At the University of Kansas Cancer Center, I oversee research systems supporting more than 500 oncology trials, lead NCI data strategy efforts, and develop clinical trial workforce pipelines such as the C-CLEAR program. My work focuses on improving operational efficiency and expanding access to trials for underrepresented and rural communities. I also prioritize building inclusive, representative research teams. Currently pursuing a PhD in Global Health Equity at Meharry Medical College, I leverage both strategic insight and lived experience to drive systemic change across the clinical trial ecosystem.",,,Executive Director-Research Operations,United States,Tennessee Oncology,https://www.linkedin.com/company/ghcr-greco-hainsworth-centers-for-research,,,,,,,,"Just saw your JAMA Network Open paper on redlining and breast cancer screening. Important work, congrats to the team. We're inviting select practices into a biopharma funded outcomes collaborative."
https://www.linkedin.com/in/karley-hensley-ph-d-lcpc-ncc-8902aa396,Karley,"Hensley, Ph.D, LCPC, NCC","Karley Hensley, Ph.D, LCPC, NCC",--,,,Director of Outpatient Services,,Brook Lane,,,,,,,,,"Karley, just saw Brook Lane was nominated for Soliant's Most Beautiful Hospitals contest. Such a fun honor, and a nice nod to a place people come to for healing. Congrats to you and the team."
https://www.linkedin.com/in/tara-loucks-b5196446,Tara,Loucks,Tara Loucks,"Vice President, Med Services, Sagent Behavioral Health",,,Vice President Med Services,Greater Minneapolis-St. Paul Area,Sagent Behavioral Health,https://www.linkedin.com/company/sagentbehavioralhealth,,,,,,,,"Tara, just saw the piece on Sagent's integrated care model for psychiatrists. Smart way to build care delivery around the clinicians, and it fits your operations background well. Thanks for sharing it."
https://www.linkedin.com/in/mwilkins07,Matthew,Wilkins,Matthew Wilkins,"Leader in Behavioral Health, Managed Care, and Care Coordination",,,,"Colorado Springs, CO",,,,,,,,,,"Matthew, just saw that the Health Solutions West Foundation is backing psychiatry, addiction treatment, and crisis care. Great to see that kind of commitment behind specialty programs. Thanks for the work you are doing."
https://www.linkedin.com/in/kiran-annavarapu,Kiran,Annavarapu,Kiran Annavarapu,Market President. Delivering care together - efficiently and effectively.,,,Market President,"Los Angeles, California, United States",The Oncology Institute,,,Generic,bob_connect,326026,Bob Young,115030,3/24/2026 2:39:51 AM,"Just saw the news on Starling Oncology's first fully profitable quarter. Big milestone, congrats to you and the team. We're inviting select practices into a biopharma-funded outcomes collaborative."
https://www.linkedin.com/in/nicole-garber-a6b9ba52,Nicole,Garber,Nicole Garber,"Psychiatrist, Healthcare Executive, Eating Disorder Expert",,,Psychiatrist,"Surprise, AZ",Sahara Behavioral Health,,,,,,,,,"Nicole, just saw the Imagine Pediatrics piece on pediatric care deserts. With your child and adolescent work, I imagine you see that access gap up close. Really important read."
https://www.linkedin.com/in/joyljones1,Joy,PhD,Joy PhD,"Executive Leader | Building and Scaling Mission-Driven Enterprises | Strategy, Cross-Sector Partnerships & Organizational Growth | International Development",,,Chief Member,"New Orleans, Louisiana, United States",Chief,,,,,,,,,"Just saw the new lymphoma, lung and sarcoma trials at VCU Massey. Exciting progress for the trial workforce you champion. We're inviting select practices into a biopharma funded patient voice study."
https://www.linkedin.com/in/joseph-gondusky-md,Joseph,MD,Joseph MD,"Hip and Knee Surgeon I Advancing Joint Replacement Through Precision, Robotics, and Modern Care Pathways",,jgondusky@jordan-younginstitute.com,Minimally Invasive Hip and Knee Replacement Surgeon,"Virginia Beach, Virginia, United States",The Jordan-Young Institute,,,,,,,,,"Just saw your post about being named a 2026 Coastal Virginia Top Doc, congrats! Getting people back to doing what they love is the whole point, and clearly your patients feel it. Well deserved."
https://www.linkedin.com/in/andrew-j-gerber-m-d-ph-d-24585b,Andrew J.,"Gerber, M.D., Ph.D.","Andrew J. Gerber, M.D., Ph.D.",President and Medical Director at Silver Hill Hospital,,,President,"New Canaan, Connecticut, United States",Connecticut Psychiatric Society Inc.,https://www.linkedin.com/company/connecticut-psychiatric-society,,,,,,,,"Andrew, just saw your post on Silver Hill's Impact Report. Reinvesting every dollar back into patient care is exactly what a nonprofit should be doing. Thanks for putting that out there."
https://www.linkedin.com/in/barbara-schmidtman-ph-d-fache-faccc-cnmt-a13b935a,"Barbara Schmidtman, Ph.D., FACHE, FACCC,",CNMT,"Barbara Schmidtman, Ph.D., FACHE, FACCC, CNMT",Healthcare Executive & Leadership Scholar | Cancer Care Leadership & Advocacy,,,Vice President Operations Cancer Care,"Grand Rapids, Michigan, United States",Corewell Health,,,,,,,,,Just saw your post on the mobile mammography bus. Taking 3D screening straight to Michigan communities is wonderful. We're inviting a few practices into a biopharma patient experience study.
https://www.linkedin.com/in/jodi-conachen,Jodi,Conachen,Jodi Conachen,Regional Vice President at Acadian Ambulance,,jconachen@marybird.com,Chief Operating Officer,"Zachary, LA",Mary Bird Perkins Cancer Center,,,,,,,,,"Just saw Mary Bird Perkins added a Regional VP for Louisiana East. Sounds like real momentum. We're also expanding a biopharma patient experience study to a few practices, tech included."
https://www.linkedin.com/in/ACoAAAFRevIB6EjdVmQTsBHY-QNV60gSZQ9RAUU,Maria,C. Marucci,Maria C. Marucci,"Co-Founder, Ignite Practice Growth | Executive Operator Behind Multi-State Healthcare Growth | Helping Founder-Led Organizations Scale Through Structure, Accountability & Leadership Alignment",,maria.marucci@drmarucci.com,Chief Administration & People Officer,"Jacksonville, Florida, United States",IGNITE Practice Growth,https://www.linkedin.com/company/ignite-practice-growth,,,,,,,,"Just saw your post about the workaholic label. That line about founders needing to be at least a little obsessed made me smile, and it rings pretty true. Thanks for sharing it."
https://www.linkedin.com/in/juliette-d-ambrosio-lpc-acs-ncc-39928462,Juliette,NCC,Juliette NCC,Director of Outpatient Services,,,Director of Outpatient Services,New York City Metropolitan Area,Summit Oaks Hospital,https://www.linkedin.com/company/summit-oaks-hospital,,Interested,makenzie_connect,326021,Makenzie Sligar,126956,6/19/2026 12:05:47 AM,"Just saw your Overdose Awareness Day post, Juliette. Being that steady voice for the people still fighting is exactly it. Thank you for putting that out there."
https://www.linkedin.com/in/allisono,Ally,Bagus,Ally Bagus,"Director of Admissions & Business Development, Relief Mental Health",,,Director of Admissions & Business Development,Greater Chicago Area,"Relief Mental Health ",,,,,,,,,"Just read that Relief uses QEEG brain mapping and genetic testing in depression care. Really forward-thinking, and I imagine it makes admissions conversations with families a lot more hopeful. Love seeing it, Ally."
https://www.linkedin.com/in/mackindy-d-37115665,Mackindy,D.,Mackindy D.,Experienced Healthcare Operations Leader | Licensed Financial Professional | Entrepreneur |,,,Director of Acute Care & Emergency Services Operations,"Estero, Florida, United States",David Lawrence Centers,https://www.linkedin.com/company/davidlawrencecenters,,,,,,,,Just saw David Lawrence Centers picked up a $25K grant for wellness and interpretation services. Really great news for the kids and families coming through your doors. Congrats to you and the team.
https://www.linkedin.com/in/nicole-lowry-43b29065,Nicole,Lowry,Nicole Lowry,"Vice President of Operations at Greenbrook Mental Wellness Centers, a Division of Neuronetics, Inc.",,,Vice President Operations,"Raleigh, North Carolina, United States",Greenbrook,https://www.linkedin.com/company/greenbrook-mental-wellness-centers,,,,,,,,"Hi Nicole, thanks for connecting! Just saw Greenbrook opened the new Center of Excellence in Rockville. Getting care in front of more people who need it is a real win. Congrats to you and the team."
https://www.linkedin.com/in/lori-schwartz-b46948,Lori,Schwartz,Lori Schwartz,"* 20 years of experience as a leader in the mental health and substance use industry involving some level of multi-site or multi-state operations *Experienced strategist, cross functional team leadership, fiscal budgeting, operations, change management and process improvement *Knowledgeale in the adolescent and adult population, short and long term residential treatment, PHP/IOP, day treatment and in home models of care *Lean Six Sigma Green Belt Practioner striving to streamline operational efficiency while providing and maintaining quality clinical excellence",,,Senior Director of Behavioral Health Acute Ambulatory  Services,"Kennebunkport, Maine, United States",MaineHealth Behavioral Health,,,,,,,,,"Just saw MaineHealth landed an $80k grant to expand tobacco treatment for behavioral health patients. That is such a meaningful step for the folks your ambulatory teams see every day. Congrats, Lori."
https://www.linkedin.com/in/jonathan-shepherd-464b167,Jonathan,Shepherd,Jonathan Shepherd,"Chief Clinical Officer | Double Board Certified Child, Adolescent, and Adult Psychiatrist",,jshepherd@twitter.com,Chief Clinical Officer,"Washington, District of Columbia, United States",DC Department of Behavioral Health,https://www.linkedin.com/company/dc-department-of-behavioral-health,,,,,,,,"Just saw that a DBH-trained recovery coach published a memoir on faith and transformation. What a powerful thing to see out in the world, and a real reflection of the care your teams put in. Congrats, Jonathan."
https://www.linkedin.com/in/adam-reich-93808868,Adam,Reich,Adam Reich,SVP of Business Strategy at the Dana-Farber Cancer Institute,,,"Senior Vice President, Business Strategy","New York, NY",Dana-Farber Cancer Institute,,,,,,,,,"Just saw the news on the rare inherited EGFR mutation tied to lung cancer risk. Really important work. We're inviting a few practices into a biopharma patient experience study, tech included."
https://www.linkedin.com/in/brendan-guarino-psy-d-89340b69,Brendan,"Guarino, Psy.D.","Brendan Guarino, Psy.D.","Director, Guardians for Guardians | Baker Street Behavioral Health | Assistant Professor and Director of Clinical Training (DCT) Felician University",,,"Director of Clinical Training (DCT) ","Lodi, New Jersey, United States",Felician University,https://www.linkedin.com/school/felician-university,,,,,,,,Just saw your post welcoming first responders and their families to the Wellness at the Frontlines series. Covering everything from mental health to podiatry is such a needed resource. Grateful you are doing that work.
https://www.linkedin.com/in/drake-correa-1876ltl,Drake,Correa,Drake Correa,"Mobility is more than just a physical ability; it is a vital aspect of one's quality of life. As a below-knee amputee , I know firsthand the challenges and opportunities that come with living with a limb difference. That's why I'm dedicated to helping others find the best orthotic and prosthetic solutions for their needs and goals.At Freedom Orthotics &amp; Prosthetics, I work as a patient liaison / technician , connecting patients with the latest medical technology and the most compassionate and professional care. We are a locally owned and operated business that has been serving Houston and surrounding areas since 2005. We value personal and professional relationships with our patients and partners, and we strive to deliver optimal outcomes and satisfaction. ",,,"Patient Liaison / Technician ","Houston, Texas, United States",Freedom Orthotics & Prosthetics,,,Interested,Makenzie Quick Message,472583,Makenzie Sligar,126956,6/19/2026 2:10:58 PM,Just saw your post about Posterior Mounted Blades. Love that they're pushing prosthetic tech boundaries. That quote about seamless integration on aggressive ski slopes really stood out. Thanks for sharing. We should touch base sometime.
https://www.linkedin.com/in/nira-singh-psyd-1293078,Nira,PsyD,Nira PsyD,Behavioral Health Leader * Health Equity Activist,,,Clinical Director Cultural Development and Wellness Center,"Aurora, Colorado, United States",Aurora Mental Health & Recovery,https://www.linkedin.com/company/aurora-mental-health,,Interested,makenzie_connect,326021,Makenzie Sligar,126956,6/18/2026 11:10:58 PM,"Just saw your International Day of Peace post, Nira. That line about peace being built through institutions, relationships, and daily choices really rings true, especially in the work your center does. Thanks for sharing it."
https://www.linkedin.com/in/andrea-curry-phd-mha-cpht,Andrea,CPhT,Andrea CPhT,"Manager, Patient Reported Outcomes @ West Cancer Center | Oncology Clinical Research, GCP",,,Book Author,Memphis Metropolitan Area,Christian Faith Publishing,,,,,,,,,"Andrea, just saw your trademark news, congrats on making it official. Love that you protected it. We're inviting select oncology practices into a biopharma funded patient voice study."
https://www.linkedin.com/in/casey-chiasson-m-b-a-809ba76b,Casey,M.B.A.,Casey M.B.A.,Executive Director - Willamette Valley Cancer Institute & Research Center,,casey.chiasson@usoncology.com,Executive Director,"Baton Rouge, Louisiana, United States",Willamette Valley Cancer Institute & Research Center,,,,,,,,,Just saw Dr. Sharman's take on the new lymphoma advances. Exciting progress coming out of your team. We're inviting select practices into a biopharma-funded patient outcomes collaborative.
https://www.linkedin.com/in/joseph-p-gavan,Joe,Gavan,Joe Gavan,"Chief Executive Officer, Cass Family Clinic",,jgavan@cassfamilyclinic.org,Chief Executive Officer,"Grand Rapids, Michigan, United States",Cass Family Clinic,https://www.linkedin.com/company/cassfamilyclinic,,,,,,,,"Just saw the mobile clinic has passed 900 patients since launch. That is access showing up right where people need it. Congrats to you and the team, Joe!"
https://www.linkedin.com/in/noellemaeparker,Noelle,Parker,Noelle Parker,"Driven, committed, and enthusiastic health and life sciences professional with experience and knowledge in research, patient care, team leadership, and medical administrative support with a Bachelor's in Biochemistry/Molecular Biology and a Masters in Healthcare Administration. Skilled at cross-functional team communication and leadership, working effectively in a fast-paced environment, and supporting a team focused on quality and value in healthcare.",,,"Director of Risk, Performance Improvement, & Patient Advocate","Bothell, Washington, United States",Smokey Point Behavioral Hospital,,,,,,,,,"Just saw your post about the free community event for Suicide Prevention Month. Therapy dogs, QPR training, and rock painting all in one night, what a great mix. Thanks for making that happen."
https://www.linkedin.com/in/desserie-morgan-36247378,Desserie,Morgan,Desserie Morgan,"Professionally, I am an accountable, competent and decisive Registered Professional Nurse Executive with 20+ years intense Behavioral Health and 7+ years, Acute, Detox and Sub-Acute Med-Surg experience in bedside , nursing leadership  and academic settings. I possess administrative leadership skills with a hands on, technologically savvy approach. I have a deep awareness of the financial aspect of care and have the experience and education to responsibly create and stabilize budgets and expenditures as they relate to the healthcare organization. I am committed to ​ensuring a high standard of patient -centered, trauma informed care by collaborating with healthcare professionals through a cohesive work environment, developing learning opportunities for my staff, maintaining their knowledge of changes in the medical /behavioral health field, and shaping policies related to patient care.​ I am a transformational, forward thinking servant leader who can and will be the change agent needed to ensure satisfaction for patients and staff alike. Recognized for outstanding academic achievement and graduated Magna Cum Laude with High Honors, I never stop learning. Personally, I see the silver lining in every cloud. I believe we are all in charge of our own destiny. My motto is ""perception is reality... so change your perspective and you change your life."" I practice Servant Leadership and believe you only truly succeed if those you lead, succeed. I love being a nurse, every single moment of it!!  I live for my children, I believe in God, I am thankful for all the beautiful things in my life, I am VERY BLESSED. I believe happiness is a way of life. I want to make a difference in this world. Both personally and professionally, I will never stop growing, learning, and exceeding my own expectations. I thrive when faced with a challenge. I love comedy, I love to laugh. I live to hear my children laugh. I love with my whole heart.",,,Vice President of Nursing,New York City Metropolitan Area,Maimonides Medical Center,,,Interested,makenzie_connect,326021,Makenzie Sligar,126956,7/2/2026 1:10:50 AM,Just saw your post on the Maimonides 9/11 remembrance. Retiring the flag and raising a new one together as one hospital family says everything about what community really means. Thank you for sharing it.
https://www.linkedin.com/in/lauren-wampole-ms,Lauren,MS,Lauren MS,Healthcare Operations Executive,,,Vice President—Regional Operations,"Portland, Oregon, United States",OneOncology,,,,,,,,,"Just saw that OneOncology is acquiring United Urology Group. Big growth move, and I imagine an interesting one to operationalize on the regional side. Congrats to you and the team."
https://www.linkedin.com/in/jorge-capote-aa28137a,Jorge,Capote,Jorge Capote,"Vice President, Patient Relations at Memorial Sloan Kettering Cancer Center",,,"VP, Patient Relations","New York, New York, United States",Memorial Sloan Kettering Cancer Center,,,Interested,jean_connect,326032,Jean Paty,115040,5/11/2026 1:17:26 PM,"Jorge, just saw MSK named world's best cancer hospital by Newsweek. Congrats, your patient relations work is part of that."
https://www.linkedin.com/in/eddie-singleton-3849317a,Eddie,Singleton,Eddie Singleton,Director of Dosimetry at Mary Bird Perkins Cancer Center,,,,,,,,Generic,makenzie_connect,326021,Makenzie Sligar,126956,6/20/2026 3:55:07 AM,"Just saw Mary Bird Perkins treating prostate cancer on Elekta Unity. Has to be fun planning on that. "
https://www.linkedin.com/in/deette-vasques-9086779,DeEtte,Vasques,DeEtte Vasques,Director of Surgical Oncology at The Center for Cancer and Blood Disorders,,,Director of Surgical Oncology,"Fort Worth, Texas, United States",The Center for Cancer and Blood Disorders,,,,,,,,,"Just saw your Gyn Cancer Awareness Month post. ""Different cancers, same strength"" is so good. "
https://www.linkedin.com/in/mona-barman-219b299,Mona,Barman,Mona Barman,Clinical Psychologist,,,Director of Clinical Quality & AI,"San Diego, California, United States",BetterHelp,,,,,,,,,"Just saw BetterHelp's report that 15% of Americans now use AI for mental health support. That is a striking shift, and you are right in the middle of it. Thanks for the work you are doing there."
https://www.linkedin.com/in/grantedwardschmidt,Grant,Schmidt,Grant Schmidt,Regional Vice President of Operations,,grant.schmidt@dulyhealthandcare.com,Regional Vice President of Operations,Greater Chicago Area,QualDerm Partners,https://www.linkedin.com/company/qualderm-partners,,,,,,,,"Just saw QualDerm is rolling out AI scheduling across all 160 practices in 17 states. That is a big lift and a real leap for the industry. Congrats to you and the team, Grant!"
https://www.linkedin.com/in/christopher-e-fisher-psy-d-ms-ed-3b8b7b83,Christopher E.,"Fisher, Psy.D., MS.Ed.","Christopher E. Fisher, Psy.D., MS.Ed.","Director of the Adult Outpatient Psychiatry Department(Adult Outpatient Center, Behavioral Health Crisis Center, Rapid Access Center, Clozapine Center) at Northwell Health; Licensed Clinical Psychologist",,,Assistant Professor of Psychiatry,New York City Metropolitan Area,Donald & Barbara Zucker School of Medicine,,,,,,,,,"Just saw Zucker Hillside is building a new Child and Adolescent Mental Health Pavilion. That is a huge investment in kids' care, congrats Chris. Must be great to see it happening."
https://www.linkedin.com/in/gunnar-lauer-md-57755b84,Gunnar,"Lauer, MD","Gunnar Lauer, MD",Director Cancer Clinical Trials Office @ Montefiore Einstein Comprehensive Cancer Center | MD,,,Director Cancer Clinical Trials Office,"Bethany, Connecticut, United States",Montefiore Einstein Comprehensive Cancer Center,,,,,,,,,"Just saw the metronomic regimen study for TP53-mutated myeloid malignancies. Meaningful step forward. "
https://www.linkedin.com/in/mikesteelern,Michael J.,"Steele Jr., MBA, MSN, RN, PMH-BC","Michael J. Steele Jr., MBA, MSN, RN, PMH-BC",APNA NJ President-Elect | Psychiatric-Mental Health Nursing & Systems Leader,,,"Director of Quality Improvement, Regulatory Affairs, and Nursing Development",Greater Philadelphia,The Behavioral Wellness Center at Girard,https://www.linkedin.com/company/bewellctr,,,,,,,,Just saw your post on the medetomidine withdrawal summit report. Wild that Philly has become the resource for everyone else on this. Exactly the cross-sector work that's needed. Thanks for sharing.
https://www.linkedin.com/in/john-f-gibbs-md-mhcm-cpe,John F.,"Gibbs, MD, MHCM, CPE, FACS","John F. Gibbs, MD, MHCM, CPE, FACS","Hackensack Meridian Health's Southern Region team benefits from over five years of leadership in oncology care coordination, project management, and outcomes research. As Clinical Director of Oncology, the role encompasses oversight of four cancer centers, ensuring seamless operations and prioritizing patient-centered care. Expertise in population health management complements strategic initiatives to enhance care delivery and outcomes.    Concurrently serving as Professor of Surgery at St. George’s University School of Medicine, this dual role emphasizes a commitment to education and advancing oncological practices. Values are deeply rooted in leveraging data-driven strategies and fostering collaboration across multidisciplinary teams, all directed toward the goal of improving health outcomes for patients and communities.",,john.gibbs@hmhn.org,Professor of Surgery,New York City Metropolitan Area,St. Georges University School of Medicine,,,Interested,makenzie_connect,326021,Makenzie Sligar,126956,6/20/2026 1:14:11 AM,"Just saw Hackensack Meridian's $125M gift for Jersey Shore's expansion. Big milestone, especially given your history there. "
https://www.linkedin.com/in/patricia-carty-63a37a89,Patricia,Carty,Patricia Carty,"Experienced Leader with a demonstrated history of working in the mental health care industry. Skilled in Nonprofit Organizations, Crisis Intervention, Clinical Supervision, Team Building, and Administration. Strong operations professional with a Master of Science (MS) focused in Counseling Psychology from Springfield College. ",,,President and Chief Executive Officer,"Manchester, New Hampshire, United States",Mental Health Center of Greater Manchester,https://www.linkedin.com/company/the-mental-health-center-of-greater-manchester,,,,,,,,"Just listened to the new Mind Your Mentality episode. Kristen, Jason and Tracie made the suicide prevention work at MHCGM feel so practical and human. Thank you for putting it out there, Patricia."
https://www.linkedin.com/in/lanie-francis-md-1b388490,Lanie,MD,Lanie MD,"Medical Oncologist, Hematologist: Survivorship and Integrative Oncology UPMC Hillman Cancer Center and Faculty University of Pittsburgh School of Medicine and Menopause Society Certified Practitioner (MSCP)",,,Expert,"Pittsburgh, PA",Best Doctors,,,,,,,,,"Just saw Hillman's pembrolizumab plus chemoradiotherapy results. Exciting progress, and thanks for your survivorship work. "
https://www.linkedin.com/in/christopher-yasenchak-381a4492,Christopher,Yasenchak,Christopher Yasenchak," ⸻  I am a lymphoma and multiple myeloma specialist, clinical researcher, and immunotherapy leader committed to bridging academic research with real-world oncology care, particularly for elderly and infirm patients. As CAR-T/Bispecifics Medical Director at Willamette Valley Cancer Institute, I lead a multidisciplinary team managing complex lymphoma and myeloma cases, ensuring the safe and effective integration of CAR-T and bispecific antibody therapies into community-based practice.  A major focus of my work is improving treatment options for elderly and frail patients, who often face unique challenges in lymphoma and myeloma care, including limited tolerance for intensive therapies. As a Principal Investigator within the US Oncology Research network, I lead clinical trials focused on novel therapies for Classical Hodgkin Lymphoma (CHL), multiple myeloma, and other lymphomas, with a specific emphasis on tailoring treatments for elderly and high-risk populations.  Additionally, as a Lymphoma Executive Committee Member at the Sarah Cannon Research Institute, I collaborate with global experts to translate the latest research into practical, community-based applications—helping expand access to innovative treatments beyond major academic centers.  Key areas of focus: 	•	Leadership in CAR-T and bispecific antibody therapies in community settings 	•	Principal investigator in clinical trials for elderly and infirm patients with lymphoma and multiple myeloma 	•	Advancing novel therapies for Classical Hodgkin Lymphoma and multiple myeloma in high-risk populations 	•	Multidisciplinary care and real-world application of immunotherapies 	•	Bridging academic research with practical applications in community-based oncology  Over the past decade, my research efforts have resulted in numerous peer-reviewed publications, conference presentations, and collaborations with leading lymphoma and myeloma experts. I am committed to expanding access to novel, less toxic therapies for elderly patients who might not tolerate traditional treatments, ensuring that innovative breakthroughs reach those who need them most. ",,chris.yasenchak@usoncology.com,Lymphoma Executive Committee Member,"Eugene, Oregon, United States",Sarah Cannon Research Institute,,,Interested,makenzie_connect,326021,Makenzie Sligar,126956,6/19/2026 9:36:59 PM,"Just saw your post on the 92 year old turned away over an eGFR of 29. Such a real problem. Grateful you keep pushing on eligibility for older patients. "
https://www.linkedin.com/in/doctormeadows,Adam,MD,Adam MD,Psychiatrist | Physician Leader | Author,,ameadows@skylandtrail.org,Medical Director of Admissions,"Atlanta, Georgia, United States",Skyland Trail,https://www.linkedin.com/company/skyland-trail,,,,,,,,"Just saw the staff spotlight on Leah Weingast. Such a nice way to show how much care goes into admissions at Skyland Trail. Kudos to her and your team, Adam."
https://www.linkedin.com/in/jason-m-quinn,Jason,Quinn,Jason Quinn,"Assistant Director, Operations at University of Colorado Cancer Center",,,"Assistant Director, Operations","Denver, Colorado, United States",University of Colorado Cancer Center,,,,,,,,,"Just saw Wells Messersmith named the new CU Cancer Center director. Great news for your team. "
https://www.linkedin.com/in/amit-patel-m-d-1a3337a2,Amit,M.D.,Amit M.D.,"President, Medical-Dental Staff at RWJ Barnabas Health Jersey City Medical Center",,,"Medical Director of Business Development, Northern NJ","Jersey City, New Jersey, United States",Astera Cancer Care,https://www.linkedin.com/company/astera-cancer-care,,,,,,,,"Just saw your post on that Astera and Vantris talk about defining and measuring value in oncology. Great topic. "
https://www.linkedin.com/in/jody-sullivan-mba-msit-rt-r-t-b769a4a2,Jody,Sullivan MBA MSIT RT (R)(T),Jody Sullivan MBA MSIT RT (R)(T),"Forward-thinking healthcare business leader with 20 years of progressive leadership roles and more than 28 years of clinical experience in the healthcare setting. Regarded as an open minded, transformational, practical, organized, and inclusive leader, with demonstrated ability to drive organizational growth through strong decision making, and innovation.  Strong operational leadership experience including budget management, productivity, performance management, project management, billing (HOPPS/MPFS), documentation, compliance, and developing and implementing Continuous Improvement Programs. Ability to work effectively in fast-paced, stressful, rapidly changing environments, with all levels across organization Core competencies/areas of expertise include: 	Compliance Management		Business Process Improvement		Organizational Optimization 	Operational Leadership		Management Reporting		                Transformational Leadership 	Cross Team Collaboration		Program/Project Management		         Leadership/Training 	Strategic Planning		               Performance Management		                 Patient Care/Service Delivery",,,VP Serviceline-Oncology,"St Augustine, Florida, United States",Ascension,,,,,,,,,"Just saw your post with Dr. Martino on the subtle signs of ovarian cancer. Thank you for getting that out there. "
https://www.linkedin.com/in/amy-fox-md-014459a5,Amy,MD,Amy MD,Radiation Oncologist at Advocate Radiation Oncology,,,Physician,"Fort Myers, Florida, United States",Advocate Radiation Oncology,,,,,,,,,"Just saw the prostate screening piece with Advocate Radiation Oncology. Great that less invasive options get attention. "
https://www.linkedin.com/in/justine-mickas-b4801b11,Justine,Mickas,Justine Mickas,"Vice President, The Brian Moran Cancer Institute. Clinical Operations Leader, BSN, RN",,,"Vice President, The Brian Moran Cancer Institute",United States,Duly Health and Care,,,,,,,,,"Just saw Duly's Charitable Fund gave over $410,000 to 40 nonprofits this year. Great impact. "
https://www.linkedin.com/in/jennifer-pugh-7b602111,Jennifer,Pugh,Jennifer Pugh,"Executive Director of a large hematology/Oncology practice and Nurse Practitioner with over 24 years of experience in the oncology/hematology setting. I am passionate about providing value based care to all individuals. I am results oriented and strive for excellence. ",,,Nurse Practitioner,"Newark, Delaware, United States","MEDICAL ONCOLOGY HEMATOLOGY CONSULTANTS, P.A",,,,,,,,,"Just saw the news about US Oncology's panel on value-based payment. Exciting direction. "
https://www.linkedin.com/in/danmccarthy2,Dan,McCarthy,Dan McCarthy,CEO at Praxis Health,,dmmccarthy@adaugeohealthcare.com,Chief Executive Officer,"Bend, Oregon, United States",Praxis Health,https://www.linkedin.com/company/praxis-health-pc,,,,,,,,"Just saw Praxis locked in your 2027 insurance network early. Really proactive in a shaky market, and a big win for your patients. Congrats to you and the team, Dan!"
https://www.linkedin.com/in/david-chism-md-ms-2495bab0,David,"Chism, MD, MS","David Chism, MD, MS",Medical oncologist,,,Medical Oncologist,"Knoxville, Tennessee, United States",Tennessee Oncology,,,,,,,,,"Just saw your ASCO Quality Care Symposium acceptance, congrats. Backing the next generation of investigators matters. "
https://www.linkedin.com/in/marthabuckley-md-mba,Martha,MBA,Martha MBA,"Physician Executive | Healthcare Strategy, Operations & Quality Across Inpatient & Ambulatory | MD, MBA",,martha.buckley@ohiohealth.com,Hospitalist,"Columbus, Ohio Metropolitan Area",OhioHealth,,,,,,,,,Just saw your post congratulating Dr. Trout on the MDVIP award. Your point about listening deeply and knowing what matters most to each patient is spot on. Great to see him recognized.
https://www.linkedin.com/in/yale-d-podnos-b956a1b7,Yale D.,Podnos,Yale D. Podnos,Chief Medical Officer and President of Practice at Starling Oncology (formerly The Oncology Institute),,,Chief Medical Officer,Los Angeles Metropolitan Area,Starling Oncology,https://www.linkedin.com/company/starling-oncology,,,,,,,,"Just saw your PCOC panel post, cost and scale for novel therapies is a needed conversation. "
https://www.linkedin.com/in/rachel-dalthorp-md-mhsa-dfapa-4701a8b8,Rachel,DFAPA,Rachel DFAPA,"Psychiatrist | Interventional & Reproductive Mental Health | Focused on improving access, outcomes, and care delivery",,rachel.dalthorp@lifestance.com,Interventional and Reproductive Psychiatrist,Oklahoma City Metropolitan Area,LifeStance Health,,,,,,,,,Just saw your post on NABRP building the first board certification in reproductive psychiatry. Maternal mortality from psychiatric illness deserves exactly this. Thanks for pushing it forward.
https://www.linkedin.com/in/niki-song19,Niki,Song,Niki Song,Psychiatrist,,,Attending Psychiatrist,"New York, New York, United States",Zucker Hillside Hospital,,,,,,,,,"Just saw the INGREZZA data on improving daily functioning in tardive dyskinesia, Niki. Feels like a real step forward for the patients you see at Zucker Hillside. Thought you would appreciate it."
https://www.linkedin.com/in/matt-landis-89b13712,Matt,Landis,Matt Landis,"I specialize in building and running health care organizations including publicly traded, equity owned and nonprofits. Whether it's defending from a qui tam suit or laying the path for ethical and effective AI governance, I win by bonding with other visionary leaders who are also agents of positive change. I have been honing my expertise as an in-house healthcare attorney since 2010, focused on helping communities thrive and companies grow. I provide leadership in areas of governance, 24/7 hospital operations, executing vision, M&amp;A, AI integration and general business law. My legal acumen and my background in teaching, government and research underlies my curiosity, purposefulness and record of success. If you are looking to build a strong and nimble team let's chat!",,,General Counsel to the CEO and Board of Directors,Greater Colorado Springs Area,San Luis Valley Behavioral Health Group,https://www.linkedin.com/company/solvista-health,,,,,,,,"Just saw that Fremont County proclaimed September Suicide Prevention Month and highlighted Solvista's trainings. That kind of community recognition says a lot about your team. Congrats, Matt."
https://www.linkedin.com/in/laban-bramlett-4a9b53100,Laban,Bramlett,Laban Bramlett,Research Nurse Informaticist Supervisor @ Highlands Oncology,,,,,,,,Interested,makenzie_connect,326021,Makenzie Sligar,126956,6/20/2026 7:58:23 PM,"Just saw 91% of community oncology sites now offer bispecifics. Huge shift, right in your research informatics world. "
https://www.linkedin.com/in/roland-teboh-phd-dabr-17167912,Roland,"Teboh, PhD, DABR","Roland Teboh, PhD, DABR",Professor and Director of Phys & Radiation Oncology at HMH @JTCC Cancer Center,,dabr.teboh@hmhn.org,Director of Physics and Radiation Oncology,New York City Metropolitan Area,John Theurer Cancer Center at Hackensack University Medical Center,https://www.linkedin.com/company/john-theurer-cancer-center,,,,,,,,"Just saw your new JACMP paper combining SGRT and kV triggered imaging for abdomino-thoracic IGRT. Really practical work, congrats. "
https://www.linkedin.com/in/luc-josaphat-mpa-cphq-80480412,Luc,CPHQ,Luc CPHQ,Enterprise Behavioral Health Quality & Accreditation Executive | System Transformation | Board-Ready Leader,,,Director Of Quality Assurance,"Houston, TX",The Harris Center for Mental Health and IDD,,,,,,,,,"Just saw that The Harris Center launched a Youth Crisis Outreach Team, Luc. Reaching families right when they are in crisis is such a meaningful step forward. Congrats to you and the team."
https://www.linkedin.com/in/folashade-otegbeye-523a5512,Folashade,Otegbeye,Folashade Otegbeye,Associate Professor at Fred Hutchinson Cancer Research Center; Seattle Cancer Care Alliance,,fotegbeye@seattlecca.org,,,,,,,,,,,,"Just saw your post on FACT inspectors and the value they bring back to an organization. Great angle. "
https://www.linkedin.com/in/craig-miller-fache,Craig,"Miller, FACHE","Craig Miller, FACHE","Accomplished Senior Executive with extensive experience in the hospital and healthcare industry. Proven expertise in leading operations, with strong skills in Physician Practice Management, Virtual Health, Joint Ventures, Business Development, and Healthcare Management. Recognized for driving growth and innovation in complex healthcare environments.",,,SVP Clinic Operations,United States,Ochsner LSU Health,,,,,,,,,"Just saw your post about Secretary Greenstein's visit to Shreveport. Expanding pediatric urgent care access for families across North Louisiana is real progress. Thanks for sharing it, Craig."
https://www.linkedin.com/in/omoruyi-credit-irabor-md-mph-044974107,Omoruyi,MPH,Omoruyi MPH,Radiation Oncologist and Physician Leader,,,"Radiation Oncologist, Physician","Philadelphia, Pennsylvania, United States",Central Care Cancer Center,,,Interested,ryan_connect,326030,Ryan Saliman,114682,7/4/2026 4:46:54 AM,"Just saw Central Care is expanding with TrueBeam and RapidArc. Real growth for patients in your area. "
https://www.linkedin.com/in/michael-tozzoli-aaa85913,Michael,Tozzoli,Michael Tozzoli,CEO of West Bergen Mental Healthcare,,mtozzoli@westbergen.org,Chief Executive Officer,"Westwood, New Jersey, United States",West Bergen Mental Healthcare,https://www.linkedin.com/company/west-bergen-mental-healthcare,,,,,,,,"Just saw your end of summer reflection, the bit about planning and patience easing kids back into the school routine is so true. Thanks for sharing it, Michael."
https://www.linkedin.com/in/hilary-chandler-rn,Hilary,Chandler,Hilary Chandler,"Director - Cancer Center, Infusion Services, & Cell and Gene Therapy",,,,"Houston, TX",Kelsey-Seybold Clinic,,,,,,,,,"Just saw the $50M gift opening Houston Methodist's Legacy Acres Homes Clinic. Big win for that community. "
https://www.linkedin.com/in/laura-mango-kelley-md-6a4ab5112,Laura,"Mango Kelley, MD","Laura Mango Kelley, MD","Physician Executive | Board-Certified Internist | Chief, Assessment & Treatment Center | Assistant Professor | Acute Care, Quality & Patient Safety Leader",,,Division Chief-Assessment & Treatment Center,Buffalo-Niagara Falls Area,Roswell Park Comprehensive Cancer Center,https://www.linkedin.com/company/roswellpark,,,,,,,,"Just saw Roswell Park is the region's only NPF-designated pancreatic center. Big milestone. "
https://www.linkedin.com/in/w-brian-byrd-a7b17214,W. Brian,Byrd,W. Brian Byrd,Tarrant County Public Health Director and Authority,,wbyrd@palmprimarycare.com,"Medical Director, Partial owner","Fort Worth, Texas, United States",Palm Primary Care Texas,https://www.linkedin.com/company/tarrant-county-public-health,,,,,,,,Just saw your post on measles. The immune system reset piece is something most people have never heard and it really needed saying. Thank you for putting it out there so plainly.
https://www.linkedin.com/in/kathie-snell-68047a14,Kathie,Snell,Kathie Snell,Chief Strategy and Operations Officer at Aurora Mental Health and Recovery,,,"Chief Strategy and Operations Officer ","Aurora, Colorado, United States",Aurora Mental Health & Recovery,https://www.linkedin.com/company/aurora-mental-health,,,,,,,,"Just saw the groundbreaking news on Wagoner on the Creek and the supportive services going with it. What a meaningful win for the community, congrats to you and the Aurora team."
https://www.linkedin.com/in/niloufar-n-1a704211a,Niloufar,Certified,Niloufar Certified,Chief Clinical and Operations Officer,,nnekou@alterhealthgroup.com,Private Practice,"Laguna Niguel, California, United States","Niloufar Nekou Private Practice ",,,,,,,,,"Just saw Alter Behavioral Health built the Care Predictor Index into your treatment programs. Really innovative step, and thanks for pushing outcomes work forward like that. Congrats!"
https://www.linkedin.com/in/katybeckermannmd,Katy,Beckermann,Katy Beckermann,"Medical Director, GU Clinical Research at Tennessee Oncology | Chair, OneOncology GU Disease Group | Physician-Scientist | Kidney, Bladder, Prostate Cancer | Advancing trials in the community setting",,,Medical Director of GU Clinical Research,"Nashville, Tennessee, United States",Tennessee Oncology,https://www.linkedin.com/company/tennessee-oncology,,,,,,,,"Just saw your Primum post. Having GU backup a message away is huge for community oncology. Thanks for taking it on. We're expanding a biopharma patient-experience research initiative, tech included."
https://www.linkedin.com/in/ACoAAB4BAcsBf7X_jYmC-XAUY-ugevgQjlxMVDM,Stacey,Collier,Stacey Collier,Community Mental Health Center,,,Director of Business Services- Eastern Division,"Pekin, Indiana, United States",LifeSpring Health Systems,,,,,,,,,"Stacey, just saw LifeSpring landed $1.65M in grant funding. That's great news, and it says a lot about the work your teams are doing across southern Indiana. Congrats to you and everyone there."
https://www.linkedin.com/in/margarita-elias-lcsw-97739615,Margarita,LCSW,Margarita LCSW,Executive Director,,,Executive Director,"Nogales, Arizona, United States","Intermountain Centers and its Affiliates: Community Partners, Inc., Pinal Hispanic Council",,,,,,,,,"Margarita, your take on kindness and humility mattering more than raw talent is so true, especially in this work. Grateful you put that out there for other leaders to read."
https://www.linkedin.com/in/angel-parker-heffner-msn-aprn-fnp-c-cnml-cphon-a24580125,Angel,Parker-Heffner MSN APRN FNP-C CNML CPHON,Angel Parker-Heffner MSN APRN FNP-C CNML CPHON,Vice President Operations Regional One Health,,,Vice President Operations,"Memphis, Tennessee, United States",Regional One Health,https://www.linkedin.com/company/regional-one-health,,,,,,,,"Angel, just saw that Regional One's $1B Memphis campus expansion is moving forward. What a milestone, and a big deal for the patients and community you serve. Congrats to you and your operations team."
https://www.linkedin.com/in/kimberly-hill-crowell-mba-lcsw-0abb0a128,Kimberly,"Hill-Crowell, MBA, LCSW","Kimberly Hill-Crowell, MBA, LCSW","SVP of Operations | Improving Access, Elevating Teams, Changing How Communities Experience Mental Health Care",,,Senior Vice President Operations,"Tulsa, OK",GRAND Mental Health,https://www.linkedin.com/company/grandmh,,,,,,,,"Just saw the QuikTrip crew spent their Day of Caring volunteering at GRAND. Such a good story, and a nice reflection of the reputation you all have built across Oklahoma. Thank you for what your teams do every day."
https://www.linkedin.com/in/wynne-barton-aa518917,Wynne,Barton,Wynne Barton,"Vice President, Business Development at OneOncology",,,"Regional Vice President, Business Development","Nashville, Tennessee, United States",OneOncology,,,,,,,,,"Just saw OneOncology is acquiring United Urology Group. Huge move for the space, congrats! "
https://www.linkedin.com/in/joan-o-hanlon-curry-dnp-rn-cpnp-cpon-nea-bc-faphon-faonl-faan-81738417,Joan,FAAN,Joan FAAN,"Senior Director of Nursing, Inpatient Oncology @ Dana-Farber Cancer Institute | Doctorate of Nursing Practice",,,"Senior Director of Nursing, Inpatient Oncology","Ossining, New York, United States",Dana-Farber Cancer Institute,,,,,,,,,"Congrats on heading to APHON's 50th in Memphis! As a past president, that milestone must feel special. "
https://www.linkedin.com/in/paolo-matti-b68754141,Paolo,Matti,Paolo Matti,Data Systems Manager at Central Jersey Behavioral,,,Data System Manager,,"CENTRAL JERSEY BEHAVIORAL HEALTH, LLC",,,,,,,,,"Just saw your post about the Path to College outing. Going from scholarship recipient to playing alongside the guys you grew up golfing with is a real full circle moment. Congrats Paolo, that is a great one to get to live."
https://www.linkedin.com/in/christian-capo-lmsw-463186147,Christian,"Capo, LMSW","Christian Capo, LMSW","Social Services Director | End of Life, HIV, Chronic Illness, & Public Health for Underrepresented Communities Focus |",,,Social Services Director,"Gallup, NM",the Montrose Center,,,,,,,,,"Just saw Project Connect Santa Fe offering showers and haircuts to folks experiencing homelessness. Such a great collaborative effort, and meeting people right where they are is everything. Thank you for the work you and the Santa Fe Recovery team put in."
https://www.linkedin.com/in/angela-hammett-a47b5817,Angela,Hammett,Angela Hammett,"Senior Director, Support Services/Patient Experience",,,"Senior Director, Support Services/Patient Experience","Baton Rouge, Louisiana, United States",Mary Bird Perkins Cancer Center,,,,,,,,,"Just saw your post about the MBPCC navigators reducing barriers to care. They deserve that praise. "
https://www.linkedin.com/in/elizabeth-spencer-094a25147,Elizabeth,Spencer,Elizabeth Spencer,Healthcare Leader Bridging Clinical Expertise & Business Strategy,,,Director of Clinical Services,"Albany, New York, United States",OneOncology,,,,,,,,,"Just saw OneOncology finalized 25 clinical pathways in oncology and hematology. Big step for patients. "
https://www.linkedin.com/in/joseph-chip-hodges-md-mba-28731118,"Joseph ""Chip""",Hodges MD MBA,"Joseph ""Chip"" Hodges MD MBA",Radiation Oncologist and Longview/Marshall Area Medical Director,,joseph.hodges@usoncology.com,Area Medical Director,"Longview, Texas, United States",Texas Oncology,https://www.linkedin.com/company/texasoncology,,Interested,message_and_connect_ryan,232064,Ryan Saliman,114682,7/10/2026 5:46:48 PM,"Just saw your post on clinical trials being a standard option in cancer care, not a last resort. Really well said. "
https://www.linkedin.com/in/aaron-chrisman-a053b618,Aaron,Chrisman,Aaron Chrisman,"Vice President, Clinical Innovation at OneOncology",,,"Vice President, Clinical Innovation","St Louis, Missouri, United States",OneOncology,,,,,,,,,"Just came across how OneOncology's clinical pathways are guided by 12 disease group councils. That much specialty input at scale is exciting to see. Great work, Aaron."
https://www.linkedin.com/in/evangraboyes,Evan,Graboyes,Evan Graboyes,Physician Leader | Supportive Oncology Clinical Trialist | Head and Neck Oncologic Surgeon | Passionately Pursuing a Mission to Improve Cancer Survivorship. Views are my own,,,"Founding Director, Survivorship and Cancer Outcomes Research (SCOR)","Charleston, South Carolina, United States",MUSC Hollings Cancer Center,,,,,,,,,"Just saw your post on the NRG Health Care Access fellowship. Equitable trial access for early investigators is exactly the right bet. "
https://www.linkedin.com/in/nicole-sadler-ms-lpc-422b8514b,Nicole,"Sadler, MS, LPC","Nicole Sadler, MS, LPC",Site Director,,,Site Director,"Florence, New Jersey, United States",The Renfrew Center,https://www.linkedin.com/company/the-renfrew-center,,,,,,,,"Just saw that Renfrew's Unified Treatment Model showed long-term gains for BIPOC patients. Really encouraging research to see published. Congrats to you and the team, Nicole."
https://www.linkedin.com/in/melissa-iacovacci-675690157,Melissa,Iacovacci,Melissa Iacovacci,Associate Director of Patient Access - Newport Healthcare,,,Associate Director of Patient Access,"Norwalk, Connecticut, United States",Newport Healthcare,,,,,,,,,"Just saw that Newport and TWLOHA hit 10 years partnering on suicide prevention. What a meaningful milestone. Thanks for the work you and your team are doing there, Melissa."
https://www.linkedin.com/in/gregory-vidal-19763219,Gregory,Vidal,Gregory Vidal,Partner | Director of Clinical Research | Lead of Breast Cancer Cancer program at West Cancer Center & Research Institute,,,Director of Clinical Research,"Memphis, Tennessee, United States",West Cancer Center & Research Institute,https://www.linkedin.com/company/west-cancer-center-research-institute,,Interested,ryan_connect,326030,Ryan Saliman,114682,9/3/2026 1:48:06 AM,"Just saw your post on Janet and Vanessa's stories in USA TODAY. Their willingness to share on mTNBC is powerful. "
https://www.linkedin.com/in/kendall-davis-327a2415b,Kendall,Davis,Kendall Davis,Clinical Director @ The Treetop ABA | Board Certified Behavior Analyst,,,Clinical Director,United States,The Treetop ABA,,,,,,,,,"Just saw the news about Treetop's center-based ABA model in Charlotte. Love that approach for helping kids build social skills. Congrats again on the Clinical Director role, Kendall."
https://www.linkedin.com/in/marivjohnson,Mariann,Johnson,Mariann Johnson,"Director of Operations | Virginia Risk Manager & Regulatory Compliance Liaison | Multi-Site Behavioral Health Leader | Risk, Quality & Regulatory Strategy",,,Virginia Risk Manager & Regulatory Liaison (Concurrent Role),"Annandale, Virginia, United States",Discovery Behavioral Health,https://www.linkedin.com/company/discoverybh,,Interested,Makenzie Quick Message,472583,Makenzie Sligar,126956,6/23/2026 11:55:45 AM,"Just saw your post about kids waiting too long because school seems like enough structure. The point about school being the thing adding stress is so true. Thanks for saying it out loud, Mariann."
https://www.linkedin.com/in/katie-b-5b3288161,Katie,CPC,Katie CPC,Healthcare Executive | Driving Excellence and Performance |Team Builder | Enterprise Growth | Multi-Site Operations | Patient Navigation & Advocacy,,,Chief Operating Officer,United States,City of Hope,https://www.linkedin.com/company/city-of-hope,,,,,,,,"Just saw the news on City of Hope's PANXEON blood test catching pancreatic cancer early. That is huge. "
https://www.linkedin.com/in/ariazayas,Aria,Zayas,Aria Zayas,"Chief Clinical Officer at Pembroke Hospital, LICSW | MBA in Health Care Administration",,,Chief Clinical Officer,"South Easton, Massachusetts, United States",Pembroke Hospital,https://www.linkedin.com/company/pembroke-hospital,,,,,,,,"Just saw your post on how much harder it is to stay coachable the higher you climb. The part about senior folks going months without honest feedback is so true. Really appreciated you writing that, Aria."
https://www.linkedin.com/in/dr-krystal-player-dha-mba-bsn-rn-ocn-cchc-79a230162,Dr. Krystal,"Player, DHA, MBA, BSN, RN, OCN, CCHC","Dr. Krystal Player, DHA, MBA, BSN, RN, OCN, CCHC","Director of Nursing | Healthcare Leader | Nursing Operations & Workforce Strategy | Founder, Nurses Who Rise™ | Speaker | Mentor",,,Director of Oncology Services and Medicine Unit C,Shreveport-Bossier City Area,Ochsner LSU Health Shreveport,,,,,,,,,"Just saw your Becker's talk on virtual nursing. Nurses designing innovation from the start is spot on. "
https://www.linkedin.com/in/belisario-arango-9134b9166,Belisario,Arango,Belisario Arango,Hematology and Medical Oncology,,,Physician,Salt Lake City Metropolitan Area,Utah Cancer Specialists,,,,,,,,,"Just saw Utah Cancer Specialists offering daraxonrasib through an Extended Access Program. Huge for pancreatic cancer patients. "
https://www.linkedin.com/in/heidiambrose,Heidi,"Ambrose, MBA, FACHE","Heidi Ambrose, MBA, FACHE",Healthcare Operations Leader | Consumer & Community Focused | Always Improving,,,Director of Radiation Services,"Chesapeake, Virginia, United States",Virginia Oncology Associates,https://www.linkedin.com/company/virginia-oncology-associates,,Not interested,ryan_connect,326030,Ryan Saliman,114682,9/14/2026 7:08:18 PM,"Just saw your post on PSMAddition and PLUVICTO's expanded indication. Your team helping bring that to patients is impressive. "
https://www.linkedin.com/in/kyleigh-bromen-04a585168,Kyleigh,"Bromen ","Kyleigh Bromen ","Clinic Director, BCBA, LBA",,,,,Stride Autism Centers,,,,,,,,,"Just saw that 71% of Stride's clients are mainstreaming into general ed classrooms. That is such an impressive outcome, Kyleigh. Congrats to you and your team for the work behind that number."
https://www.linkedin.com/in/lisa-centeno-086067169,Lisa,Centeno,Lisa Centeno,"Passionate Thought Leader and Change Agent in the Healthcare Industry with a specialization in Substance Use Disorder.  Highly skilled in the importance of building core relationships to integrate care through a variety of disciplines, policy, and interpretation to transcend adversity in any environment. Addictions, Behavioral Health, Ambulatory and Long-Term Care are my main areas of expertise and continued learning. Substance Use Disorder Treatment Services with a demonstrated history of working in the hospital & health care industry. Skilled in Customer Service, Microsoft Word, Public Speaking, Microsoft Office, and Research. Strong business development professional with a Master of Arts - MA focused in Counseling from New Jersey City University.",,,Executive Senior Vice President Integration & Access to Care,New York City Metropolitan Area,Care Plus NJ,https://www.linkedin.com/company/care-plus-nj,,Interested,makenzie_connect,326021,Makenzie Sligar,126956,6/23/2026 1:02:14 AM,I saw your profile's focus on substance use disorder care. I work in healthcare outcomes at OutcomeMD. We both care about improving patient care. Would enjoy connecting virtually sometime.
https://www.linkedin.com/in/jibranmajeed,Jibran,M.,Jibran M.,"Director, Advanced Clinical Providers | Clinical Operations | Healthcare Innovation",,,Director of Advanced Clinical Provider - Department of Medicine and Critical Care,New York City Metropolitan Area,Northwell Health,https://www.linkedin.com/company/northwell-health,,Interested,makenzie_connect,326021,Makenzie Sligar,126956,6/23/2026 12:57:03 AM,"Saw Mount Sinai is deploying Clarium AI to modernize surgical supply ops. Given your oncology ops leadership, you're likely involved. We run a biopharma-funded patient outcomes collaborative."
https://www.linkedin.com/in/omar-yousif-fhcsd,Omar,Yousif,Omar Yousif,Director of Business Development & PACE Center Manager,,omary@fhcsd.org,PACE Center Manager,"Spring Valley, California, United States",Family Health Centers of San Diego,,,,,,,,,"Just saw that Family Health Centers hosted the East County Health Fair with Blue Shield. Love seeing community health show up that way. Thanks for all you and your team do, Omar."
https://www.linkedin.com/in/lucas-trautman-md-mph-abpn-abpm-960763173,Lucas,"Trautman, MD, MPH, ABPN, ABPM","Lucas Trautman, MD, MPH, ABPN, ABPM",Psychiatry & Addiction Medicine Executive,,,Medical Director,"Memphis, Tennessee, United States",Oxford Treatment Center,https://www.linkedin.com/company/oxford-treatment-center,,,,,,,,"Just saw you were named a 2026 Health Care Hero, Lucas. Congratulations, that is such a well deserved honor and it says a lot about the work you're doing in addiction medicine at Oxford."
https://www.linkedin.com/in/alondra-russe-966094179,Alondra,Russe,Alondra Russe,Behavioral Health | Operations | Prime Psychiatry,,,Regional Director of Operations,Dallas-Fort Worth Metroplex,Prime Psychiatry,https://www.linkedin.com/company/primepsychiatry,,Interested,bob_connect,326026,Bob Young,115030,4/28/2026 2:25:01 PM,"Alondra, just saw your carousel on anxiety hiding behind high performance. The never being able to switch off piece really landed. Glad you are naming what most people miss. Thanks for sharing it."
https://www.linkedin.com/in/jeff-sharman-m-d-811ab71b,Jeff,M.D.,Jeff M.D.,Medical director of hematology research for US Oncology & Sarah Cannon. Clinical thought leader in drug development in lymphoma and chronic leukemia. Author!,,,Lymphoma / Leukemia Program Director,"Eugene, Oregon, United States",The US Oncology Network,,,,,,,,,"Just saw Nashville Oncology Associates joined the Network, now 2,400+ providers strong. Big milestone. "
https://www.linkedin.com/in/mikayla-lunsford-287820188,Mikayla,Lunsford,Mikayla Lunsford,Crisis Operations Director @ GRAND Mental Health | Mental Health,,,"Crisis Operations Director ",United States,GRAND Mental Health,,,,,,,,,"Mikayla, just saw the Miami Police co-responder partnership with GRAND. Getting crisis response out there alongside law enforcement is such a big deal. Congrats to you and your crisis team."
https://www.linkedin.com/in/loren-tanner,Loren,Tanner,Loren Tanner,Improving access to behavioral health treatment through strategic program and facility development,,,Director of Operational Development,"Plant City, Florida, United States",Rogers Behavioral Health,https://www.linkedin.com/company/rogers-behavioral-health,,,,,,,,"Loren, just saw Rogers opened the new Eau Claire clinic. Facility development and launches being your wheelhouse, that has to feel great to see open. Congrats on getting more access built."
https://www.linkedin.com/in/jilliann-de-jong-35025818a,Jilliann,De Jong,Jilliann De Jong,Director of Clinical Operations at The University of Kansas Cancer Center,,,Director of Clinical Operations,Kansas City Metropolitan Area,The University of Kansas Cancer Center,https://www.linkedin.com/company/the-university-of-kansas-cancer-center,,,,,,,,"Just saw Dr. Nye on KCTV talking about cancer prevention trials. Great to see that work highlighted. "
https://www.linkedin.com/in/tiffany-douglas-84b2b018b,Tiffany,Douglas,Tiffany Douglas,Division Director- Klaras Center for Families at Heart Of Texas Behavioral Health Network Formerly Heart of Texas Region MHMR,,,Division Director- Klaras Center for Families,Waco Area,Heart of Texas Behavioral Health Network,,,,,,,,,"Tiffany, just saw the FOX 44 interview on Suicide Prevention Month. So glad you all are putting that conversation in the spotlight where families can actually hear it. Thank you for the work you do."
https://www.linkedin.com/in/heeteakchung,Heeteak,Chung,Heeteak Chung,"★ Senior Level Healthcare Administration Executive with Proven Record of Achievement in Leading Healthcare Practice Systems with a Strong Foundation of Business, Clinical and Financial Expertise ★",,heeteak.chung@bswhealth.org,Director of Medical Physics,"Austin, Texas Metropolitan Area",Baylor Scott & White Health,,,,,,,,,Just saw New York's new CBCT testing and accreditation rules are now in effect. That 2028 deadline is a lot for practices to plan around. Bet your team is fielding plenty of questions.
https://www.linkedin.com/in/hsediqe,Hamid,Sediqe,Hamid Sediqe,Healthcare Executive & Cancer Survivor | Leading with a Patient-First Vision,,,Executive Director of Operations,Dallas-Fort Worth Metroplex,Texas Oncology,https://www.linkedin.com/company/texasoncology,,,,,,,,"Just saw your post on the new Plano Cancer Center. Love the excitement for patients and caregivers. "
https://www.linkedin.com/in/ben-diestel-9a7a9221,Ben,Diestel,Ben Diestel,Chief Innovation Officer at Cardiovascular Associates of America,,bdiestel@mycvcfl.com,Chief Innovation Officer,"New York, New York, United States",Cardiovascular Associates of America - CVAUSA,https://www.linkedin.com/company/cvausa,,,,,,,,"Ben, Bob Young said he connected with you but hasn't extended our invite yet. We're excited to invite CVAUSA to our Outcomes Collaborative. Hope you don't mind me also connecting!"
https://www.linkedin.com/in/marissa-hartley-b3a9171a1,Marissa,Hartley,Marissa Hartley,Clinical Research Coordinator,,,Clinical Research Coordinator,,Upstate Cancer Center,,,,,,,,,"Marissa, just saw Pink in the Rink is back Oct 23 with Upstate Cancer Center. Such a fun way to spotlight the cause. "
https://www.linkedin.com/in/garimadixit,Garima,PhD,Garima PhD,"Clinical Research Professional | Oncology Trials, Clinical Data Review & Project Management | Translational Research Background",,,,"Iowa City, IA",,,,Interested,makenzie_connect,326021,Makenzie Sligar,126956,6/23/2026 10:09:32 PM,"Just saw UI Health Care helped move three new cancer therapies forward. Big progress for patients. "
https://www.linkedin.com/in/rhea-fernandes-psy-d-2a98672,Rhea,Psy.D.,Rhea Psy.D.,Chief Operating Officer at Devereux Advanced Behavioral Health,,rhea.fernandes@devereux.org,Chief Operating Officer,"Villanova, Pennsylvania, United States",Devereux Advanced Behavioral Health,,,,,,,,,"Just saw your post for Direct Support Professional Recognition Week. Honoring nearly 3,000 direct care staff says a lot about Devereux. Thanks for making sure they get the credit."
https://www.linkedin.com/in/erin-kahn-9a10731b0,Erin,Kahn,Erin Kahn,"In 2010 David and Erin Kahn opened ""South Florida Cancer Care"" subletting one room, seeing 5 patients weekly. ""South Florida Cancer Care"" was unique in it's kind, being the first medical oncology office to open in over 25 years in Broward County. A new office was built in late 2010 with an infusion center, laboratory, patient rooms, and over 3800 square feet. In January 2021 ""South Florida Cancer Care"" will have a new 8,000 square foot permanent home featuring a state of the art facility.  I work closely with physicians to develop business strategies, formulating budgets, and managing day to day operations. Preparation of both annual and monthly budgets to ensure solubility. Using direct marketing strategies to increase patient referrals within the community, attending medical outreach meetings, setting up meetings with primary care physicians and detailing what can be offered in a community based oncology practice.",,erin@genesiscare.com,"Senior Director, Medical Oncology","Pompano Beach, Florida, United States",SunState Medical Specialists a division of OneOncology,,,,,,,,,"Erin, just saw your shoutout to Ingrid for passing the NCLEX. Front desk to nurse, what a story. Love that you celebrated her. "
https://www.linkedin.com/in/mary-ann-guerra-59678a23,Mary Ann,Guerra,Mary Ann Guerra,"Experienced Clinical Leader  with a demonstrated history of working in the behavioral healthcare industry. Skilled in Nonprofit Organizations, Budgeting, Compliance, Project Management, Team Building, Risk Management, Joint Commission Accreditation, Public Speaking, and Program Development. Registered Nurse. Graduate of the University of Miami. ",,,Chief Clinical Officer,"Naples, Florida, United States",David Lawrence Centers,,,,,,,,,Just saw David Lawrence Centers landed the $25K grant for wellness and interpretation services. Great news for the kids and families in your care. Congrats to you and your team.
https://www.linkedin.com/in/kamal-jethwani,Kamal,Jethwani,Kamal Jethwani,"Dr. Jethwani is a digital health, technology and healthcare transformation strategist. With an entrepreneurial approach, he has built and expanded digital innovation at the Harvard-affiliated academic medical centers to transform care delivery and research across a range of provider networks. Through strong partnerships and industry collaboration, Dr. Jethwani has developed a multi-disciplinary innovation strategy to explore, test and scale novel technology platforms to improve the life and care of patients. Recent highlights include incorporating connected health solutions with Artificial Intelligence and Machine Learning strategies to create personalized and predictive programs for patients, as well as strategies to intelligently integrate these into clinical workflows and practice. By enabling better patient engagement, patient-provider communication and patient satisfaction with care, these programs have helped achieve value-based goals for Partners as an Accountable Care Organization. Dr. Jethwani also enjoys writing and speaking about digital transformation in healthcare, and has delivered over 250 keynote talks and panels internationally based on his work in rigorously testing innovations in clinical research settings, as well as implementing them at scale.",,,Co-Founder and CEO,"Boston, Massachusetts, United States",Decimal.health,https://www.linkedin.com/company/decimalhealth,,,,,,,,Just saw your weekly roundup. Oura going after healthcare post-IPO plus OpenEvidence and MSK on oncology in the same week is a lot. Always appreciate how you frame these shifts.
https://www.linkedin.com/in/colt-hatcher-72003424,Colt,Hatcher,Colt Hatcher,"I have worked in many Healthcare related industries, from Primary Care Physicians offices to multi-million dollar hospital networks.  I have seen how all of these companies can and do run efficiently. My goal is to make the healthcare facility I am guiding, the most efficient, well managed facility in the country.",,,Director of Business Services,"Fort Worth, Texas, United States",The Center for Cancer and Blood Disorders,,,,,,,,,"Colt, just saw the OneOncology and United Urology Group news. Big move. We're also expanding a biopharma-funded study on the oncology patient experience, tech included, and you came to mind."
https://www.linkedin.com/in/ezekiel-okumoye-md-mph-pmp-84414324,Ezekiel,PMP,Ezekiel PMP,Director of Interventional services,,,Director of Interventional Services,"Frisco, Texas, United States",Prime Psychiatry,,,,,,,,,Just saw your post on how anxiety hides behind high performers. The overthinking and never switching off piece rang so true. Thanks for naming something most people miss.
https://www.linkedin.com/in/lorinda-blaisdell-msw-licsw-38033524,Lorinda,Blaisdell MSW LICSW,Lorinda Blaisdell MSW LICSW,Senior Director CBHC Lawrence,,,Senior Director CBHC Lawrence,,Lahey Health Behavioral Services,,,,,,,,,"Just saw Secretary Mahaniah stopped by the Lawrence CBHC on his statewide mental health tour. Great visibility for the work your team is doing. Congrats, Lorinda."
https://www.linkedin.com/in/bckay,Brian,"Kay, PhD, MBA","Brian Kay, PhD, MBA",Rogers Behavioral Health,,,Chief Strategy Officer,"Waukesha, Wisconsin, United States",Rogers Behavioral Health,https://www.linkedin.com/company/rogers-behavioral-health,,,,,,,,"Just saw Rogers opened the new clinic in Eau Claire. More access in that part of the state is great news. Congrats to you and the team, Brian."
https://www.linkedin.com/in/jennifer-donahue-78a6031b7,Jennifer,Donahue,Jennifer Donahue,Physician Executive,,jdonahue@prohealthmd.com,Senior Medical Director FFS RVU & RA Infrastructure Enablement,"Farmington, Connecticut, United States",Optum,https://www.linkedin.com/company/optum,,,,,,,,"Just saw UnitedHealth is putting nearly $1.5B into AI at Optum Insight. Huge move, and with your background in patient experience I bet you have a front row seat. Exciting to watch, Jennifer."
https://www.linkedin.com/in/jason-h-0a203825,Jason,Hake,Jason Hake,Executive Director,,jhake@norcen.org,Executive Director,"Wausau, Wisconsin, United States",North Central Health Care,https://www.linkedin.com/company/north-central-health-care,,,,,,,,"Just saw the North Central Health Care Foundation gala marked 25 years of impact. That is a big milestone, and it says a lot about the community behind you. Congrats to you and the team, Jason."
https://www.linkedin.com/in/nicole-land-0882ba205,Nicole,Land,Nicole Land,"M.Ed., BCBA, LBA",,,Clinical Director,"Columbus, Georgia, United States",Grateful Care ABA,,,,,,,,,"Your breakdown of what an RBT leaving really costs was so good, especially the unbilled claims sitting there with nobody noticing. That gets missed constantly. Thanks for saying it out loud."
https://www.linkedin.com/in/shruti-singh-203717207,Shruti,Singh,Shruti Singh,Medical Oncologist/Hematologist at Northwest Cancer Center; Research Director,,,Medical Oncologist,"Chicago, Illinois, United States",Northwest Cancer Centers NWI,,,,,,,,,"Just saw your T-DXd plus pertuzumab post. The prior exposure point on recurrence calls is spot on. Thanks for sharing. "
https://www.linkedin.com/in/lauren-rynar-phd-89903526,Lauren,PhD,Lauren PhD,Director of Supportive Oncology | Builder of Integrated Cancer Care Programs | Clinical + Operational Leader,,,,,,,,,,,,,,"Just saw the behavioral health and survivorship side of your supportive oncology work at Rush. Glad someone is building that. "
https://www.linkedin.com/in/kristi-grothe-ma-lmft-770989219,Kristi,LMFT,Kristi LMFT,Behavioral Health Leader | Marriage and Family Therapist,,,Executive Director,Denver Metropolitan Area,Pasadena Villa Outpatient,,,,,,,,,"Congrats on opening the doors at Pasadena Villa Greenwood Village, Kristi. The little treat from Amy and her Colorado Springs team is exactly what makes this field special."
https://www.linkedin.com/in/arvind-ravinutala-md-422ba026,Arvind,MD,Arvind MD,"CMO, Fruit Street | Co-Founder, Vantage Biomedical Partners | SAB, Spiro Medical ($67M) | P&T Chair, Medical Director & APD, Adventist Health | Medical Device Risk Intelligence",,,Chief Medical Officer,Los Angeles Metropolitan Area,Fruit Street,https://www.linkedin.com/company/adventist-health,,,,,,,,"Just saw Adventist Health went live on Epic across 27 hospitals with AI built right in. Knowing you helped lead that migration as super-user, that has to feel great. Congrats!"
https://www.linkedin.com/in/kristen-pearce,Kristen,Pearce,Kristen Pearce,"Social service executive with 20+ years of progressive leadership. Strong track record restabilizing a variety of healthcare industry programs. Known as a hands-on, strategic-minded professional with creative solutions to meet the needs of my staff and organization. Balances emotional intelligence and empathy with a strong drive for results.  Appreciated by staff for authenticity and desire to bring out the best in others.",,,Executive Vice President of Enterprise Operations,United States,Sagent Behavioral Health,,,,,,,,,Just saw that Sagent stepped in to support the YMCA counselors after the Boundary Waters wildfires. That kind of response says a lot about your team. Thank you for doing it.
https://www.linkedin.com/in/laisheideman,Lais,Heideman,Lais Heideman,Director of Operations at Urology Center of Iowa,,lheideman@iowauro.com,Director of Operations,"Waukee, Iowa, United States",Urology Center of Iowa,,,Interested,Makenzie Quick Message,472583,Makenzie Sligar,126956,6/26/2026 3:25:06 AM,"Just saw UnityPoint Grinnell brought urology services back through the partnership with Urology Center of Iowa. Getting that care back into a rural community is a big deal. Congrats, Lais."
https://www.linkedin.com/in/kathryn-gold-a7b60822b,Kathryn,Gold,Kathryn Gold,"Division Chief, Hematology and Oncology, UC San Diego Moores Cancer Center",,,,"San Diego, CA",,,,,,,,,,"Just saw the UC Cancer Consortium quality work you lead. Improving equity and access at that scale is impressive. "
https://www.linkedin.com/in/sucharu-prakash-md-235143231,Sucharu,"Prakash, MD","Sucharu Prakash, MD","Medical Director and an Oncology/ Hematology specialist at Texas Oncology. As the Director of Quality Services and Chair of Texas Oncology Quality Committee, my goal is to maintain the highest standards of oncology care across the statewide group. The lead for Texas Oncology’s Precision Medicine Testing Initiative to increase biomarker testing in Cancer. As a member of the ASCO Task Force for rural cancer care I speak on this matter at various forums. I moderate a biannual Oncology Congress designed to improve education and awareness among oncology providers. As the Past-President of Texas Society of Clinical Oncology, I contributed to increased membership, active advocacy and educational activities for its provider members. I have advocated extensively on legislative issues in Texas Legislature as well as on Capitol Hill, including on PBM Reform and Prior Authorization. Dr Prakash was instrumental in the passage of “Biomarker bill” SB989 in Texas. As a Principal Investigator for US Oncology Research, he has brought clinical trials to the patients living in rural communities of Northeast Texas. Dr Prakash is the Editor-in-Chief of EBO/AJMC.",,sucharu.prakash@usoncology.com,Medical Director,Dallas-Fort Worth Metroplex,Texas Oncology,https://www.linkedin.com/company/texasoncology,,,,,,,,"Just saw you're co-chairing PCOC in Nashville. From social takeover to the whole meeting, congrats. OncoVenture looks great. "
https://www.linkedin.com/in/beaudry,Robert,Beaudry,Robert Beaudry,"35 years in nonprofit leadership taught me something most leadership advice gets backwards: you don't build strong organizations by fixing people. You build them by growing leaders — the ones already inside your walls, and the ones who'll walk through your doors long after you're gone. that's the work i've spent my career on. as COO of One Community Health, i live this every day — building internal leadership pipelines, developing the next generation of nonprofit executives, and making sure good people don't just survive their roles but grow into bigger ones. through Beaudry Leadership Partners, i take that same work outside the walls of one organization — coaching nonprofit executives and emerging leaders who are ready to lead with more clarity, more courage, and more staying power. the throughline in both: leadership development isn't a program you run once a year. it's a discipline. it's coaching in the hallway, hard conversations handled well, and giving people room to grow before they're ""ready."" i've spent 35 years watching what that discipline builds — and what its absence costs. if you follow me, expect content on: what internal leadership development actually looks like inside a nonprofit (not the theory — the practice)coaching nonprofit executives and emerging leaders through real inflection pointslessons from three-plus decades of nonprofit leadership — the wins, the mistakes, and what i'd do differentlybuilding leadership pipelines that outlast any one person's tenure clarity. courage. growth. — for the leaders already in the room, and the ones who'll be there next.",,rbeaudry@onecommunityhealth.com,Chief Operating Officer,"Rancho Cordova, California, United States",One Community Health Sacramento,,,,,,,,,"Just read your post about your mom and expectations. ""That's not cynicism, it's freedom"" is so true. Thanks for sharing something that real, Robert."
https://www.linkedin.com/in/plord123,Phillip,Lord,Phillip Lord,"Vice President, International Operations",,,"Vice President, International Patient Services","Boston, Massachusetts, United States",Dana-Farber Cancer Institute,https://www.linkedin.com/company/dana-farber-cancer-institute,,,,,,,,"Just saw your post on the #1 pediatric cancer ranking, top three every year since 2007 is remarkable. "
https://www.linkedin.com/in/kamran-khatri,Kamran,Khatri,Kamran Khatri,"I believe behavioral health organizations have the power to transform communities — but only when mission and operations move in lockstep.As Chief Operating Officer at Comprehensive Healthcare, I lead enterprise operations across a multi-site behavioral health system serving communities throughout Washington State. My role is to ensure our strategy, infrastructure, and people are aligned so we can expand access, strengthen quality, and build a system that lasts.I began my career as a Nurse Practitioner, which shaped how I lead today. I’ve seen firsthand the complexity of patient care and the pressures teams face on the front lines. That experience drives my commitment to building operational environments where clinicians can focus on care — supported by clear systems, financial stability, and strong leadership.With over a decade in healthcare leadership and an MBA, I bring both clinical perspective and business discipline to the executive table. I am particularly focused on scaling crisis services, modernizing infrastructure, developing leaders, and positioning behavioral health systems for long-term sustainability and innovation.I believe the future of healthcare belongs to organizations that are accountable, data-driven, community-rooted, and bold enough to evolve. My work is about building that future — thoughtfully, strategically, and with people at the center.",,,Chief Operating Officer,Greater Yakima Area,Comprehensive Healthcare,https://www.linkedin.com/company/comprehensive-healthcare,,,,,,,,"Trail Boss is such a great honor, and having a board member read it out loud makes it even better. Congrats, Kamran. Great to see leaders recognized that personally."
https://www.linkedin.com/in/c-vakka,Chetan,"Vakkalagadda, MD","Chetan Vakkalagadda, MD",Medical Oncologist (Lung Cancer) | Clinical Investigator | OHSU Knight Cancer Institute,,,Infusion Medical Director - Knight Cancer Institute,"Portland, Oregon, United States",OHSU Knight Cancer Institute,https://www.linkedin.com/company/ohsu-knight-cancer-institute,,,,,,,,"Just saw the PRDX1 findings on restoring T cell activity, so promising. Thank you for all you do there. "
https://www.linkedin.com/in/greg-pampalone-571700233,Greg,Pampalone,Greg Pampalone,Director of Operations,,gpampalone@nycancer.com,Director of Operations,"Farmingville, New York, United States",New York Cancer & Blood Specialists,https://www.linkedin.com/company/new-york-cancer-blood-specialists,,,,,,,,"Just saw NYCBS welcomed Dr. Garry Lachhar, great growth for cancer care on Long Island. "
https://www.linkedin.com/in/dan-reed-2babba25,Dan,Reed,Dan Reed,"Radiation Oncologist, Arizona Center for Cancer Care",,dreed@arizonaccc.com,"Chief Medical -Scientific Officer ",United States,TruSource Lab,https://www.linkedin.com/company/arizona-center-for-cancer-care,,,,,,,,"Just saw your post on private AI, owning your own hardware, models and data makes a lot of sense for a practice like yours. "
https://www.linkedin.com/in/krystian-siek-b1b25a206,Krystian,Siek,Krystian Siek,Physician Assistant,,,Physician Assistant - Interventional Radiology + Lung Cancer Screening Navigator,"Brooklyn, New York, United States",NYC Health + Hospitals,https://www.linkedin.com/company/nyc-health-and-hospitals-corporation,,,,,,,,"Just saw all 11 NYC Health + Hospitals sites made the Best Hospitals list, huge. Your lung screening work is part of that. "
https://www.linkedin.com/in/justin-gainor-98734b204,Justin,Gainor,Justin Gainor,"Division Chief, Solid Tumor Medical Oncology at Mass General Brigham Cancer Institute",,,"Division Chief, Solid Tumor Medical Oncology","Boston, Massachusetts, United States",Mass General Brigham Cancer Institute,,,,,,,,,"Just saw the tribute to Gary Petercuskie's support of the Lung Cancer Dream Team, really moving. Thank you for that work. "
https://www.linkedin.com/in/lindsey-humphrey-roegge-428bb3201,Lindsey,Humphrey Roegge,Lindsey Humphrey Roegge,"DNP Student at Johns Hopkins | BSN, RN - Oncology Clinical Nurse II at MedStar Georgetown",,,Charge Nurse,"Washington, District of Columbia, United States",MedStar Georgetown University Hospital,https://www.linkedin.com/company/georgetown-university-hospital,,,,,,,,"Just saw MedStar Georgetown ranked first in the region for cancer care, so deserved. Hope your DNP at Hopkins is going well. We're inviting select practices into a biopharma-funded patient voice study."
https://www.linkedin.com/in/shivaani-kummar-b51a161b9,Shivaani,Kummar,Shivaani Kummar,"Director, Knight Cancer Institute, Chief Scientific and Academic Officer, Knight Cancer Group, DeArmond Chair of Molecular Oncology Professor & Head, Division of Hematology & Medical Oncology",,,Director,"Portland, Oregon, United States",OHSU Knight Cancer Institute,https://www.linkedin.com/company/ohsu-knight-cancer-institute,,,,,,,,Just saw the news on the mRNA-2752 plus durvalumab trial at Knight. Exciting step for patients. We're still inviting select practices into a biopharma-funded study built on the patient voice.
https://www.linkedin.com/in/chirag-shah-1687b623,Chirag,Shah,Chirag Shah,Medical Director Providence Swedish Cancer Institute Gynecologic Oncology,,,Physician,"Seattle, Washington, United States",Swedish Cancer Institute,https://www.linkedin.com/company/swedish-cancer-institute,,,,,,,,Just saw Swedish Cancer Institute is expanding to 14 infusion chairs by 2027. Great win for access. We're inviting select oncology practices into a biopharma-funded study built on the patient voice.
https://www.linkedin.com/in/kamadi-camp-mba-fache-73114023,Kamadi,FACHE,Kamadi FACHE,"Lead with integrity, innovation, and have a commitment to continuous learning!",,,Vice President of Oncology,"Nashville, Tennessee, United States",Ascension,https://www.linkedin.com/company/ascensionorg,,,,,,,,"Just saw your post from the ACS Discovery Ball. Great to see Ascension Saint Thomas honored there. "
https://www.linkedin.com/in/al-orozco-msn-aprn-fnp-bc-038253189,Al,"Orozco MSN, APRN, FNP-BC","Al Orozco MSN, APRN, FNP-BC",Hematology/Oncology Nurse Practitioner                Aesthetic Nurse Practitioner,,,Oncology & Hematology Nurse Practitioner,"White Plains, New York, United States",White Plains Hospital,https://www.linkedin.com/company/whiteplainshospital,,,,,,,,"Just saw White Plains is working on an mRNA melanoma vaccine. Huge step for your patients. "
https://www.linkedin.com/in/david-shalowitz-06614820,David,Shalowitz,David Shalowitz,"Director of Cancer Care Delivery at Corewell Health.  Gynecologic oncologist, bioethicist, and researcher",,,Director of Cancer Care Delivery,Grand Rapids Metropolitan Area,Corewell Health,https://www.linkedin.com/company/corewell-health,,Generic,Makenzie Quick Message,472583,Makenzie Sligar,126956,9/26/2026 12:23:52 AM,"Just saw your post on the Washington Post feature of your tubo-ovarian cancer prevention work. Real impact. "
https://www.linkedin.com/in/melissa-barnes-rn-bsn-ocn-67658b17a,Melissa,"Barnes, RN, BSN, OCN","Melissa Barnes, RN, BSN, OCN",Clinical Research Manager,,,Clinical Research Manager,Tulsa Metropolitan Area,Oklahoma Cancer Specialists and Research Institute,https://www.linkedin.com/company/ocsri,,,,,,,,"Just saw the Phase 1b unesbulin data. Promising response rates. Exciting for research teams like yours. "
https://www.linkedin.com/in/alicia-vella-rayder-85739a118,Alicia,(Vella) Rayder,Alicia (Vella) Rayder,Director of Radiation and CT Services  at Hematology/Oncology Associates of CNY,,,Editorial Contributor,Greater Syracuse-Auburn Area,Influential Women,https://www.linkedin.com/company/influentialwomen,,,,,,,,"Just saw your Influential Women feature. ""Caring for the people doing the caring"" is so true. "
https://www.linkedin.com/in/coleen-calero-95b205a5,Coleen,Calero,Coleen Calero,"MSN, GRN, RN-BC,   Nurse Leader Swedish Cancer Institute",,,Manager - Medical Oncology,"Seattle, Washington, United States",Swedish Cancer Institute,https://www.linkedin.com/company/swedish-cancer-institute,,,,,,,,"Just saw Swedish Cancer Institute is adding infusion chairs and exam rooms in Everett. Awesome to see. "
https://www.linkedin.com/in/brianszender,Brian,Szender,Brian Szender,Board Certified Gynecologic Oncologist at The START Center for Cancer Care,,,Gynecologic Oncologist,"San Antonio, Texas, United States",The START Center for Cancer Care,https://www.linkedin.com/company/the-start-center-for-cancer-care,,,,,,,,"Just saw your post on making training a weekly habit. So true that lessons fade once everyone is back to patient care. "
https://www.linkedin.com/in/andrew-salner-45597690,andrew,salner,andrew salner,Cancer Center Director at Hartford HealthCare,,,Cancer Center Director,"Hartford, Connecticut, United States",Hartford HealthCare,https://www.linkedin.com/company/hartford-healthcare,,Generic,Makenzie Quick Message,472583,Makenzie Sligar,126956,9/27/2026 1:01:34 AM,Just saw daraxonrasib nearly doubled survival in pancreatic cancer. What a breakthrough. We're inviting select oncology practices into a biopharma-funded study built on the patient voice.
https://www.linkedin.com/in/lenia-batas-71016b82,Lenia,Batas,Lenia Batas,Cancer Screening Program Manager,,lbatas@maimonidesmed.org,"Director, Patient and Family Support","Brooklyn, New York, United States",Maimonides Medical Center,,,,,,,,,"Just saw Maimonides opened its new 7th Ave hub for primary, women's and pediatric care. Great milestone, right in your wheelhouse. "
https://www.linkedin.com/in/jiveshsharma,Jivesh,M.D.,Jivesh M.D.,"Medical Oncologist | Founder & CEO, Nexgen Precision | Governed AI for Healthcare | AI as Clinical Labor",,jivesh.sharma@oneoncology.com,Founder & CEO,"Dallas, Texas, United States",Nexgen Precision,https://www.linkedin.com/company/oneoncology,,,,,,,,"Just saw your post on AI surfacing those phage ARTs. The shift from 'can we find a hypothesis' to 'which deserve lab time' is spot on. "
https://www.linkedin.com/in/barb-regis-m-s-pa-c-faapa-mplc-5202b968,Barb,"Regis, M.S.,PA-C., FAAPA, MPLC.","Barb Regis, M.S.,PA-C., FAAPA, MPLC.","PA- Associate Medical Director, Fred Hutch Survivorship Program. Author, Speaker, Best of Health Podcast Host while in Az, Medical Professional Legal Consultant and Advocate.",,,"Associate Medical Director, Survivorship Program","Seattle, Washington, United States",Fred Hutch,https://www.linkedin.com/company/fredhutch,,,,,,,,"Barb, still thinking about your survivorship work and the book, coworkers asking for autographed copies says it all. We're inviting select practices into a biopharma funded patient voice study."
https://www.linkedin.com/in/janelle-hamilton-62840067,Janelle,Hamilton,Janelle Hamilton,"Director of Managed Care, Illinois CancerCare",,,Director of Managed Care,Peoria Metropolitan Area,Illinois CancerCare,https://www.linkedin.com/company/illinois-cancercare,,,,,,,,"Janelle, just saw your post on the mRNA melanoma vaccine with Keytruda, exciting Phase III results. We're inviting select oncology practices into a biopharma funded patient voice study."
https://www.linkedin.com/in/cary-passaglia-21b98766,Cary,Passaglia,Cary Passaglia,Chief Administrative Officer  Lurie Cancer Center of Northwestern University,,,Chief Administrative Officer,"Chicago, Illinois, United States",ROBERT H. LURIE COMPREHENSIVE CANCER CENTER OF NORTHWESTERN UNIVERSITY,https://www.linkedin.com/company/robert-h.-lurie-comprehensive-cancer-center-of-northwestern-university,,,,,,,,"Cary, just saw your post on OnTrial heading to SOCRA. Love that they built around how your team actually works. We're inviting select oncology practices into a biopharma funded patient voice study."
https://www.linkedin.com/in/dr-boris-bagdasarian-0ba87a7,Dr Boris,Bagdasarian,Dr Boris Bagdasarian,News/media,,boris.bagdasarian@lahomg.com,Managing Partner,"Glendale, California, United States",The Los Angeles Cancer Network,,,Generic,makenzie_connect,326021,Makenzie Sligar,126956,9/28/2026 3:59:43 AM,"Dr. Bagdasarian, still excited about LACN joining OneOncology, big step for patients in California. We're inviting select oncology practices into a biopharma funded patient voice study."
https://www.linkedin.com/in/jessica-kreitman-lcsw-09895662,Jessica,"Kreitman, LCSW","Jessica Kreitman, LCSW",Oncology Social Work Manager /Psychotherapist,,,Oncology Social Work Manager,"New York, New York, United States",The Mount Sinai Hospital,https://www.linkedin.com/company/the-mount-sinai-hospital,,,,,,,,"Art Fridays looks like such a joy, the graffiti T-shirt workshop especially. Thanks for what you do for patients. We're inviting a few oncology practices into a biopharma funded patient voice study."
https://www.linkedin.com/in/jason-spaans-a5070a57,Jason,Spaans,Jason Spaans,Director of Radiation Oncology at Sanford Health,,jason.spaans@sanfordhealth.org,Director of Radiation Oncology Physics,"Hudson, South Dakota, United States",Sanford Health,https://www.linkedin.com/company/sanford-health,,,,,,,,Just saw Sanford's registry data helped lower the national colonoscopy screening age. That's a big win. We're inviting select oncology practices into a biopharma funded patient voice study.
https://www.linkedin.com/in/lisacarterbawa,Lisa,"Carter-Bawa, PhD, MPH, APRN, ANP-C, FAAN, FSBM","Lisa Carter-Bawa, PhD, MPH, APRN, ANP-C, FAAN, FSBM","I was born in Kentucky at a time when my parents’ marriage was illegal.A high school guidance counselor told me I shouldn’t go to college — because I’m half Black, and “Black people don’t do well in college.”I went anyway.5 degrees later — including my PhD — I’ve spent nearly two decades doing work that wasn’t supposed to be mine to do.I co-founded the first NP-owned practice in Louisville. I became the first PhD-prepared nurse hired as an attending at Memorial Sloan Kettering Cancer Center, a role that had only ever gone to physicians. I’ve led multi-million-dollar research initiatives in cancer prevention and behavioral science, built community health programs that reach thousands, and helped change how we talk about lung cancer screening, stigma, and health equity at a national level.And I’ve done it all while living between two cities — honoring both my marriage and my calling, even when people said it couldn’t work.Here’s what all of that taught me:The lanes we’re told to stay in aren’t real. The barriers we’re told we can’t cross are often just doors no one’s opened yet. And the most powerful leadership doesn’t come from titles or credentials — it comes from returning to who you actually are.That’s the work I do now.I work in two lanes. Soul to Soul Leadership is my weekly newsletter and podcast for leaders who climbed the ladder and lost the thread. I write about what high-achievement costs us — and how we find our way back. Join me at https://soultosoulleadership.substack.com/ Lost In Translation is the NIH grantsmanship curriculum I built after years of watching brilliant science fail in review — not because the ideas were weak, but because something got lost between the researcher's mind and the reviewer's page. It's a 14-module system built around Five Translation Gaps, aligned with the NIH 2025 Simplified Review Framework, and currently in use at Mayo Clinic, Georgetown Lombardi, and Hackensack Meridian Health. → Start free: www.lisacarterbawa.com/module1 → Full curriculum: www.lisacarterbawa.com/losttranslation → Institutional programs, R01 reviews, and speaking: email me at lisa@soultosoulleadership.com  The professional version:Founding Director, CPPCI, Center for Discovery &amp; Innovation, Hackensack Meridian Health Deputy Associate Director, Community Outreach &amp; Engagement, Georgetown Lombardi Professor of Oncology, Georgetown University Professor of Medicine, Hackensack Meridian School of Medicine NIH-funded behavioral scientist | $22M+ in research funding PhD | MPH | APRN | ANP-C | FAAN | FSBM",,,"Founding Director, Cancer Prevention Precision Control Institute (CPPCI)",New York City Metropolitan Area,"Center for Discovery and Innovation ",https://www.linkedin.com/company/center-for-discovery-and-innovation,,Generic,Makenzie Quick Message,472583,Makenzie Sligar,126956,9/25/2026 11:37:50 PM,Just read your Aims page post. That line about seeing your plan but not what you believe is so true. We're inviting select oncology practices into a biopharma funded patient voice study.
https://www.linkedin.com/in/dron-gauchan-m-d-97b21052,Dron,M.D,Dron M.D,"Department Chair, Hematologist and Medical Oncologist at Sutter Medical Group",,dron.gauchan@sutterhealth.org,Medical Director of Clinical Informatics Oncology,"Rocklin, California, United States",Sutter Health,https://www.linkedin.com/company/sutter-health,,,,,,,,"Just saw Sutter scaled AI org wide, past the pilot stage. Big milestone, and right in your informatics lane. We're inviting select oncology practices into a biopharma funded patient voice study."
https://www.linkedin.com/in/tiffany-koolakian-zewe-7a33855,Tiffany,(Koolakian) Zewe,Tiffany (Koolakian) Zewe,"Vice President, Enterprise Radiation Oncology at Massachusetts General Brigham",,,"Vice President, Enterprise Radiation Oncology","Boston, Massachusetts, United States",Mass General Brigham,https://www.linkedin.com/company/mass-general-brigham,,,,,,,,Just saw your post about ASTRO 2026. Booth 2927 sounds like a great stop in Boston. We're inviting select oncology practices into a biopharma-funded study on the patient voice.
https://www.linkedin.com/in/susan-sabo-wagner,Susan,"Sabo-Wagner MSN, RN, OCN, NEA-BC","Susan Sabo-Wagner MSN, RN, OCN, NEA-BC","Strategic healthcare executive with over 25 years of progressive leadership in oncology nursing, clinical operations, and healthcare strategy. Proven track record of driving clinical innovation that improves patient outcomes, strengthens quality and safety, optimizes operational performance, and supports value-based care metrics (quality, utilization, and experience). Skilled in fostering interdisciplinary collaboration and implementing practical technology solutions that scale across multi-site organizations. A visionary, execution-focused leader dedicated to advancing oncology care through measurable improvement and strategic partnerships.",,susan.sabo-wagner@aoncology.com,Vice President of Clinical Innovation,"Cypress, Texas, United States","American Oncology Network, LLC",https://www.linkedin.com/company/american-oncology-network,,,,,,,,"Saw AON's move to going public with DTOC, big milestone for the network. Given your focus on the patient voice, we're inviting select oncology practices into a biopharma-funded study on just that."
https://www.linkedin.com/in/drgrantandres,Grant,"Andres, BSc, DC, BSN, MSN-RN, CLSSBB, CPHQ, OCN","Grant Andres, BSc, DC, BSN, MSN-RN, CLSSBB, CPHQ, OCN",Experienced Healthcare Executive | Collaborative Leader | Solution-Focused with Strategic Execution | Innovator | Metric-focused Goal Achievement | Lean Six Sigma Black Belt | Purposeful,,,Chief Clinical Operations Officer,"Tulsa, Oklahoma, United States",Oklahoma Cancer Specialists and Research Institute,https://www.linkedin.com/company/ocsri,,,,,,,,"Just saw how St. John and Tulsa Cancer Institute came together to form OCSRI, big milestone for the region. We're inviting select practices into a biopharma-funded study on the patient voice."
https://www.linkedin.com/in/bruna-pellini-8b627a289,Bruna,Pellini,Bruna Pellini,"Chief of Thoracic Medical Oncology, Baptist Health Herbert Wertheim Cancer Institute; Chair, Education Committee, International Society of Liquid Biopsy; Co-Chair, NIH Liquid Biopsy Scientific Interest Group",,,Associate Professor,"Miami, Florida, United States",Florida International University - Herbert Wertheim College of Medicine,https://www.linkedin.com/school/fiumedicine,,,,,,,,"Just saw your ISLB Molecular Tumor Board post on breast cancer. Turning molecular insight into personal care, love that. We're also inviting select practices to a biopharma-funded patient-voice study."
https://www.linkedin.com/in/inga-gonzalez-4655b2281,Inga,Gonzalez,Inga Gonzalez,Experienced Healthcare Executive I Strategic and Results-Driven Leader I Operations Management I Leadership Development,,inga.gonzalez@ahmgtampabay.com,Vice President Transitions and Practice Operations,Greater Orlando,American Oncology Network,https://www.linkedin.com/company/american-oncology-network,,,,,,,,"Just saw AON's partner LCCC opened in Statesboro, great growth for community cancer care. We're also inviting select oncology practices into a biopharma-funded study built on the patient voice."
https://www.linkedin.com/in/gigiackerman,Gigi,Ackerman Schwartz,Gigi Ackerman Schwartz,Executive Vice President at Ackerman Cancer Center,,gigi@ackermancancer.com,Executive Vice President,United States,Ackerman Cancer Center,https://www.linkedin.com/company/ackermancancercenter,,,,,,,,"Just saw Ackerman's push for Prostate Cancer Awareness Month, great to see. Thank you for that work. We're also inviting select practices into a biopharma-funded study built on the patient voice."
https://www.linkedin.com/in/jathin-bandari,Jathin,Bandari,Jathin Bandari,"Board Certified Urologic Oncologist with senior leadership roles in industry and academicsDevelopmental Therapeutics: Oncology, pediatric rare disease, and nutrition/hepatologyChairman of Wilmot Cancer Institute Protocol Review and Monitoring Committee (200+ trials)Chairman of Wilmot Cancer Institute Genitourinary clinical trial committeeChairman of Wilmot Cancer Institute Genitourinary translational science committeeDirector of Clinical Trials in Urology",,jathin_bandari@urmc.rochester.edu,"Chairman, Protocol Review and Monitoring Committee","Rochester, New York, United States",Wilmot Cancer Institute,,,,,,,,,Just saw Naoko Takebe joined Wilmot for early-phase trials. Big step for your program. We're also inviting select practices into a biopharma-funded study built on the patient voice.
https://www.linkedin.com/in/kartiki-c,Kartiki,Churi,Kartiki Churi,"Chief Medical Officer @ Axis Integrated Mental Health | Cross-functional Team Leadership, Healthcare Management",,,Chief Medical Officer,Denver Metropolitan Area,Axis Integrated Mental Health,https://www.linkedin.com/company/axis-integrated-mental-health,,,,,,,,Just saw your 9NEWS conversation on suicide prevention. The reminder to simply ask someone how they're really doing landed hard. Thank you for speaking so openly about it.
https://www.linkedin.com/in/mohamed-e-861454168,Mohamed,Esuf,Mohamed Esuf,"I build and scale the systems, products, and operational strategies that help healthcare organizations grow while delivering better patient care. By launching new service lines, designing data infrastructure, and turning insights into scalable solutions, I’ve consistently driven measurable revenue growth and operational excellence. I specialize in building from the ground up and creating sustainable, long-term impact.",,,Director of Product Strategy,"Rocklin, California, United States",Mindful Health Solutions,,,,,,,,,"Just saw that Radial acquired the MSO to build out a 27 clinic brain medicine network. Huge milestone for the field, Mohamed. Congrats to you and the team, excited to see where you take it."
https://www.linkedin.com/in/olivia-beckman-36b1b0167,Olivia,Beckman,Olivia Beckman,Director of Intake,,,Director of Intake,Grand Rapids Metropolitan Area,Forest View Hospital,https://www.linkedin.com/company/forest_view_hospital,,Generic,makenzie_connect,326021,Makenzie Sligar,126956,9/26/2026 12:24:08 AM,"Just saw Forest View is offering 24/7 confidential mental health assessments for teens. Such an important resource for families, Olivia. Grateful you and your intake team are making that happen."
https://www.linkedin.com/in/kimberly-chudzinski-0b847614b,Kimberly,Chudzinski,Kimberly Chudzinski,"VP of Clinical Operations at Grateful Care ABA, PCM Instructor",,,VP of Clinical Operations,"Indianapolis, Indiana, United States",Grateful Care ABA,https://www.linkedin.com/company/grateful-care-aba,,,,,,,,"Just saw the piece on ABA's role in autism care featuring Grateful Care ABA. So good to see the field get this kind of spotlight. Thanks for the work you and your clinical team do, Kimberly."
https://www.linkedin.com/in/ray-cordry-48501118,RAY,CORDRY,RAY CORDRY,Outpatient medical director),,,Outpatient medical director,"Hennessey, Oklahoma, United States",Red Rock Behavioral Health Services,https://www.linkedin.com/company/red-rock-behavioral-health,,,,,,,,"Just saw that one of the Red Rock psychiatrists was named a 2026 Preferred Psychiatrist. What a well deserved honor for your team. Thanks for all you do there, Dr. Cordry."
https://www.linkedin.com/in/rose-joiner-50416a134,Rose,Joiner,Rose Joiner,Clinical Operations Director-Maplewood and Woodbury,,,Clinical Operations Director-Maplewood and Woodbury,"St Paul, Minnesota, United States",Sagent Behavioral Health,https://www.linkedin.com/company/sagentbehavioralhealth,,,,,,,,"Just saw the new podcast episode on TMS for difficult to treat depression. Such an important topic to get more awareness around, especially for people who feel like they have already tried everything. Really glad it is getting airtime."
https://www.linkedin.com/in/michelle-foster-8b637b10a,Michelle,Foster,Michelle Foster,MHAT Training Expansion Project Director,,,MHAT Training Expansion Project Director,"Justin, Texas, United States",Denton County MHMR Center,https://www.linkedin.com/company/dentonmhmr,,,,,,,,"Just saw Denton County MHMR signed on for the SAMHSA MHAT grant. Such great news for mental health training in the area, congrats on leading that expansion, Michelle."
https://www.linkedin.com/in/maria-kapadia-430a57104,Maria,Kapadia,Maria Kapadia,M.A. Director of Specialty Programs,,,Director of Specialty Programs,"Austin, Texas Metropolitan Area",Bluebonnet Trails Community Services,https://www.linkedin.com/company/bluebonnet-trails-community-services,,,,,,,,"Just saw your post about the $195K Texas Veterans Commission grant, congrats Maria! Meeting Veterans where they are and connecting them to the right support matters so much. Thanks for sharing it."
https://www.linkedin.com/in/kelsey-kharrazi-717327b9,Kelsey,Kharrazi,Kelsey Kharrazi,Behavior Analyst,,,Clinic Director,"Chicago, Illinois, United States",Stride Autism Centers,https://www.linkedin.com/company/stride-autism-centers,,,,,,,,"Just saw Stride hit 71% of kids mainstreaming into general ed classrooms, Kelsey. That is a tough outcome to move, and it clearly reflects the clinical work you and your team do. Congrats!"
https://www.linkedin.com/in/kayla-eddings-99ababb2,Kayla,Eddings,Kayla Eddings,Director of ABA Services,,,Director of ABA Services,"Temecula, California, United States",ABS Kids,,,,,,,,,Just saw ABS Kids opened a new autism therapy center in Concord. More access for families waiting on ABA services is such good news. Congrats to you and the team.
https://www.linkedin.com/in/zachary-shindorf-phd-2585b19a,Zachary,"Shindorf, PhD","Zachary Shindorf, PhD",Behavioral Health Director & Licensed Psychologist | Clinical Operations | Behavioral Health Strategy | Service Line Development,,zachary.shindorf@sutterhealth.org,Director of Psychology & Behavioral Health,"Sacramento, California, United States",Sutter Center For Psychiatry,https://www.linkedin.com/company/sutter-center-for-psychiatry,,,,,,,,"Just saw your post about joining Sutter Health's Director Academy. Congrats, that kind of cross-functional cohort learning is where the strongest leaders come from. Enjoy every bit of it."
https://www.linkedin.com/in/rlynn-wickel-4232a08b,Rlynn,Wickel,Rlynn Wickel,"Experienced leader and highly professional administrator who has demonstrated continuous growth, achievements, and impressive leadership in the management of complex activities within nursing, healthcare and other professions. Solid business insight with the ability to ascertain and analyze needs, forecast goals, streamline operations, and envision new program concepts. Excellent communication and interpersonal skills serve as the foundation to effectively network, collaborate, negotiate, and maintain positive partnerships with physicians, staff, and outside vendors and organizations. Proficient in the management of a diverse range of departments, professionals, and programs through a complete understanding of the healthcare arena and integrated networks. Adept at setting, expecting, and achieving high standards of quality.",,,Chief Executive Officer,"Spokane, Washington, United States",Inland Northwest Behavioral Health,https://www.linkedin.com/company/inland-northwest-behavioral-health,,,,,,,,"Just saw Susan Giovanini is taking on operations, risk and compliance oversight at Inland Northwest. Exciting to see that come together under one roof, Rlynn. Congrats to you both!"
https://www.linkedin.com/in/tim-deweese-52238a83,Tim,DeWeese,Tim DeWeese,"Director, Johnson County Mental Health",,tim.deweese@jocogov.org,Founding Board Member,"Olathe, Kansas, United States",Remarkably Resilient,,,,,,,,,"Just saw your post on suicide prevention, Tim. The reminder that support can look like simply checking in on a friend really hits home. Thanks for keeping 988 front and center."
https://www.linkedin.com/in/paul-daugherty-b7711583,Paul,Daugherty,Paul Daugherty,"I am a healthcare technology and security leader with 10 years of IT experience and a career deeply rooted in behavioral healthcare. Before moving into technology and organizational leadership, I spent 14 years as a behavioral health registered nurse, and have over 20 years combined experience in behavioral health care. That clinical foundation gives me a practical understanding of how technology, security, data, workflows, and operational decisions affect patients and the professionals who care for them. As Director of IT and IT Security at The Menninger Clinic, I lead technology operations, cybersecurity, governance, budgeting, system optimization, and strategic technology planning. My experience includes electronic medical record management, Microsoft 365, Salesforce, Virtuous CRM, Tableau, RLDatix RL6, IT governance, security program development, vendor and contract management, and the creation and stewardship of technology budgets. Throughout my career, I have led process-improvement initiatives that strengthen operations, reduce inefficiencies, support organizational growth, and improve the experiences of both patients and staff. Drawing on Lean Six Sigma principles and firsthand clinical knowledge, I translate complex operational and technology challenges into practical, sustainable solutions. My perspective extends beyond the traditional boundaries of IT. I understand technology through the lens of healthcare delivery—particularly the unique clinical, regulatory, safety, privacy, and workflow demands of behavioral healthcare. This allows me to connect IT strategy with frontline realities, organizational priorities, financial stewardship, and patient care. I lead through collaboration, accountability, and service. My goal is to build secure, reliable, and thoughtfully governed technology environments that empower staff, protect sensitive information, improve decision-making, and advance the mission of behavioral healthcare organizations.",,,Director of Information Systems and Security,"Missouri City, Texas, United States",The Menninger Clinic,https://www.linkedin.com/company/the-menninger-clinic,,Generic,makenzie_connect,326021,Makenzie Sligar,126956,9/27/2026 3:11:50 PM,"Just saw your post on the FBI PSA about OAuth consent phishing. Scary how easily those file sharing links slip past people. Thanks for flagging it, passing it along to our team."
https://www.linkedin.com/in/pavan-prasad-md-41865b70,Pavan,MD,Pavan MD,CEO/Psychiatrist at Clarity Clinic,,drprasad@claritychi.com,CEO,"Chicago, Illinois, United States",Clarity Clinic,https://www.linkedin.com/company/clarityclinic,,,,,,,,Just saw your post on alcohol related death risk by drinks per week. That jump to 1 in 25 at 14 drinks is startling. Thanks for putting real numbers behind it.
https://www.linkedin.com/in/hannah-nelson-1544836b,Hannah,Nelson,Hannah Nelson,Board Certified Behavior Analyst,,hnelson@parksideinc.org,Board Certified Behavior Analyst,"Tulsa, Oklahoma, United States",Parkside Psychiatric Hospital & Clinic,https://www.linkedin.com/company/parkside-psychiatric-hospital-&-clinic,,,,,,,,"Just saw your post about Parkside sponsoring the Kids Zone at NAMIWalks Tulsa. Focusing inpatient care fully on kids and teens is such needed work. Congrats, and enjoy walk day!"
https://www.linkedin.com/in/jennifer-davis-41b7ab5b,Jennifer,Davis,Jennifer Davis,Clinical Supervisor and Mental Healthcare Executive,,jenniferd@dentonmhmr.org,Director of Behavioral Health,Dallas-Fort Worth Metroplex,Denton County MHMR Center,https://www.linkedin.com/company/dentonmhmr,,,,,,,,"Jennifer, just saw that your trustees approved seeking planning help for a potential Diversion Center. That is a big step forward for Denton County. Grateful for the work you all are doing on crisis care."
https://www.linkedin.com/in/cindydavis65,Cindy,"Davis, RN, MBA, NEA-BC","Cindy Davis, RN, MBA, NEA-BC","Transformational Healthcare Leader | COO/CNO/System CNO/ Driving Operational Excellence, Workforce Engagement & Quality Outcomes | Highest Oversight ​>​> $1.76B, 1.7K+ Staff, Multi-Hospital Systems",,,VP Chief Nursing Officer,"Peoria, Arizona, United States",INTEGRIS Health,https://www.linkedin.com/company/integris-health,,,,,,,,"Just saw INTEGRIS share those hydration and heat safety tips for student athletes. Such a timely community effort. Grateful for the teams you lead, Cindy."
https://www.linkedin.com/in/kelly-hodges-mha-6064a1218,Kelly,"Hodges, MHA","Kelly Hodges, MHA","Director of Operations, Stamford Health Medical Group",,,Director Of Operations,New York City Metropolitan Area,Stamford Health,https://www.linkedin.com/company/stamford-health,,,,,,,,"Just saw Stamford Health opened the new Breast Center with the $10M Odyssey Group gift behind it. Huge milestone. Congrats to you and your medical group teams, Kelly."
https://www.linkedin.com/in/samar-bursheh-md-584112140,Samar,"Bursheh, MD","Samar Bursheh, MD","Dr. Samar Bursheh is a board-certified endocrinologist specializing in metabolic health, obesity medicine, women's health, and longevity medicine. As a Founder and Managing Partner of SMC Physicians and founder of Nutriamed Metabolic &amp; Lifestyle Center, she is dedicated to delivering comprehensive, patient-centered care that integrates evidence-based medicine with nutrition, exercise, and sustainable lifestyle interventions to optimize healthspan and vitality.Dr. Bursheh completed her fellowship in Diabetes, Endocrinology, and Metabolism at Albert Einstein College of Medicine in New York, where she received training in both clinical and bench research in diabetes and obesity. She completed her Internal Medicine residency at Mount Sinai School of Medicine, where she served as Chief Resident.Her clinical focus includes obesity and weight management, metabolic disease, diabetes, women's hormonal health, menopause care, osteoporosis and bone health, and healthy longevity. She is passionate about empowering patients through education and personalized strategies that support long-term wellness and healthy aging.In addition to clinical practice, Dr. Bursheh serves on the teaching faculty of AtlantiCare Regional Medical Center's Internal Medicine Residency Program and is committed to mentoring future physicians. She is an active member of the Endocrine Society, the Obesity Medicine Association, the Menopause Society, the Healthy Longevity Medicine Society, and the American Academy of Anti-Aging Medicine (A4M). She has authored multiple publications in peer-reviewed medical journals.Dr. Bursheh's mission is to help individuals thrive through a proactive approach to health that extends beyond the traditional medical setting, with a focus on metabolic optimization, women's health, preventive care, and longevity.",,,Founder,Greater Philadelphia,Nutriamed Metabolic & Lifestyle center,https://www.linkedin.com/company/nutriamed-metabolic-lifestyle-center,,Interested,makenzie_connect,326021,Makenzie Sligar,126956,9/26/2026 8:18:24 PM,"Congrats on launching Nutriamed's Women's Wellness Workshop Series with Sharie. Testosterone for women is such a needed conversation, and the mocktails and Q&A are a great touch."
https://www.linkedin.com/in/liz-partridge-9b5817101,Liz,Partridge,Liz Partridge,"As Director of Physician Operations at INTEGRIS Health since June 2024, I bring over two years of experience in operations administration, personnel management, and business analytics. My role focuses on overseeing physician operations to enhance healthcare delivery and streamline processes across the organization while fostering a culture of collaboration and excellence.  With over a decade of leadership experience in healthcare operations, I have contributed to optimizing clinical workflows, improving team performance, and driving operational improvements. My professional mission is to support high-quality, patient-centered care by enabling efficient systems and empowering staff to achieve sustainable success.",,,Director - Physician Operations,Oklahoma City Metropolitan Area,INTEGRIS Health,https://www.linkedin.com/company/integris-health,,,,,,,,"Congrats to your APP team in Enid, and to Alea on the Experience Award. You can tell how proud you are of that crew. Thanks for taking time to celebrate them, Liz."
https://www.linkedin.com/in/justin-looser-msw-mba-814a529,Justin,"Looser MSW, MBA","Justin Looser MSW, MBA",CEO Dartmouth Health Hampstead Hospital,,,Chief Executive Officer Dartmouth Health Hampstead Hospital,"Portsmouth, New Hampshire, United States",Dartmouth Hitchcock Medical Center and Clinics,https://www.linkedin.com/company/dartmouthhitchcock,,,,,,,,"Congrats on the Healthcare Hero honor, Justin. Loved that you turned it right back to the Hampstead team. Says a lot about how you lead."
https://www.linkedin.com/in/katie-mckinnon-mba-8924a37b,Katie,"McKinnon, MBA","Katie McKinnon, MBA","Administrative Chief of Staff, University of Iowa Health Care",,,Administrative Chief of Staff,"Coralville, Iowa, United States",University of Iowa Health Care,,,,,,,,,"Just saw Stead Family Children's Hospital ranked No. 1 in Iowa. Such a great milestone for your teams. Congrats Katie, hope the first year as Chief of Staff has been a good one."
https://www.linkedin.com/in/jeremyncastle,Jeremy,Castle,Jeremy Castle,Chief Executive Officer at Options Medical Weight Loss,,,Chief Executive Officer,"Phoenix, Arizona, United States",Options Medical Weight Loss,https://www.linkedin.com/company/optionsmedicalweightloss,,,,,,,,"Jeremy, thank you for sharing about losing your mom to gynecological cancer. That takes courage. The reminder to know your risk and not ignore changes is one people really need."
https://www.linkedin.com/in/chelsea-kelley-97b066252,Chelsea,Kelley,Chelsea Kelley,Director Population Health,,,Director Population Health,"Oklahoma City, Oklahoma, United States",INTEGRIS Health,https://www.linkedin.com/company/integris-health,,Interested,makenzie_connect,326021,Makenzie Sligar,126956,8/16/2026 11:02:59 PM,"Just saw INTEGRIS granted funds to El Reno Blessing Baskets for food access. Love that your team keeps showing up on food insecurity. Thanks for all you do for Oklahoma communities, Chelsea."
https://www.linkedin.com/in/amber-m-68114a233,Amber,M.,Amber M.,"Dynamic and results-driven healthcare executive with a proven track record in operations, strategic planning, and rural healthcare expansion. I lead multidisciplinary cancer care services encompassing medical oncology, radiation oncology, hematology, infusion, imaging, and laboratory operations.  I bring a unique combination of clinical insight and business acumen to drive performance, optimize workflows, and enhance access to care. My leadership is focused on operational efficiency, financial stewardship, service line development, and patient-centered delivery models that align with quality standards and organizational growth goals.",,,Vice President Operations,United States,Navista,https://www.linkedin.com/company/navista-oncology,,,,,,,,"Just saw your post on the 4.8 million behind the cancer stats. That ordinary Tuesday image is so true. Thank you. "
https://www.linkedin.com/in/blakehoegger-virtualnursing,Blake,"Hoegger BSN, RN","Blake Hoegger BSN, RN",Director of Virtual Care,,,Director Of Virtual Care,"Scotland, Texas, United States",Texas Oncology,https://www.linkedin.com/company/texasoncology,,,,,,,,"Just saw Texas Oncology's telemedicine implementation study in AJMC. Great that you're sharing what you built publicly. "
https://www.linkedin.com/in/david-leslie-crooks-md-facs-fsso-ba528026,David Leslie,Crooks  MD FACS FSSO,David Leslie Crooks  MD FACS FSSO,"Surgeon Breast Oncology at Roswell Park Comprehensive Cancer Center, RPCI PC",,,Senior Service Executive,"Buffalo, New York, United States",Roswell Park Comprehensive Cancer Center,https://www.linkedin.com/company/roswellpark,,,,,,,,"Just saw Roswell Park helped drive the FDA approval of a new pancreatic cancer drug. Big step forward for patients. "
https://www.linkedin.com/in/holly-books-046a491a9,Holly,Books,Holly Books,"VP, Clinical Services at Texas Oncology",,,"VP, Clinical Services",United States,Texas Oncology,https://www.linkedin.com/company/texasoncology,,,,,,,,"Holly, just saw Texas Oncology's cloud database for real-time results and trial matching. Big step for patients. "
https://www.linkedin.com/in/ashley-servais-18325023,Ashley,Servais,Ashley Servais,Director of Clinical Research,,,Director of Clinical Research,"Omaha, Nebraska, United States",Nebraska Cancer Specialists,https://www.linkedin.com/company/nebraska-cancer,,,,,,,,"Congrats on NCS earning ASCO Certified status. That says a lot about the patient-centered care your team delivers. "
https://www.linkedin.com/in/john-han-chih-chang-74229020,John Han-Chih,Chang,John Han-Chih Chang,Medical Director and Associate Professor,,,Medical Director - Clinical Research and Education,Oklahoma City Metropolitan Area,Oklahoma Proton Center,,,,,,,,,"Just saw the piece on using low-dose radiation for arthritis inflammation. Very cool to see it getting attention. "
https://www.linkedin.com/in/jonas-fontenot-phd-a8800520,Jonas,"Fontenot, PhD","Jonas Fontenot, PhD",President and CEO at Mary Bird Perkins Cancer Center,,jfontenot@marybird.com,President and CEO,"Baton Rouge, LA",Mary Bird Perkins Cancer Center,,,,,,,,,"Just saw the news on breaking down barriers to free cancer screenings. Real impact for Louisiana. "
https://www.linkedin.com/in/glenda-delgado-ramos,Glenda,Delgado Ramos,Glenda Delgado Ramos,"Breast Medical Oncologist & Researcher | Health Equity & Clinical Trial Access | Director of Health Equity & Community Outreach, Texas Liver Care Foundation | Winn CDA Awardee | MPH Candidate",,glenda.ramos@utsouthwestern.edu,Medical Doctor,United States,Simmons Comprehensive Cancer Center,https://www.linkedin.com/company/simmons-comprehensive-cancer-center,,,,,,,,Just saw your post welcoming Alfasigma to TLS 2026. Love how you're pulling the hepatology community together. We're inviting select practices into a biopharma-funded outcomes collaborative.
https://www.linkedin.com/in/lauren-mcca-hixenbaugh-mba-ctts-5347a5124,Lauren,"McCauley-Hixenbaugh, MBA, CTTS","Lauren McCauley-Hixenbaugh, MBA, CTTS","Senior Manager, Cancer Screening and Prevention at the WVU Cancer Institute",,,"Senior Manager, Cancer Screening and Prevention","Fairmont, West Virginia, United States",WVU Cancer Institute,https://www.linkedin.com/company/wvucancer,,,,,,,,"Just saw your post on joining the PCF committee. Paired with your mobile lung screening work, that's real impact. We're inviting select practices into a biopharma-funded outcomes collaborative."
https://www.linkedin.com/in/joel-michalski-md-phd-476348117,Joel,"Michalski MD, PHD","Joel Michalski MD, PHD","President - Nebraska Cancer Specialists, Medical Oncologist & Hematologist",,jmichalski@nebraskacancer.com,President,"Omaha, Nebraska, United States",Nebraska Cancer Specialists,https://www.linkedin.com/company/nebraska-cancer,,,,,,,,Just saw daraxonrasib is now offered locally for pancreatic cancer patients. Big deal for Nebraska families. NCS is top of our list for the biopharma-funded outcomes collaborative.
https://www.linkedin.com/in/jennifer-teeples,Jenny,Teeples,Jenny Teeples,"Director of Clinical Business Development, OHSU Knight Cancer Institute | Enterprise Oncology Strategy Leader | Growth • Market Strategy • Healthcare Transformation",,,"Director of Clinical Business Development, Planning, and Cancer Data Management","Portland, Oregon, United States",OHSU Knight Cancer Institute,https://www.linkedin.com/company/ohsu-knight-cancer-institute,,,,,,,,"Just saw your post about this next chapter at Knight, your excitement comes through. "
https://www.linkedin.com/in/amy-ellis-03a7ab111,Amy,Ellis,Amy Ellis,"Chief Executive Officer at Northwest Medical Specialties, PLLC",,,Chief Executive Officer,"Tacoma, Washington, United States",Northwest Medical Specialties,https://www.linkedin.com/company/nwms,,,,,,,,"Just saw your COA Fellows post. Giving fellows real time in community oncology is what the field needs. Thanks for pushing it. "
https://www.linkedin.com/in/natalie-streeter-7741aa10b,Natalie,Streeter,Natalie Streeter,"Assistant Vice Chancellor & Chief Operating Officer, Clinical Research, Strategy and Operations at The University of Kansas Cancer Center",,,"Assistant Vice Chancellor & Chief Operating Officer, Clinical Research, Strategy and Operations","Olathe, Kansas, United States",The University of Kansas Cancer Center,,,,,,,,,"Just saw Treads & Threads has raised over $25M for cancer care since 2002. Incredible work. "
https://www.linkedin.com/in/trey-wiegand-mha-118691105,Trey,"Wiegand, MHA","Trey Wiegand, MHA","Regional Director Oncology, MercyOne",,,Regional Director Oncology,Des Moines Metropolitan Area,MercyOne,https://www.linkedin.com/company/mercyone,,,,,,,,"Just saw MercyOne Genesis wrapped its sixth annual Gather for the Cure. Love that your team keeps showing up for breast health awareness. "
https://www.linkedin.com/in/edvin-babayova-5145b3b7,Edvin,Babayova,Edvin Babayova,Senior Director Of Regional Operations at City of Hope,,,Senior Director of Regional Operations,Los Angeles Metropolitan Area,City of Hope,https://www.linkedin.com/company/city-of-hope,,,,,,,,"Just saw City of Hope opened the new cancer center in Prescott. Huge win for patient access out there. "
https://www.linkedin.com/in/johnny-walker-bb894011,Johnny,Walker,Johnny Walker,Director of Research at Utah Cancer Specialists,,,,,,,,,,,,,,"Just saw Utah Cancer Specialists is adding new trials. No surprise given the Phase I program you built there. "
https://www.linkedin.com/in/andy-napolitano-600392b4,Andy,Napolitano,Andy Napolitano,Healthcare Operations,,,Director Regional Operations - North Jersey,"Jersey City, New Jersey, United States",Astera Cancer Care,,,,,,,,,"Just saw Astera joined OneOncology as its ninth practice. Big milestone for the group, congrats. "
https://www.linkedin.com/in/vandykeadam,Adam,"Van Dyke, PhD","Adam Van Dyke, PhD",Business Development | Strategy | Partnerships,,,"AVP, Innovation & Translational Development","Philadelphia, Pennsylvania, United States",Fox Chase Cancer Center,https://www.linkedin.com/company/fox-chase-cancer-center,,Interested,Makenzie Quick Message,472583,Makenzie Sligar,126956,10/1/2026 9:46:13 PM,"Just saw the pacritinib and talazoparib trial for rare blood cancers. Really promising for patients. "
https://www.linkedin.com/in/mindy-sovel-phd-21393810,Mindy,PhD,Mindy PhD,"Director, Hospital Operations at Memorial Sloan Kettering Cancer Center",,,"Director, Hospital Operations","Hoboken, New Jersey, United States",Memorial Sloan Kettering Cancer Center,,,,,,,,,"Just saw MSK named the world's best cancer hospital by Newsweek again. Your ops team earns that. "
https://www.linkedin.com/in/brad-bott-mba-ccrp-605a569a,Brad,"Bott, MBA, CCRP","Brad Bott, MBA, CCRP","Healthcare Executive Driving Oncology, Genomics, Research & Population Health Transformation Across Integrated Delivery Networks",,,"Executive Director, Cancer, Digestive Health, Genomics, and Research",United States,Providence,,,,,,,,,"Just saw your post about Ora and the genomics team. That pride in your people really comes through. "
https://www.linkedin.com/in/kevin-dryanski-91a11ba,Kevin,Dryanski,Kevin Dryanski,Peaks Region Oncology Service Line Director at Intermountain Health,,,Peaks Region Oncology Service Line Director,"Grand Junction, Colorado, United States",Intermountain Health,,,,,,,,,"Just saw Intermountain is bringing in GE's new SIGNA Spring Elite MRI. Nice win for imaging and your cancer patients. "
https://www.linkedin.com/in/ryan-luginbuhl-52b13770,Ryan,Luginbuhl,Ryan Luginbuhl,Vice President Oncology Service Line,,,Vice President Oncology Service Line,Peoria Metropolitan Area,OSF HealthCare,https://www.linkedin.com/company/osf-healthcare,,,,,,,,Just saw your SHIFT post. That clinical-to-vendor ratio is exactly the room oncology needs right now. Thanks for building it. We're inviting a few practices into a biopharma-funded outcomes collaborative.
https://www.linkedin.com/in/ivan-aksentijevich-3aa2798,Ivan,Aksentijevich,Ivan Aksentijevich,Medical Doctor,,ivan.aksentijevich@usoncology.com,Medical Oncology and Hematology,,"Virginia Cancer Specialists, P.C.",,,,,,,,,"Just saw you share the Global Serbian Journal Club session, great turnout. What you've built with SAMA is impressive. We're inviting select practices into a biopharma-funded outcomes collaborative."
https://www.linkedin.com/in/darcie-r-d-b6682161,Darcie R.,Dauer,Darcie R. Dauer,Lead Oncology Clinical Research RN Essentia Health SJMC,,,Clinical Oncology Research Lead RN,"Motley, Minnesota, United States",Essentia Health,https://www.linkedin.com/company/essentia-health,,,,,,,,Just saw Essentia teamed up with the Lake Superior Zoo for the pediatric waiting room. Such a heartwarming idea. We're inviting select practices into a biopharma-funded outcomes collaborative.
https://www.linkedin.com/in/modupe-durojaiye,Modupeoluwa (Mo),"Durojaiye (DrPH, MA)","Modupeoluwa (Mo) Durojaiye (DrPH, MA)",Senior Research Program Leader | Epidemiologist | Health Equity Strategist | Adjunct Faculty | Founder & Cross‑Functional Leader,,,"Research Program Leader, Sr.",Dayton Metropolitan Area,Duke Cancer Institute,https://www.linkedin.com/company/duke-cancer-institute,,,,,,,,Just saw Duke's new study on personalized treatment for advanced prostate cancer. Such promising work. We're also inviting select oncology practices into a biopharma-funded outcomes collaborative.
https://www.linkedin.com/in/eneida-nemecek-md-ms-mba-931aba52,Eneida,"Nemecek MD, MS, MBA","Eneida Nemecek MD, MS, MBA",Professor/Associate Director of Clinical Research- Knight Cancer Institute at Oregon Health & Science University,,,Associate Director of Clinical Research,"Portland, Oregon, United States",OHSU Knight Cancer Institute,https://www.linkedin.com/company/ohsu-knight-cancer-institute,,,,,,,,Just saw your post on the Portland Pediatric Oncology meeting. Hosting it for patients and families is why this work matters. We're inviting practices into a biopharma-funded outcomes collaborative.
https://www.linkedin.com/in/robert-williard-13aa574b,Robert,Williard,Robert Williard,Director of Radiation Oncology @ Baptist Memorial Health Care | Leading Healthcare Initiatives,,,Director of Radiation Oncology,"Memphis, Tennessee, United States",Baptist Memorial Health Care,https://www.linkedin.com/company/baptistonline,,,,,,,,Just saw Baptist is adding 100 physicians over the next five years. Big growth for the region and your radiation oncology team. We're inviting select practices into a biopharma-funded collaborative.
https://www.linkedin.com/in/david-siegel-43933248,David,Siegel,David Siegel,"Chief, Myeloma Division at John Theurer Cancer Center, Hackensack University Medical Center Founding Director, Institute for Multiple Myeloma at Center for Discovery and Innovation",,,"Chief, Myeloma Division","Hackensack, New Jersey, United States",John Theurer Cancer Center at Hackensack University Medical Center,https://www.linkedin.com/company/john-theurer-cancer-center,,,,,,,,"Just saw the OncLive piece on JTCC's myeloma trials, exciting progress. Thanks for all you do in the field. We're also inviting a few select practices into a biopharma funded outcomes collaborative."
https://www.linkedin.com/in/amandahazeltine,Amanda,"Hazeltine, DNP, MS(Nursing), MS(Public Relations)","Amanda Hazeltine, DNP, MS(Nursing), MS(Public Relations)",Nurse Practitioner | Health Communications Professional | Freelance Writer,,,Nurse Practitioner - Hematology/Oncology,Los Angeles Metropolitan Area,UCLA Health,https://www.linkedin.com/company/ucla-health,,Generic,makenzie_connect,326021,Makenzie Sligar,126956,7/24/2026 5:22:45 PM,Just saw your post about Alyssa's donor journey and her bond with Greg. What a story. Thanks for sharing it. We're inviting select oncology practices into a biopharma funded outcomes collaborative.
https://www.linkedin.com/in/jessica-kallio-mba-bsn-rn-217b9939,Jessica,"Kallio, MBA, BSN, RN","Jessica Kallio, MBA, BSN, RN","Area Vice President, Cancer National Service Line",,,"Area Vice President, Cancer National Service Line- Southeast Division","Milwaukee, Wisconsin, United States",Advocate Health,https://www.linkedin.com/company/advocate-health,,,,,,,,"Jessica, just saw 14 Advocate hospitals made the U.S. News Best Hospitals list. Congrats to your cancer teams. We're inviting select practices into a biopharma funded outcomes collaborative."
https://www.linkedin.com/in/crystal-castillo-43681839,Crystal,Castillo,Crystal Castillo,"Senior Clinical Research Data Coordinator, Phase I Oncology",,,Senior Clinical Research Data Coordinator,"San Antonio, Texas, United States",The START Center for Cancer Research,https://www.linkedin.com/company/the-start-center-for-cancer-research,,,,,,,,"Crystal, 10+ years on complex Phase I oncology trials is no small thing. Grateful for people who keep that data clean. We're inviting select practices into a biopharma funded outcomes collaborative."
https://www.linkedin.com/in/tamerkhashab,Tamer,Khashab,Tamer Khashab,"Chief Hematology Oncology, Kelsey-Seybold Clinic",,,Hematologist Oncolgist - Associate Chief - Main Campus,"Houston, Texas, United States",Kelsey-Seybold Clinic,,,,,,,,,"Tamer, congrats on stepping into Chief of Hematology Oncology at Kelsey-Seybold. We're inviting select oncology practices into a biopharma funded patient outcomes collaborative, and you came to mind."
https://www.linkedin.com/in/jeevin-shahi-881443285,Jeevin,Shahi,Jeevin Shahi,Associate Professor and Director of Radiation Oncology at SSM Health Saint Louis University Hospital,,,,United States,,,,,,,,,,Just saw your post on ASTRO's new bladder cancer guideline. Trimodal as a real alternative to surgery is big news. We're inviting practices into a biopharma funded patient outcomes collaborative.
https://www.linkedin.com/in/dresteva,Francisco J.,"Esteva, MD, PhD","Francisco J. Esteva, MD, PhD",Translating clinical trials into patient decisions.,,,"Director, Breast Cancer Translational Research","New York, New York, United States",Northwell Health,,,,,,,,,"Francisco, congrats on stepping up to Chief of Hematology and Medical Oncology at Lenox Hill. We're inviting select oncology practices into a biopharma funded patient outcomes collaborative."
https://www.linkedin.com/in/esmeraldaelia,Esmeralda,"Elia, MPH","Esmeralda Elia, MPH",Clinical Research Professional | MPH |Oncology & CAR-T Trials | Lymphoma Research | Phase I & II clinical operations,,,Clinical Trials Research Associate- Holden Cancer Center,Iowa City-Cedar Rapids Area,University of Iowa Health Care,https://www.linkedin.com/company/university-of-iowa-health-care,,,,,,,,"Just saw Holden helped bring three new cancer therapies forward, including daraxonrasib. So cool. "
https://www.linkedin.com/in/ravin-bisla,Ravin,Bisla,Ravin Bisla,"Healthcare Operations: - Multi-state P&L responsibility: 15 physician practices, 315 providers and 350 staff - $230 million in medical group revenue under direct management, driving > 10% YOY growth - Increased facility utilization from 80% to 95% - Negotiated 5%-10% reimbursement increases with multiple FFS payers - Led clinical and operational teams to reduce total spend across 6,400 designated VBC lives  Corporate Development: - 3x platform/MSO creator via initial acquisitions, infrastructure build-out and bolt-on acquisitions - 75+ transactions led and closed including acquisitions, JV de novos and divestitures  - $550 million in total transaction value  Corporate Finance: - Multiple PE/VC investor relationships via operating companies: Audax, Summit, Ares, NEA, OakHill - CFO experience: Multi-site financial consolidation and sourced/closed Series A PE investment from C3 - Operating and capital budgeting to set/achieve KPIs and monitor/maintain leverage ratios",,rbisla@utahcancer.com,Chief Executive Officer,Salt Lake City Metropolitan Area,Utah Cancer Specialists,https://www.linkedin.com/company/utahcancer-specialists,,,,,,,,"Just saw your podcast launched with one of your patients leading off. What a great way to start. "
https://www.linkedin.com/in/brad-s-912b65209,Brad,"Stout, MS, MBA","Brad Stout, MS, MBA",Business Consultant at Hilo Benioff Medical Center,,,Chief Operating Officer,Greater Seattle Area,Northwest Medical Specialties,https://www.linkedin.com/company/nwms,,,,,,,,"Just saw NWMS is running 117 active trials. That's a serious commitment to your patients. "
https://www.linkedin.com/in/carlo-bifulco-8b123124,Carlo,Bifulco,Carlo Bifulco,Chief Medical Officer @ Providence Genomics | Medical Director of Cancer Genomics and Precision Oncology @ Providence Cancer Institute,,,"CMO, Providence Genomics & Medical Director Precision Oncology, Providence Cancer Institute","Portland, Oregon, United States",Providence,https://www.linkedin.com/company/providencehealthsystem,,,,,,,,"Just saw your post on GigaPath-Flash and GigaTIME-Flash. Doing more with less compute opens up so much. We're also expanding a biopharma patient-experience research initiative, tech included."
https://www.linkedin.com/in/ndevitomd,Nicholas,"DeVito, MD","Nicholas DeVito, MD","Gastrointestinal Oncologist, Immunologist, and Natural Intelligence (NI) Enthusiast",,,Assistant Professor,"Durham, North Carolina, United States",Duke Cancer Institute,https://www.linkedin.com/company/duke-cancer-institute,,Generic,makenzie_connect,326021,Makenzie Sligar,126956,9/30/2026 6:41:54 PM,"Dr. DeVito, just saw your chronotherapy post. The timing angle on immunotherapy response is fascinating, thanks for sharing. "
https://www.linkedin.com/in/fayez-estephan-612767198,Fayez,Estephan,Fayez Estephan,Anne Arundel Medical Center: DeCesaris Cancer Institute,,festephan@gwu.edu,Oncologist,"Washington, District of Columbia, United States",Anne Arundel Medical Center,,,,,,,,,"Dr. Estephan, just saw Fish For A Cure is set for November 7. Great to see survivorship care get that kind of community support. "
https://www.linkedin.com/in/kristin-bialobok-90a413194,Kristin,Bialobok,Kristin Bialobok,Vice President Clinical Research,,,Nurse Manager Center for Health Research Clinic,"Portland, Oregon Metropolitan Area",Kaiser Permanente,,,,,,,,,"Kristin, just saw the $150,000 appendix cancer research grant in memory of Katie Centorbi. Such meaningful work. "
https://www.linkedin.com/in/andrea-mccutcheon-80aa18192,Andrea,McCutcheon,Andrea McCutcheon,Director of Front Office Operations,,,Director Of Front Office,"Decatur, Alabama, United States",Clearview Cancer Institute,,,,,,,,,"Andrea, just saw your post on the Sit in My Chair event. Having local leaders sit in the patient's seat is powerful. "
https://www.linkedin.com/in/snoti-kumeh23,Snoti (Sno),"Kumeh ","Snoti (Sno) Kumeh ",Master of Science Nursing Student,,,,,,,,,,,,,,"Just saw your post from the Black Excellence Scholarship Gala. Using your seat at the table to open doors for others, love that. "
https://www.linkedin.com/in/allison-gales,Allison,Forsythe,Allison Forsythe,Project Manager- Study Monitor at the University of Cincinnati Cancer Center,,,,,,,,,,,,,,"Just saw UC Cancer Center helped drive daraxonrasib's FDA approval. Huge milestone for your trial teams. "
https://www.linkedin.com/in/tammy-asmus-74072a139,Tammy,Asmus,Tammy Asmus,Program Manager at Breast and GYN Cancer Pavilion,,,"Program Director, Oncology-Woman's Cancer Pavilion","Baton Rouge, LA",Mary Bird Perkins Cancer Center,,,,,,,,,"Just saw the news on Mary Bird Perkins' renewed radiation therapy partnership. Big win for access. "
https://www.linkedin.com/in/kristi-eilers-181642139,Kristi,Eilers,Kristi Eilers,"Assistant Director, Knight Clinical Research Management at Oregon Health & Science University",,,"Assistant Director, Strategic Process Improvement","Portland, Oregon, United States",OHSU Knight Cancer Institute,,,,,,,,,"Grateful for folks like you driving process improvement in Knight's clinical research operations. Not a small task. "
https://www.linkedin.com/in/jorge-darcourt-rizo-patron-md-mhcm-b38b5212a,Jorge,"Darcourt Rizo Patron MD, MHCM","Jorge Darcourt Rizo Patron MD, MHCM","Texas Oncology, Physician and Partner",,,Medical Director,"Houston, Texas, United States",Texas Oncology,https://www.linkedin.com/company/texasoncology,,,,,,,,"Just saw Texas Oncology teamed up with the American Cancer Society on screening. Great push to see. "
https://www.linkedin.com/in/carla-carvajal-b4b97911b,Carla,Carvajal,Carla Carvajal,"Area Vice President, Cancer— North Chicago",,,,,,,,,,,,,,"Just saw your post, 150 FIT tests in one day at Illinois Masonic. Real community impact. We're expanding a biopharma patient-experience research initiative, tech included."
https://www.linkedin.com/in/joshua-ellis-871a63119,Joshua,Ellis,Joshua Ellis,"Vice President, Cancer National Service Line - IL Division",,,"Vice President, Cancer National Service Line - IL Division",Greater Chicago Area,Advocate Health,https://www.linkedin.com/company/advocate-health,,,,,,,,"Just saw 14 Advocate hospitals made U.S. News' 2026 Best Hospitals list for cancer care. Great reflection on your service line. "
https://www.linkedin.com/in/timothy-wintz-55299a104,Timothy,Wintz,Timothy Wintz,SVP Imaging East at New York Cancer & Blood Specialists,,,Senior Vice President Imaging East,"Wading River, New York, United States",New York Cancer & Blood Specialists,https://www.linkedin.com/company/new-york-cancer-blood-specialists,,,,,,,,"Just saw a Canadian REIT pick up NYCBS's Brooklyn building for $90M. Says a lot about outpatient demand. "
https://www.linkedin.com/in/emily-daugherty-md-1b903a103,Emily,"Daugherty, MD","Emily Daugherty, MD",Associate Professor of Radiation Oncology,,emily.daugherty@uc.edu,Radiation Oncologist,"Cincinnati, Ohio, United States",University of Cincinnati Cancer Center,,,,,,,,,"Just saw UC Cancer Center helped develop daraxonrasib. Doubling survival is huge news. "
https://www.linkedin.com/in/heidi-tham-95b33811,Heidi,Tham,Heidi Tham,"Assistant Director Of Administration, Cancer Consortium at Fred Hutch",,,"Assistant Director of Administration, Cancer Consortium","Seattle, Washington, United States",Fred Hutch,,,,,,,,,"Just saw Fred Hutch picked up the former Weyerhaeuser East Campus, what a growth moment. "
https://www.linkedin.com/in/taylor-kinser,Taylor,"Kinser, MBA","Taylor Kinser, MBA",Director of Integrations at OneOncology,,,"Director, Integrations","Albuquerque, New Mexico, United States",OneOncology,,,,,,,,,"Just saw the OneOncology and OpenEvidence partnership, that is a big step for clinical support. "
https://www.linkedin.com/in/kristensteffekpatel,Kristen,Patel,Kristen Patel,Director of Radiation Oncology: Kelsey-Seybold Clinic,,,Director of Radiation Oncology,"Spring, Texas, United States",Kelsey-Seybold Clinic,,,,,,,,,"Just saw your Whataburger post, love that your team makes time for that. "
https://www.linkedin.com/in/melissa-jee-hughes,Melissa,Jee Hughes,Melissa Jee Hughes,"Research Director, Cohort Studies and YCC Initiatives and Assistant Director of Community Outreach and Engagement, Yale Cancer Center",,,"Research Director, Cohort Studies and Assistant Director, Community Outreach and Engagement","New Haven, Connecticut, United States",Yale Cancer Center,https://www.linkedin.com/company/yale-cancer-center,,,,,,,,"Just saw Dr. Malhotra is joining Yale for lung cancer trials. Exciting addition for your research team. "
https://www.linkedin.com/in/mark-nelson-pharm-d-9854589,Mark,Pharm.D,Mark Pharm.D,Chief Executive Officer,,mnelson@nwmsonline.com,Chief Executive Officer,Greater Seattle Area,Northwest Medical Specialties,https://www.linkedin.com/company/nwms,,,,,,,,"Just saw NWMS has 117 active trials running. That's real access for your patients. "
https://www.linkedin.com/in/michele-abbitt-97978372,Michele,Abbitt,Michele Abbitt,Director Adult Oncology at OU Health,,,Director Adult Oncology,"Oklahoma City, Oklahoma, United States",OU Health,https://www.linkedin.com/company/ouhealth,,,,,,,,"Just saw OU Health brought neuro-oncologists to Stephenson at Hillcrest in Tulsa. Big win for those patients. We're inviting a few practices into a biopharma patient experience study, tech included."
https://www.linkedin.com/in/christi-marcotte-0273ab70,Christi,Marcotte,Christi Marcotte,Director of Clinical Operations,,,Director of Clinical Operations,"Eugene, Oregon, United States",Willamette Valley Cancer Institute & Research Center,https://www.linkedin.com/company/willamette-valley-cancer-institute-&-research-center,,Not interested,ryan_connect,326030,Ryan Saliman,114682,9/3/2026 2:32:39 PM,"Just saw your post on teams moving in rhythm instead of grinding harder. So true. We're inviting a few oncology practices into a biopharma patient experience study, tech included. Thought of you."
https://www.linkedin.com/in/joshualahav,Joshua,Lahav,Joshua Lahav,"Vice President, Fox Chase Cancer Center",,,"Vice President, Cancer Center Operations","Philadelphia, Pennsylvania, United States",Fox Chase Cancer Center,https://www.linkedin.com/company/fox-chase-cancer-center,,,,,,,,"Just saw you're serving as an Executive Lab Leader at Fox School. Giving back where you started is great. Separately, we're inviting a few practices into a biopharma patient experience study."
https://www.linkedin.com/in/teresa-e-giamboy-dnp-mba-msn-crnp-nea-bc-39b49163,Teresa,NEA-BC,Teresa NEA-BC,"Vice President, Cancer Service Line, Jefferson Health",,,"Vice President, Cancer Service Line, Jefferson Health","Philadelphia, Pennsylvania, United States",Jefferson Health,https://www.linkedin.com/school/jefferson-health,,,,,,,,"Just saw your post on the 8th Annual Lung Cancer Screening Summit. Eight years running is impressive. We're inviting a few practices into a biopharma patient experience study, tech included."
https://www.linkedin.com/in/karma-kreizenbeck-91a3526,Karma,Kreizenbeck,Karma Kreizenbeck,"Director, Research & Partnerships,  Hutchinson Institute for Cancer Outcomes Research at Fred Hutch",,,"Director, Research and Partnerships, HICOR, Fred Hutchinson Cancer Research Center","Seattle, Washington, United States",Fred Hutch,https://www.linkedin.com/company/fredhutch,,,,,,,,"Grateful for the Hope in Action theme at this year's Value in Cancer Care Summit. Really needed right now. We're inviting select practices into a biopharma patient experience study, PRO tech included."
https://www.linkedin.com/in/aramis-cordero-dba-348b9150,Aramis,"Cordero, DBA","Aramis Cordero, DBA",Practice Administrator/COO @ Cancer Care Associates of York |,,aramiscordero@cancercareyork.com,Practice Administrator/COO,"Lancaster County, Pennsylvania, United States",Cancer Care Associates of York,https://www.linkedin.com/company/cancer-care-associates-of-york,,,,,,,,"Just saw Cancer Care Associates of York expanded with Johns Hopkins and WellSpan. Huge for patients there. We're inviting select practices into a biopharma patient experience study, PRO tech included."
https://www.linkedin.com/in/beth-dyer-9527ab4a,Beth,Dyer,Beth Dyer,Regional Operations Director,,,Regional Director of Operations,"Jonesborough, Tennessee, United States",Tennessee Oncology,https://www.linkedin.com/company/tennessee-oncology,,,,,,,,"Just saw Tennessee Oncology earned the first community FACT IEC accreditation. Huge for cell therapy access. We're inviting select practices into a biopharma patient experience study, PRO included."
https://www.linkedin.com/in/angela-geistkemper-bsn-rn-ocn-rocn-83b167402,Angela,"Geistkemper BSN, RN, OCN, ROCN","Angela Geistkemper BSN, RN, OCN, ROCN",Assistant Director of Virtual Care at Texas Oncology,,,Assistant Director of Virtual Care,"Bettendorf, Iowa, United States",Texas Oncology,https://www.linkedin.com/company/texasoncology,,,,,,,,"Love how your virtual care work makes it easier for patients to ask the right questions. We're inviting select practices into a biopharma patient experience study, PRO tech included. Thought of you."
https://www.linkedin.com/in/david-gill-0254953a7,David,Gill,David Gill,Senior Medical Director of Oncology Clinical Program | Genitourinary Oncologist at Intermountain Health,,,"Senior Medical Director, Oncology Clinical Program","Salt Lake City, Utah, United States",Intermountain Health,https://www.linkedin.com/company/intermountain-health,,,,,,,,"Just saw Intermountain is bringing in GE's AI-powered MRI for oncology. Cool leap. We're inviting select practices into a biopharma patient experience study, PRO tech included. Thought of you, David."
https://www.linkedin.com/in/deb-iselo-72576b40,Deb,"Iselo ","Deb Iselo ",Family Nurse Practitioner,,,Family Nurse Practitioner,"Ilion, New York, United States",Upstate Cancer Center,https://www.linkedin.com/company/upstate-cancer-center,,,,,,,,"Just saw Upstate Cancer Center is presenting the Crunch's Pink in the Rink this year. Such a great cause. We're inviting select practices into a biopharma patient experience study, PRO included."
https://www.linkedin.com/in/nathan-jones-md-bb7288339,Nathan,"Jones, MD","Nathan Jones, MD",Medical Director of Hospice and Palliative Medicine at City of Hope - Atlanta.  Medical ethics committee chairman.   Associate professor,,njones@coh.org,Senior Physician,United States,City of Hope,https://www.linkedin.com/company/city-of-hope,,,,,,,,"Just saw City of Hope Atlanta helped trial Rasonque for pancreatic cancer. Huge for patients. We're adding a few practices to a biopharma initiative on patient experience, tech included."
https://www.linkedin.com/in/paul-ehrlichman-921698321,Paul,Ehrlichman,Paul Ehrlichman,Hematologist/Oncologist at UPMC Hillman Cancer Center,,paul.ehrlichman@upmccancercenter.co,Hematologist/Oncologist at UPMC Hillman Cancer Center,,Attending Hematologist/Oncologist,,,,,,,,,"Just saw UPMC Hillman landed the $150K Changemaker Grant for appendix cancer research. So meaningful. We're opening a few spots in a biopharma initiative on the patient experience, tech included."
https://www.linkedin.com/in/bobby-liaw-9333a736,Bobby,Liaw,Bobby Liaw,"Site Chief, Hematology and Medical Oncology at Mount Sinai Downtown",,bobby.liaw@mountsinai.org,"Medical Director, Cancer Network","New York, New York, United States",Icahn School of Medicine at Mount Sinai,https://www.linkedin.com/school/icahnmountsinai,,,,,,,,"Just saw the coverage on rising advanced prostate cancer incidence with Mount Sinai expertise. Right in your wheelhouse. We're expanding a biopharma initiative on the patient experience, tech included."
https://www.linkedin.com/in/edward-daduya,Edward,LSSBB,Edward LSSBB,Transformational Leadership | Building High-Performance Teams | Organizational Development | Lean Six Sigma Black Belt,,,Ambulatory Care Administration Supervisor - Cancer Services,"Chula Vista, California, United States",UC San Diego Health,https://www.linkedin.com/company/ucsdhealth,,,,,,,,"Just saw your post on showing belief before someone sees it in themselves. Giving people a real problem to own, so true. We're expanding a biopharma patient experience initiative, tech included."
https://www.linkedin.com/in/lavelajoel,Joel,"Lavela, MS","Joel Lavela, MS","Clinical Research Coordinator | MS in Cybersecurity Technology | Transitioning to Cybersecurity | AWS Certified | Skilled in Cloud Security, Vulnerability Assessment & Data Protection",,,Clinical Research Coordinator,,Maryland Oncology Hematology,,,,,,,,,Saw GW Medical Faculty Associates' oncology group joined Maryland Oncology Hematology. Big win for trial access across the DMV. Congrats! Our biopharma patient initiative is expanding too.
https://www.linkedin.com/in/edjah-nduom-b8592230,Edjah,Nduom,Edjah Nduom,Daniel Louis Barrow Endowed Chair and Professor in Neurosurgery at Emory University School of Medicine,,enduom@emory.edu,Director of the Winship Brain Tumor Center,"Atlanta, Georgia, United States",Winship Cancer Institute of Emory University,,,,,,,,,Just saw NBTS named its first Neuro-Oncology Research Fellow at Winship. Great step for training brain tumor researchers. Still saving a spot for Winship in our biopharma patient experience study.
https://www.linkedin.com/in/bryan-ellis-b670a727,Bryan,Ellis,Bryan Ellis,Assistant Director TriHealth Comprehensive Hernia Center at TriHealth,,,"Section Chairman of General Surgery, Bethesda North Hospital","Cincinnati, Ohio, United States",TriHealth,,,,,,,,,"Just saw TriHealth is using AI in patient rooms to catch falls earlier. Really cool step forward, and great to see your system leading on it. Thanks for the work you all do, Dr. Ellis."
https://www.linkedin.com/in/amee-lancaster-67055022,Amee,Lancaster,Amee Lancaster,"Experienced IT leader with a demonstrated history of working in the hospital & health care industry. Skilled in U.S. Health Insurance Portability and Accountability Act (HIPAA), Healthcare Information Technology (HIT), Computerized Physician Order Entry (CPOE), and Leadership. Strong healthcare services professional with a B.S. focused in Kinesiology from Indiana University Bloomington.",,alancaster@ecommunity.com,Director IT Business Solutions,"Noblesville, Indiana, United States",Community Health Network,https://www.linkedin.com/company/community-health-network,,,,,,,,"Just saw your post about Indiana Women in Tech Week. Love that you keep showing up for it and building pathways for the next generation. Thanks for doing that, Amee."
https://www.linkedin.com/in/ashish-deshmukh-5741361a,Ashish,Deshmukh,Ashish Deshmukh,"Professor of Public Health Sciences; Co-leader, Cancer Prevention and Control Program, Hollings Cancer Center; SmartState Distinguished Endowed Chair, Medical University of South Carolina (MUSC)",,,"Professor (Tenured), Public Health Sciences","Houston, Texas, United States",Medical University of South Carolina,https://www.linkedin.com/school/medical-university-of-south-carolina,,,,,,,,"Just saw the news about MUSC proposing a $1 billion cancer hospital. Huge step for cancer care in South Carolina, and great timing for the prevention work you lead at Hollings."
https://www.linkedin.com/in/drjosephhofmeister,Joseph,Hofmeister,Joseph Hofmeister,"After nearly 30 years of experience helping others face cancer, I consider “difficult conversations” a core sub-specialty of my oncology and hematology practice.   My Backstory My dad was diagnosed with leukemia when I was in high school. Understanding his disease was a struggle for my family. It took time and numerous conversations with doctors, but the more my dad understood his options, the more he began to make choices that allowed him to face cancer his way. His approach to cancer became one of the most important lesson on living that I ever received.  When I became an oncologist, I didn’t just want to treat the disease; I wanted to treat the entire experience of life with cancer. So, I came up with simple analogies and stories based on my personal experiences to help patients and families make sense of what was happening. My hope was to empower them to live despite cancer, as my dad had done.   These conversations eventually inspired a book, How Cancer Is Like a Dandelion, but it wasn’t until my daughter, Abby, developed a rare medical condition that I fully understood how transformative conversations can be. Turning confusing information into simple, human conversation became a lifeline for Abby, allowing her to move past the fear and anxiety she felt and on to living her life.   After Abby’s experience, we both developed a new calling in life—to share the unique, patient-centered language we created with other professionals in the medical community who face difficult conversations every day.   What is Leveling Health Publishing? Leveling Health is a health information resource that providers and organizations in healthcare, pharmaceuticals, health tech, and health education can share with patients and partners to provide clear, straightforward, compassionate answers to complex or sensitive medical questions. Backed by a team of medical and educational experts, our customizable, easy-to-understand health content helps prepare patients for important conversations, and deepens their bond with healthcare professionals to create a more meaningful patient experience.  Building confidence. Improving outcomes. Leveling Health.",,jhofmeister@coainc.cc,"President & Chief Medical Officer ","Columbus, Ohio Metropolitan Area",Columbus Oncology & Hematology,https://www.linkedin.com/company/columbusoncologyandhematology,,,,,,,,"Just saw your post thanking the behind-the-scenes team in cancer care. That line about the work being felt even when it isn't in the spotlight really rings true. Thanks for saying it, Joseph."
https://www.linkedin.com/in/rajiv-patel-md-mba-facp-ba944411,Rajiv,"Patel, MD, MBA, FACP","Rajiv Patel, MD, MBA, FACP",Chief Transformation Officer at Centene Corporation,,rajiv.patel@bluestonemd.com,Chief Transformation Officer,United States,Centene Corporation,https://www.linkedin.com/company/centene-corporation,,,,,,,,"Just saw Centene named Bradley Bolivar as CIO. Big moment for the tech side of your transformation work, exciting to watch what you two build. Congrats on the momentum, Rajiv."
https://www.linkedin.com/in/jonathan-willms-do-ms-mha-facog-09769aaa,Jonathan,"Willms DO, MS, MHA, FACOG","Jonathan Willms DO, MS, MHA, FACOG",Chief Medical Officer at Sun Life Family Health Center,,jonathan.willms@slfhc.org,Chief Medical Officer,"Chandler, Arizona, United States",Sun Life Family Health Center,https://www.linkedin.com/company/sun-life-health,,,,,,,,"Just saw your post on the new Sun Life campus. Primary care, pediatrics, and OB/GYN under one roof for a growing region is real progress. Thanks for sharing it, congrats to you and the team!"
https://www.linkedin.com/in/j-p-gallagher-50878175,J.P.,Gallagher,J.P. Gallagher,President & CEO at Endeavor Health,,,"President & CEO, Endeavor Health",Greater Chicago Area,Endeavor Health,https://www.linkedin.com/company/endeavor-health,,,,,,,,Just saw your post about the Fillmore Laundry Services visit. 220 jobs and real impact in West Lawndale really is a proud day for Chicago. Thanks for sharing it!
https://www.linkedin.com/in/jen-connelly-rosati-579a926b,Jen,Connelly-Rosati,Jen Connelly-Rosati,Chief Financial Officer at Sarasota Memorial Health Care System,,,Chief Financial Officer,"Hollywood, Florida, United States",Sarasota Memorial Health Care System,https://www.linkedin.com/company/sarasota-memorial-health-care-system,,,,,,,,Just saw your post about Sarasota Memorial planning ahead for Manatee County's growth. Thanks for sharing it. Great to see that kind of long view on access. Exciting stretch ahead for your team!
https://www.linkedin.com/in/neeraj-desai-md-mba-fccp-facp-daabip-95b7497,Neeraj,DAABIP,Neeraj DAABIP,"Director and IP Fellowship Director | AMA RUC Delegate @ American College of Chest Physicians | Healthcare Lung Expert, Medical Education, Healthcare management",,ndaabip@nch.org,"Medical Director, Bronchoscopy and Interventional Pulmonology",Greater Chicago Area,Endeavor Health,https://www.linkedin.com/company/endeavor-health,,,,,,,,"Just saw your post on the 5th Annual Lung Nodule Symposium. Screening eligibility and adherence is exactly the gap that needs attention, and pairing it with incidental nodules and biomarkers makes for a strong lineup. Thanks for putting it out there."
https://www.linkedin.com/in/sotirios-bisdas,Sotirios,Bisdas,Sotirios Bisdas,"I am an Honorary Consultant Neuroradiologist at University College London Hospitals NHS Foundation Trust. I have previously worked as the MRI and Clinical Lead overseeing the scientific integrity, clinical governance, and management of the unit, and ensuring the ethical and responsible use of research in neuroimaging. I also worked as Lead of the Research Neurooncology Group, which aimed to develop new diagnostic and therapeutic techniques for neurological diseases, such as brain tumours and spinal cord injuries.In addition to my clinical role, I am an Associate Professor of Neuroradiology at UCL, Professor of Neuroradiology at the University of Tübingen, and an Adjunct Professor of Neuroradiology at The University of Texas MD Anderson Cancer Center. I teach, mentor, and supervise students and researchers in the field of advanced neuroimaging, and conduct experiments to validate the usefulness of AI and machine learning algorithms and software products. I have published more than 270 peer-reviewed papers and 10 book chapters, and have received multiple awards and honors for my work. I am also an active member of several professional societies and editorial boards, and a keynote speaker at international conferences and events. My mission is to advance the understanding of the nervous system's structure and function, and to improve the quality of life for patients with neurological disorders.",,,Honorary Consultant Neuroradiologist,"London Area, United Kingdom",University College London Hospitals NHS Foundation Trust,https://www.linkedin.com/company/uclh-nhs-foundation-trust,,,,,,,,"Just saw your post about guest editing the Cancers special issue on imaging AI in glioma workflows. Real world deployment is the hard part, so glad someone is pushing that conversation forward. Congrats, and thanks for sharing it."
https://www.linkedin.com/in/joekalkman,Joe,Kalkman,Joe Kalkman,C-Suite Executive (CAO | CHRO) 🔹 Board Member 🔹 CEO Advisor 🔹 Strategy & Transformation 🔹 Executive Compensation 🔹 Governance 🔹 Succession 🔹 Culture Building,,,"EVP, Chief Administrative Officer & CHRO",Greater Minneapolis-St. Paul Area,CentraCare,https://www.linkedin.com/company/centracare,,,,,,,,Just saw your post about that 9/11 morning at Northwest Airlines and the lessons you carried into COVID. Knowing what you stand for and trusting your team when the answers aren't there yet is such a real one. Thanks for sharing it.
https://www.linkedin.com/in/ryan-west-834b904,Ryan,West,Ryan West,"President, Operations | Duly Health & Care",,ryan.west@dulyhealthandcare.com,Member,Greater Chicago Area,YPO,https://www.linkedin.com/company/duly-health-and-care-dmg,,,,,,,,"Ryan, just saw that the Duly Charitable Fund gave over $410,000 to 40 nonprofits last year. That is real impact in the community, and grateful for the example your team sets. Congrats to all of you."
https://www.linkedin.com/in/eric-fish-md-mba-61828637,Eric,"Fish MD, MBA","Eric Fish MD, MBA",President/CEO at Schneck Medical Center,,efish@schneckmed.org,President,"Seymour, Indiana, United States",Schneck Medical Center,https://www.linkedin.com/company/schneck-medical-center,,,,,,,,"Eric, just saw Schneck earned its fifth Magnet designation along with the Forbes 5-star rating. Five in a row is really hard to do. Congrats to you and your nursing teams, thanks for setting that bar."
https://www.linkedin.com/in/terence-pierce-4b1234216,Terence,Pierce,Terence Pierce,Director of IT and Project Management at Highlands Oncology Group (PMP),,tpierce@hogonc.com,Director of IT and Project Management,"Bentonville, Arkansas, United States",Highlands Oncology Group,https://www.linkedin.com/company/highlands-oncology-ctr,,,,,,,,Just saw Jeff Hunnicutt on the Practice at the Speed of Innovation podcast. Great to see HOG and AI-ready oncology getting that kind of spotlight. Congrats to you and the team.
https://www.linkedin.com/in/srtenney,Stuart,Tenney,Stuart Tenney,Leading with Integrity. Building with Purpose. Delivering Results.,,stenney@fredhutch.org,"Associate Vice President | Interim, Information Technology Business Operations","Seattle, Washington, United States",Fred Hutch,https://www.linkedin.com/company/fredhutch,,Generic,message_and_connect_makenzie,301250,Makenzie Sligar,126956,9/28/2026 8:57:24 PM,"Just saw your post on the SRAI Lifecycle Summit. Letting people build their own learning journey by role is so true to how research admin actually works. Thanks for putting that out there, Stuart."
https://www.linkedin.com/in/micah-sneed-944262147,Micah,Sneed,Micah Sneed,Oncology Social Worker,,micah.sneed@crmcwy.org,Oncology Social Worker,"Cheyenne, Wyoming, United States",Cheyenne Regional Cancer Center,,,,,,,,,"Just saw that Cheyenne Regional Cancer Center offers free wigs to patients. Such a kind thing to have waiting for someone mid treatment. Nice work, Micah."
https://www.linkedin.com/in/gabriela-s-gaeta,Gabriela,Sandoval Gaeta,Gabriela Sandoval Gaeta,"Director, Administration & Operations | Strategy, Finance & Executive Leadership | Veteran & Family Mental Health | Driving Access and Impact at Scale",,gabriela_s@rush.edu,"Program Director, Administration and Operations",Greater Chicago Area,Road Home Program,https://www.linkedin.com/company/road-home-program,,,,,,,,"Just saw the story on Joseph Zolper and the mental health work at Road Home Program. Really moving to see that kind of impact get the spotlight. Thanks for all you do there, Gabriela."
https://www.linkedin.com/in/kim-henderson-28266317,Kim,Henderson,Kim Henderson,EVP and Chief Administrative Officer,,,Executive Vice President and Chief Administrative Officer,"Charlotte, North Carolina, United States",Novant Health,https://www.linkedin.com/company/novanthealth,,,,,,,,"Just saw your post on the Veterans Wall unveiling at Presbyterian. Twenty-five years on, marking service that way means a lot. Thank you for helping bring it to life, Kim."
https://www.linkedin.com/in/allison-mccabe-lcsw-193a38134,Allison,"McCabe, LCSW","Allison McCabe, LCSW",Licensed Clinical Social Worker,,allison.mccabe@pasadenavilla.com,Clinical Director,"Birmingham, Alabama, United States",Pasadena Villa Outpatient,https://www.linkedin.com/company/pasadena-villa-outpatient-treatment-center,,,,,,,,"Just saw Pasadena Villa Outpatient earned Joint Commission accreditation. Big milestone, and it says a lot about the standards your clinical team holds. Congrats, Allison."
https://www.linkedin.com/in/joseph-pilla-ma-123182133,Joseph,"Pilla, MA","Joseph Pilla, MA",Director of Outreach Services,,jpilla@fedoforg.org,Director of Outreach Services,"East Meadow, New York, United States",RiseWell Community Services,https://www.linkedin.com/company/risewellcommunityservices,,,,,,,,"Just saw RiseWell made the Bronx Power List. Great recognition for the org, and for the outreach work behind it. Congrats, Joseph."
https://www.linkedin.com/in/michelle-forbes-md,Michelle,MD,Michelle MD,"Physician Executive | Aligning Health Systems & Physicians | Value-Based Total Cost Strategy, Quality & Patient Access",,mforbes@catalysthealthgroup.net,Senior Medical Director of Value-Based Care,United States,Southwestern Health Resources,https://www.linkedin.com/company/swhr,,,,,,,,"Michelle, just noticed you're now leading Value Based Care Operations at Catalyst. Congrats! Aligning payers and providers around primary care is hard work, and North Texas is lucky to have you on it."
https://www.linkedin.com/in/jim-wescott-ms-rn-65129a125,Jim,"Wescott  MS, RN ","Jim Wescott  MS, RN ","As a COO with over 25 years of experience in the healthcare industry, I have developed a strong background in operational excellence, nursing administration, and executive leadership.  My career has taken me to various roles in different healthcare settings, where I have honed my skills in patient safety, healthcare management, and team building. As a leader, I emphasize fiscal responsibility- balancing budgets, optimizing expenditures, and delivering value without compromising quality. I am passionate about improving healthcare outcomes and enhancing the patient, customer, and employee experience through innovative solutions and best practices.",,jim.wescott@mind24-7.com,Chief Executive Officer,"Scottsdale, Arizona, United States",MIND 24-7,https://www.linkedin.com/company/mind24-7,,,,,,,,"Jim, just saw your post on the Netsmart partnership. Giving your clinicians more connected tools while keeping 24/7 walk-in access fast is no small thing. Congrats, and thanks for pushing access forward."
https://www.linkedin.com/in/thomas-harris-9b082511b,Thomas,Harris,Thomas Harris,"Vice President of Operations - South & West at Greenbrook Mental Wellness Centers, a Division of Neuronetics Inc.",,tharris@greenbrooktms.com,Vice President Operations,"West Palm Beach, Florida, United States",Greenbrook,https://www.linkedin.com/company/greenbrook-mental-wellness-centers,,,,,,,,"Thomas, just saw Greenbrook opened the new Center of Excellence in Rockville. Standing up a new site takes real operational muscle, so congrats to you and the team. Great step for access to TMS care."
https://www.linkedin.com/in/scott-lyons-pa-c-mba-a27aab112,Scott,"Lyons, PA-C, MBA","Scott Lyons, PA-C, MBA",Physician Assistant Orthopedics and Pain Management,,pa.lyons@downstate.edu,"Physician Assistant, Orthopedics, Reconstructive Surgery/ Trauma/ Oncology","Queens, New York, United States",Downstate Health Sciences University,https://www.linkedin.com/school/suny-downstate-health-sciences-university,,,,,,,,"Scott, just saw the Downstate study on amputation risk disparities. Really important work, and pretty close to what you see day to day in ortho and trauma. Glad that research is coming out of Brooklyn."
https://www.linkedin.com/in/christie-ristori-lcsw-29434ba9,Christie,"Ristori, LCSW","Christie Ristori, LCSW",Director of Clinical Services at RiseWell Community Services,,christie.ristori@stonybrook.edu,Director of Clinical Services,"Patchogue, New York, United States",RiseWell Community Services,https://www.linkedin.com/company/risewellcommunityservices,,,,,,,,"Just saw RiseWell made the Bronx Power List. Well deserved given the mobile teams your clinicians are running out in the community. Congrats, Christie!"
https://www.linkedin.com/in/chris-chantler,Chris,"Chantler, DNP, RN, NE-BC, CPHQ","Chris Chantler, DNP, RN, NE-BC, CPHQ","Nurse Leader | Strategic Thinker | Quality & Performance Improvement | DNP (Yale) | NE-BC, CPHQ",,ne.chantler@nychhc.org,Director of Nursing Quality,"New York, NY",Harlem Hospital Center,,,,,,,,,"Just saw the piece on Dr. Harold Freeman's legacy at Harlem Hospital. What he built for cancer care equity still shapes the work happening there. Grateful for what your teams keep carrying forward, Chris."
https://www.linkedin.com/in/levar-nero-5aa1409b,LeVar,Nero,LeVar Nero,Director of Business Development at New Horizon Counseling Center,,,Director of Business Development,New York City Metropolitan Area,New Horizon Counseling Center,https://www.linkedin.com/company/new-horizon-counseling-center-health-home,,Generic,Makenzie Quick Message,472583,Makenzie Sligar,126956,9/29/2026 8:43:04 PM,"Just saw New Horizon landed the only Clubhouse program in Suffolk County. That is a big win for the folks you serve out there. Congrats, LeVar!"
https://www.linkedin.com/in/kevin-cornelius-6991751,Kevin,Cornelius,Kevin Cornelius,"Helping Teens & Adults Achieve Rapid, Lasting Relief from Anxiety, Depression & Relationship Challenges Clinical Director, Feeling Good Institute | Master TEAM-CBT Therapist & Trainer | Co-Host, The Feeling Good Podcast",,kevin@feelinggoodinstitute.com,Clinical Director of Silicon Valley,San Francisco Bay Area,Feeling Good Institute,,,,,,,,,"Just saw your post about the live session with David Burns and Jill Levitt. Watching TEAM-CBT unfold in real time is such a gift for therapists. Thanks for passing that along, Kevin."
https://www.linkedin.com/in/angie-crawford-rn-mba-59094392,Angie,MBA,Angie MBA,Healthcare Executive,,,Chief Operating Officer,"Houston, Texas, United States",Nexus Health Systems,https://www.linkedin.com/company/nexus-health-systems,,,,,,,,Just saw that Nexus Children's Hospital in Dallas raised $9.67 million through the DST. That is a serious vote of confidence in your team. Congrats to you and everyone there.
https://www.linkedin.com/in/tammy-chambers-199831a,Tammy,Chambers,Tammy Chambers,Director of Healthcare Strategy and Advocacy,,tchambers@txcc.com,Director of Healthcare Strategy and Advocacy,"Fort Worth, Texas, United States",The Center for Cancer and Blood Disorders,,,Interested,message_and_connect_makenzie,301250,Makenzie Sligar,126956,7/30/2026 2:21:39 AM,"Just saw the AJMC piece featuring Dr. Ray Page on diversity in clinical trials. So glad that conversation is finally getting traction, and great to see your team out front on it. Thanks for the work you all are doing there."
https://www.linkedin.com/in/tim-becker-mba-9693619,Tim,"Becker, MBA","Tim Becker, MBA",Chief Operating Officer at Hope Network,,tbecker@hopenetwork.org,Chief Operating Officer,Grand Rapids Metropolitan Area,Hope Network,https://www.linkedin.com/company/hopenetworkmi,,,,,,,,Just saw that Hope Network acquired Developmental Enhancement to expand autism services. That is a big step forward for the families you serve. Congrats to you and the team.
https://www.linkedin.com/in/jjamesdrake,James,Drake,James Drake,"Healthcare Growth Executive | $15M+ Revenue Growth | Strategic Partnerships, AI Innovation & Payer Strategy | Behavioral Health • Health Tech",,jamesdrake@brooklinecenter.org,Chief of Strategic Partnerships | Innovation,Las Vegas Metropolitan Area,The Brookline Center for Community Mental Health,https://www.linkedin.com/company/the-brookline-center,,Interested,bob_connect,326026,Bob Young,115030,4/28/2026 7:17:33 PM,"James, just saw your shadow AI post. The 'make the compliant path the easiest path' line is so true, and access friction being the real driver is what most folks miss. Thanks for writing it."
https://www.linkedin.com/in/karolina-coffin-1601445a,Karolina,Coffin,Karolina Coffin,"Program Manager, Oncology at Northwestern Medicine | North and Northwest Regions",,karolina.coffin@nm.org,"Program Manager, Oncology",Greater Chicago Area,Northwestern Medicine Lake Forest Hospital,https://www.linkedin.com/company/northwestern-medicine-lake-forest-hospital,,,,,,,,"Hi Karolina, thanks again for connecting. Just saw Lake Forest Hospital ranked among the nation's best. You leading oncology across five sites is a big part of that. Congrats to you and the team."
https://www.linkedin.com/in/chad-crane-81167758,Chad,Crane,Chad Crane,"Director of Operations II Cancer Center Director: Radiation Oncology, Medical Oncology, Infusion, Pharmacology | Radiologist Services | Rehabilitation Services: Physical Therapy, Occupational Therapy, Speech Therapy",,ccrane@springfieldclinic.com,Cancer Center Director,"Springfield, Illinois, United States",Springfield Clinic,https://www.linkedin.com/company/springfield-clinic,,Generic,message_and_connect_makenzie,301250,Makenzie Sligar,126956,7/14/2026 7:42:52 AM,"Chad, just saw your ACS Day at the Ballpark post. Sharing that with your son, plus 4,500 tickets sold, is awesome. Congrats on being a top seller, and what a comeback by the Cards."
https://www.linkedin.com/in/libellscsw,Lori,"Libel , LSCSW, LCAC, CMQ/OE","Lori Libel , LSCSW, LCAC, CMQ/OE",Deputy Chief of Quality Officer @ Crawford County Mental Health Center | Ensuring Compliance and Quality Improvement,,llibel@cmhccc.org,Deputy Chief of Quality Officer,Topeka Metropolitan Area,Crawford County Mental Health Center,https://www.linkedin.com/company/crawford-county-mental-health,,,,,,,,"Hi Lori, thanks again for connecting. Just saw the news about the new Crisis Intervention Center in Girard. Having that kind of access close to home is huge for the community. Congrats to the team."
https://www.linkedin.com/in/michael-s-butchko-ph-d-lp-b73a3150,Michael S.,"Butchko, Ph.D., LP","Michael S. Butchko, Ph.D., LP",Executive Director at The Emily Program,,michael.butchko@emilyprogram.com,Executive Director,"St Paul, Minnesota, United States",The Emily Program,https://www.linkedin.com/company/the-emily-program,,,,,,,,"Just saw The Emily Program's discussion on weight stigma and eating disorders, Michael. So glad your team is shining a light on that one. Thank you for the work you all are doing."
https://www.linkedin.com/in/christinlockebrown,Christin,"Brown, MBOE, LSSBB, LSW, RN","Christin Brown, MBOE, LSSBB, LSW, RN",Healthcare Advocate | Healthcare Lobbyist | christabelle06@att.net,,christin.brown@aoncology.com,Physician Liaison,"Columbus, Ohio, United States",American Oncology Network,https://www.linkedin.com/company/american-oncology-network,,Generic,message_and_connect_makenzie,301250,Makenzie Sligar,126956,10/1/2026 1:20:43 PM,"Just saw your post about Night of Chocolate, Christin. Love that the proceeds go to the Cancer Support Community. That kind of partnership says a lot about how you all show up for patients."
https://www.linkedin.com/in/anillalmbbs,Anil,Lal,Anil Lal,"Executive Director- Radiation Oncology at University of Chicago Medicine | Business Development, Strategy, Finance, Practice Management, Department Administration | MBBS, MHA, MBA",,anil.lal@uchicagomedicine.org,"Executive Director, Radiation and Cellular Oncology ( Strategy, Business Development and Operations)",Greater Chicago Area,University of Chicago Medicine,https://www.linkedin.com/company/university-of-chicago-medicine,,,,,,,,"Just saw your post on Dr. Weichselbaum's TET2 findings. Fascinating that inhibiting it could restore CD8+ T cell immunity and improve radiotherapy response. Thanks for putting that in front of us, Anil."
https://www.linkedin.com/in/gina-davis-b4a0693a7,Gina,Davis,Gina Davis,"Lead Social Worker | Board-Certified Clinical Supervisor | MSW, LICSW | Oncology & Ambulatory Care",,gina.davis@hcmed.org,Lead Social Worker | Board-Certified Clinical Supervisor | MSW-LICSW | Oncology & Ambulatory Care,"Minneapolis, Minnesota, United States",Hennepin Healthcare,https://www.linkedin.com/company/hennepin-healthcare,,,,,,,,"Just saw the story about Hennepin's hospital-based legal aid helping a grandmother gain custody. Such a powerful example of care going beyond medicine. Thank you for the work you and your team do, Gina."
https://www.linkedin.com/in/itzia-cruz-4b4662389,Itzia,Cruz,Itzia Cruz,Director of Clinical Services at Horizon Treatment Services,,itzia.cruz@hsimail.org,Director of Clinical Services,"Salida, California, United States",Horizon Treatment Services,https://www.linkedin.com/company/horizon-treatment-services,,,,,,,,"Just saw Horizon is moving ahead with the 69-bed recovery center in Burlingame. That is a big step for treatment access in the county. Congrats to you and the team, Itzia."
https://www.linkedin.com/in/laura-muñoz-0aaa71368,Laura,Muñoz,Laura Muñoz,Clinical Research Team Manager at UW Carbone Cancer Center,,laura.munoz@carbonesrace.org,Clinical Research Team Manager,"Madison, Wisconsin, United States",UW Carbone Cancer Center,https://www.linkedin.com/company/uw-carbone-cancer-center,,,,,,,,"Just saw UW Carbone earned certification for CAR T-cell therapy for lymphoma. That is a big deal for patients across Wisconsin. Congrats to you and the team, Laura."
https://www.linkedin.com/in/farahmokhtarei,Farah,Mokhtareizadeh,Farah Mokhtareizadeh,Director of Capacity Building at RaisingHealth Partners,,farah.mokhtareizadeh@lifespringhealthsystems.org,Director of Capacity Building,"Brooklyn, New York, United States",RaisingHealth Partners,https://www.linkedin.com/company/raisinghealth,,Not interested,message_and_connect_makenzie,301250,Makenzie Sligar,126956,9/30/2026 12:32:32 AM,"Just saw your post about Hazem's visa refusal. That line about the war not breaking his spirit is heartbreaking. Thank you for advocating for him, really hoping it gets reconsidered."
https://www.linkedin.com/in/husseinsamji,Hussein,Samji,Hussein Samji,"Director at BASS medical group, Partner at Camino ENT Clinic, Surgical Oncologist, Laryngologist and Head & Neck Surgeon",,hussein.samji@bassmedicalgroup.com,Member Board of Directors,San Francisco Bay Area,BASS Medical Group,https://www.linkedin.com/company/bass-medical-group,,,,,,,,Just saw BASS honored Dr. Tarannum Guller for Women in Medicine Month. Really nice to see your team celebrate her like that. Hope things are going well on your end!
https://www.linkedin.com/in/kacie-chase-7600ab3b,Kacie,Chase,Kacie Chase,Performance Improvement and Risk Management,,,Sr. Vice President of Performance Improvement & Risk Management,"Jeffersonville, Indiana, United States",LifeSpring Health Systems,https://www.linkedin.com/company/lifespringinc,,,,,,,,Just saw the piece on LifeSpring's CCBHC model cutting hospitalizations and incarcerations. Huge win for the field and right in line with the crisis work you have been driving. Congrats!
https://www.linkedin.com/in/henriette-uwimpuhwe,Henriette,Ph.D.,Henriette Ph.D.,Research Scientist | MPH Candidate – Public Health Practice & Administration | Medical Affairs | Oncology | CDC Laboratory Leadership Service (LLS) Program Interested,,balinda@uthscsa.edu,Senior Research Scientist,"San Antonio, Texas, United States",Mays Cancer Center at UT Health San Antonio,https://www.linkedin.com/company/mays-cancer-center,,,,,,,,Just saw your post ahead of Dr. Bankas' sickle cell talk. The point on early diagnosis and access to care is so important given the burden across Africa. Thanks for getting that out there.
https://www.linkedin.com/in/jacob-ruff-7333b92b6,Jacob,Ruff,Jacob Ruff,Clinic Director | Ambulatory Operations & Business Operations Leadership,,jruff@optionsmedicalweightloss.com,Clinic Director,"Galloway, Ohio, United States",Options Medical Weight Loss,https://www.linkedin.com/company/optionsmedicalweightloss,,Generic,Makenzie Quick Message,472583,Makenzie Sligar,126956,9/29/2026 1:41:56 PM,"Just saw your post on the ATS plain-text test. Such a simple fix, and generous of you to share it while you are in the thick of your own search. Hoping the right role lands soon."
https://www.linkedin.com/in/w-clay-jackson-9385b134,W. Clay,Jackson,W. Clay Jackson,"Director, Palliative Care, West Cancer Center",,,Vice Chairman,Memphis Metropolitan Area,Tennessee Opioid Abatement Council,,,,,,,,,Just saw your post about Dr. Sareen joining West. Love the line about cancer losing one patient at a time. Great to see that kind of momentum in the MidSouth.
https://www.linkedin.com/in/abby-irvine-4015b43,Abby,Irvine,Abby Irvine,"Executive Director, Cancer Services",,abby.irvine@uchospitals.edu,"Executive Director, Cancer Services",Greater Chicago Area,The University of Chicago Medicine,,,,,,,,,"Just saw UChicago Medicine wrapped construction on the new Cancer Pavilion. What a milestone for your cancer patients, and for your team. Congrats Abby, you all have earned this one."
https://www.linkedin.com/in/lauren-perryman-lcsw-cadac-v-6017b0264,Lauren,"Perryman, LCSW, CADAC-V","Lauren Perryman, LCSW, CADAC-V",Operational Leader | Community Mental Health Executive | Turning Complex Challenges into Scalable Solutions,,,Senior Vice President - Central Division,"Jeffersonville, Indiana, United States",LifeSpring Health Systems,https://www.linkedin.com/company/lifespringinc,,Generic,makenzie_connect,326021,Makenzie Sligar,126956,9/28/2026 11:48:01 PM,"Just saw LifeSpring landed $1.65 million in grant funding. That is big, and it is going to reach a lot of people who need it. Congrats to you and the team!"
https://www.linkedin.com/in/mark-masselli,Mark,Masselli,Mark Masselli,"Founder, President, and CEO at Community Health Center",,mark@chc1.com,"Founder, President, and CEO","Middletown, Connecticut, United States",Community Health Center,https://www.linkedin.com/company/community-health-center,,Generic,Makenzie Quick Message,472583,Makenzie Sligar,126956,10/1/2026 3:05:39 PM,"Just saw your 17th anniversary episode with Bohrer and Hunt. That stat, 1 in 3 rural Americans relying on community health centers, says everything. 17 years of these conversations, congrats Mark."
https://www.linkedin.com/in/stacey-bailey-20199229,Stacey,Bailey,Stacey Bailey,"MBA, MSHRM,SHRM-CP,CMPE",,sbailey@flaglerfamilymed.com,Ambulatory Service Manager-Primary Care,"St Augustine, Florida, United States",UF Health St. Johns,https://www.linkedin.com/company/ufhealthstjohns,,,,,,,,"Just saw that UF Health St. Johns is partnering with JU's new medical school. That's a big deal for clinical training in the area, and fun to see your primary care teams part of it."
https://www.linkedin.com/in/ryan-langan-lmhc-ma-at-14547b31,Ryan,"Langan, LMHC, MA, AT","Ryan Langan, LMHC, MA, AT",Clinical Director | Licensed Mental Health Clinician | Trauma-Informed Outpatient Leader | Advocate for Excellence in Community Mental Health | Nationally Certified in TF-CBT,,ryan.langan@transformationsnetwork.com,Clinical Director,"Plymouth, Massachusetts, United States",Northeast Health Services,https://www.linkedin.com/company/northeasthealthservices,,,,,,,,"Just saw your post about building the Plymouth team, Ryan. The part about believing in newer clinicians while they find their way really resonated.  Thought you likely would be interested in this webinar on October 29th. We have several pretty exciting upcoming research efforts. This one studies how patients cope with treatment.  Please let me know if you want to meet 1:1 to discuss the other research efforts we are involved in. We would be really excited to work with your Plymouth team in this important work. I appreciate your time. Thanks  https://www.linkedin.com/events/7514009104252674048/ "
https://www.linkedin.com/in/joanna-pucilowska-18b04631,Joanna,Pucilowska,Joanna Pucilowska,Senior Director Knight Diagnostic Labs | Director of Immune Monitoring and Cancer Omics | Clinical Research at OHSU Knight Cancer Institute,,,"Senior Director of Business Development, Stratedy and Operations @ Knight Diagnostic Laboratories","Portland, Oregon, United States",OHSU Knight Cancer Institute,https://www.linkedin.com/company/ohsu-knight-cancer-institute,,,,,,,,Just saw your post about cutting that 25-marker project from six weeks to under two with COMET. Getting spatial data back in days to inform patient care is fascinating.  Thought you likely would be interested in this webinar on October 29th. We have several pretty exciting upcoming oncology research efforts. This one studies how patients cope with cancer treatment.  Please let me know if you want to meet 1:1 to discuss the other research efforts we are involved in. We would be really excited to work with Knight Diagnostic Labs in this important work. I appreciate your time. Thanks  https://www.linkedin.com/events/7514009104252674048/
https://www.linkedin.com/in/drvinayakv,Vinayak,Venkataraman MD,Vinayak Venkataraman MD,Sarcoma Expert | Young Adult Cancer Care Leader | Mass General Brigham Cancer Institute | Harvard Medical School,,,"Physician, Sarcoma Oncology Program","Chestnut Hill, Massachusetts, United States",Mass General Brigham,https://www.linkedin.com/company/mass-general-brigham,,,,,,,,Just saw your post about the Cancer Institute/Eversource 5K. Running alongside patients and their families as a reminder of why this work matters is awesome. I appreciate you sharing Natasha's story.  Thought you likely would be interested in this webinar on October 29th. We have several pretty exciting upcoming oncology research efforts. This one studies how patients cope with cancer treatment. It is especially relevant to your AYA and sarcoma work.  Please let me know if you want to meet 1:1 to discuss the other research efforts we are involved in. We would be really excited to work with the MGB Sarcoma Program in this important work. Thanks  https://www.linkedin.com/events/7514009104252674048/
https://www.linkedin.com/in/raman-krimpuri-5b1122250,Raman,Krimpuri,Raman Krimpuri,Vice President/Medical Director at Portage Path Behavioral Health,,,Vice President/Medical Director,"Cleveland, Ohio, United States",Portage Path Behavioral Health,https://www.linkedin.com/company/portage-path-behavioral-health,,,,,,,,Found that Portage Path is hiring for the CCBHC SAMHSA grant work. That's awesome news for expanding access to care in Akron.   Thought you likely would be interested in this webinar on October 29th. We have several pretty exciting upcoming research efforts. This one studies how patients cope with treatment.  Please let me know if you want to meet 1:1 to discuss the other research efforts we are involved in. We would be really excited to work with Portage Path in this important work. I appreciate your time. Thanks  https://www.linkedin.com/events/7514009104252674048/
https://www.linkedin.com/in/david-stewart-73a89526b,"David ","Stewart ","David  Stewart ","David B. Stewart, MD, MHA, FACS, FASCRS is a Professor of Surgery and the Chief of Surgery at City of Hope - Chicago. He completed his general surgery residency training at Santa Barbara Cottage Hospital followed by a colorectal surgery fellowship at Washington University/Barnes Jewish Hospital. Dr. Stewart’s research focuses on C. difficile infection, with prior and current funding from the ASCRS, Merck, and the NIH/NIAID. In addition, Dr. Stewart is an ad hoc reviewer for the NIH and the NSF and has served on the editorial boards of Diseases of the Colon and Rectum, Journal of Gastrointestinal Surgery, Annals of Surgery, Surgery, and JAMA Surgery. He is the former co-editor-in-chief of Surgery Open Science. Dr. Stewart is a site reviewer for the National Accreditation Program for Rectal Cancer, he is a member of the Board of Governors for the American College of Surgeons, and he is a member-at-large for the ASCRS executive council. His clinical focus is colorectal cancer, with a particular interest in rectal cancer.",,,Chief of Surgery,Greater Chicago Area,City of Hope,https://www.linkedin.com/company/city-of-hope,,,,,,,,"Dr. Stewart, just saw your post about Dr. Li's piece on TIL therapy. It's fascinating to see it move from an experimental concept to an FDA-approved option in advanced melanoma. I appreciate you sharing where the research may go next.  Thought you'd be interested in this webinar on October 29th. We have several exciting upcoming oncology research efforts.  Let me know if you'd want to meet 1:1 to discuss the other research efforts we're involved in. We'd be really excited to work with City of Hope Chicago in this important work. Thanks  https://www.linkedin.com/events/7514009104252674048/"
https://www.linkedin.com/in/angela-merriss-90670224a,Angela,Merriss,Angela Merriss,Hematology and Oncology Clinical Trials Manager at Iowa Health Care,,,Oncology Clinical Trials Manager,"Iowa City, Iowa, United States",University of Iowa Health Care,,,,,,,,,"Angela, just saw your post about kindness as a leadership superpower. The idea that compassion takes more courage than intimidation is so true. I appreciate you sharing what you're reading.  Thought you'd be interested in this webinar on October 29th. We have several exciting upcoming oncology research efforts.  Let me know if you'd want to meet 1:1 to discuss the other research efforts we're involved in. We'd be really excited to work with the Holden team in this important work. Thanks  https://www.linkedin.com/events/7514009104252674048/"
https://www.linkedin.com/in/ACoAAAGU8H4BbtgiY-DWKIRkOurOULn8dRUDnmw,Yolanda,Lopez,Yolanda Lopez,Houston Methodist Sugar Land Hospital,,ylopez@houstonmethodist.org,"Program Manager, Cancer Survivorship",Greater Houston,Houston Methodist Sugarland Hospital,,,Interested,message_and_connect_makenzie,301250,Makenzie Sligar,126956,7/18/2026 2:10:22 AM,"Yolanda, I appreciate your earlier interest in the patient feedback collaborative. Calendars just got in the way of us finding a time.  Thought you likely would be interested in this webinar on October 29th. We have several pretty exciting upcoming oncology research efforts. This one studies how patients cope with cancer treatment. It's closely tied to your survivorship work.  Please let me know if you want to meet 1:1 to discuss the other research efforts we are involved in. We would be really excited to work with Houston Methodist Sugar Land in this important work. Thanks  https://www.linkedin.com/events/7514009104252674048/"
https://www.linkedin.com/in/jacob-keller-901618b2,Jacob,Keller,Jacob Keller,"Director, Oncology Operations | Director, Cell & Gene Therapy",,,Director of Oncology Operations | Director of Cell & Gene Therapy,"Durham, North Carolina, United States",Duke University Hospital,,,Interested,makenzie_connect,326021,Makenzie Sligar,126956,9/15/2026 12:17:37 PM,"Jacob, I appreciate you pointing us to your email so we could loop in your admin. We've reached out there to find a time.  In the meantime, Duke's $650 million Cancer Center expansion is a fascinating step for cancer care in the Triangle. Thought you likely would be interested in this webinar on October 29th. We have several pretty exciting upcoming oncology research efforts, including one studying how patients cope with cancer treatment.  Please let me know if you want to meet 1:1 to discuss the other research efforts we are involved in. We would be really excited to work with Duke in this important work. Thanks  https://www.linkedin.com/events/7514009104252674048/"
https://www.linkedin.com/in/avvarma,Anjali,Desai,Anjali Desai,"Medical Director, Oncology Palliative Care Services, Atlantic Health System; Site PI, Atlantic Health Cancer Consortium Community Oncology Research Program, NCORP Cancer Care Delivery Research",,,"Medical Director, Oncology Palliative Care Services","New York, New York, United States",Atlantic Health System,https://www.linkedin.com/company/atlantic-health,,,,,,,,"Just saw that Atlantic Health is bringing PatientGPT into the MyChart portal for personalized health guidance. Fascinating, and I appreciate how patient-facing that step is.  Thought you likely would be interested in this webinar on October 29th. We have several pretty exciting upcoming oncology research efforts. One of them looks at how patients cope with cancer treatment.  Please let me know if you want to meet 1:1 to discuss the other research efforts we are involved in. We would be really excited to work with Atlantic Health in this important work. Thanks  https://www.linkedin.com/events/7514009104252674048/"
https://www.linkedin.com/in/antoniacorrigan,Antonia,Corrigan,Antonia Corrigan,Nurse Practitioner,,,Chief APP Department of Supportive Oncology,"Clover, South Carolina, United States",Levine Cancer Institute,,,,,,,,,"I just saw the Project PINK mobile mammography bus is back at WBTV for its 10th year of free screenings. Awesome to see that kind of staying commitment to access in the Charlotte region.  Thought you likely would be interested in this webinar on October 29th. We have several pretty exciting upcoming oncology research efforts, and given your supportive oncology focus, the patient-coping piece may resonate.  Please let me know if you want to meet 1:1 to discuss the other research efforts we are involved in. We would be really excited to work with Levine in this important work. Thanks  https://www.linkedin.com/events/7514009104252674048/"
https://www.linkedin.com/in/babita-jyoti-3b91ab128,Babita,Jyoti,Babita Jyoti,Radiation Oncologist at Ackerman Cancer Center,,,Radiation Oncologist,"Jacksonville, Florida, United States",Ackerman Cancer Center,,,,,,,,,I just saw Ackerman's post about prostate cancer risk and early detection. Awesome to see that awareness push going out to the community.  Thought you likely would be interested in this webinar on October 29th. We have several pretty exciting upcoming oncology research efforts.  Please let me know if you want to meet 1:1 to discuss the other research efforts we are involved in. We would be really excited to work with Ackerman in this important work. Thanks  https://www.linkedin.com/events/7514009104252674048/
https://www.linkedin.com/in/christian-bowers-565b67bb,Christian,Bowers,Christian Bowers,"Traumatic Brain & Spine Injury Neurosurgeon, Brain Tumor & Skull Base",,,Director of Neurosurgical Oncology,"Flint, Michigan, United States",Hurley Medical Center,,,,,,,,,I found your Neurosurgical Frailty & Outcomes Data Science Lab fascinating. Building outcomes evidence alongside a busy brain tumor and skull base practice is no small thing.  Thought you likely would be interested in this webinar on October 29th. We have several pretty exciting upcoming oncology research efforts.  Please let me know if you want to meet 1:1 to discuss the other research efforts we are involved in. We would be really excited to work with Hurley in this important work. Thanks  https://www.linkedin.com/events/7514009104252674048/
https://www.linkedin.com/in/amy-smith-69bb2641,Amy,Smith,Amy Smith,"Director, Pediatric Neuro-Oncology @ Cleveland Clinic | Clinical Trialist",,,"Director, Pediatric Neuro-Oncology",Greater Cleveland,Cleveland Clinic,,,,,,,,,I just saw your post about Dr. Sharma and the young girl with a telomere biology disorder. A fascinating and moving read. I appreciate you sharing it.  Thought you likely would be interested in this webinar on October 29th. We have several pretty exciting upcoming oncology research efforts.  Please let me know if you want to meet 1:1 to discuss the other research efforts we are involved in. We would be really excited to work with Cleveland Clinic in this important work. Thanks  https://www.linkedin.com/events/7514009104252674048/
https://www.linkedin.com/in/craig-schulz-md-a9a84a6b,Craig,"Schulz, MD","Craig Schulz, MD","Physician- Radiation Oncologist Chair, Ascension Wisconsin Columbia - St. Mary’s Oncology Institute Peer Review Committee Chair of Oncology, Ascension Wisconsin Columbia -St. Mary’s Medical Executive Committee",,,Radiation Oncologist,"Cedarburg, Wisconsin, United States",Ascension- Columbia St. Marys Milwaukee and Ozaukee Hospitals,,,,,,,,,"Craig, I appreciate all you carry as Chair of Oncology at Ascension Wisconsin Columbia St. Mary's. Sure you have seen a lot over the years.  Thought you likely would be interested in this webinar on October 29th. We have several pretty exciting upcoming oncology research efforts, and this one studies how patients cope with cancer treatment.  Please let me know if you want to meet 1:1 to discuss the other research efforts we are involved in. We would be really excited to work with the Columbia St. Mary's oncology team in this important work. Thanks  https://www.linkedin.com/events/7514009104252674048/"
https://www.linkedin.com/in/alexander-itskovich-md-98510a103,Alexander,Itskovich MD,Alexander Itskovich MD,Medical Director - Statesir Cancer Center Hepatopancreaticobiliary Surgeon,,,Medical Director - Statesir Cancer Center,"Freehold, New Jersey, United States",CentraState Healthcare System,https://www.linkedin.com/company/centrastate-healthcare-system,,Generic,makenzie_connect,326021,Makenzie Sligar,126956,9/14/2026 12:55:07 AM,"Alexander, I just saw your post about Montana's thesis defense and the pancreatic cancer screening program. Fascinating work, and I appreciate how you spotlight your team.  Since you mentioned the patient-voice study sounded interesting, thought you likely would be interested in this webinar on October 29th too. We have several pretty exciting upcoming oncology research efforts, and this one studies how patients cope with cancer treatment.  Please let me know if you want to meet 1:1 to discuss the other research efforts we are involved in. We would be really excited to work with Statesir Cancer Center in this important work. Thanks  https://www.linkedin.com/events/7514009104252674048/"
https://www.linkedin.com/in/claire-monticello-634194104,Claire,Monticello,Claire Monticello,Clinical Manager Oncology,,,Clinical Manager Oncology,,Corewell Health,,,,,,,,,"Claire, I appreciate the oncology leadership you have brought at Corewell, from transplant and infusion to nurse navigation.  Thought you likely would be interested in this webinar on October 29th. We have several exciting upcoming oncology research efforts. This one studies how patients cope with cancer treatment.  Please let me know if you want to meet 1:1 to discuss the other research efforts we are involved in. We would be really excited to work with the Corewell oncology team in this important work. Thanks  https://www.linkedin.com/events/7514009104252674048/"
https://www.linkedin.com/in/alex-whitley-md-phd-facro-b6b8626,Alex,FACRO,Alex FACRO,"Physician, Central Alabama Radiation Oncology",,awhitley@carollc.com,Physician,"Montgomery, AL",Central Alabama Radiation Oncology,,,,,,,,,"Alex, I appreciate the precision radiation work your team is doing in Montgomery.  Thought you likely would be interested in this webinar on October 29th. We have several exciting upcoming oncology research efforts. This one studies how patients cope with cancer treatment.  Please let me know if you want to meet 1:1 to discuss the other research efforts we are involved in. We would be really excited to work with Central Alabama Radiation Oncology in this important work. Thanks  https://www.linkedin.com/events/7514009104252674048/"
https://www.linkedin.com/in/chris-bissell-a14b327,Chris,Bissell,Chris Bissell,"Regional Administrative Director, Oncology Service Line at Henry Ford Cancer Institute",,,Administrative Director for Oncology and General Medical Serices,"Troy, Michigan, United States",Henry Ford Health System,https://www.linkedin.com/company/henry-ford-health,,,,,,,,"Chris, I found it fascinating how the new My Henry Ford platform is streamlining the patient experience. That matters a lot for cancer patients specifically.  I thought you'd be interested in this webinar on October 29th. We have several exciting upcoming oncology research efforts. This one studies how patients cope with cancer treatment.  Let me know if you want to meet 1:1 to discuss our other research efforts. We'd be excited to work with the Henry Ford Cancer Institute on this important work. Thanks  https://www.linkedin.com/events/7514009104252674048/"
https://www.linkedin.com/in/cataldo-doria-md-phd-mba-facs-709923,Cataldo,FACS,Cataldo FACS,"Chairman Department of Surgery, Jefferson - Abington; Chief Cancer Services, Asplundh Cancer Pavilion at Jefferson Health",,,"Chairman Department of Surgery Jefferson - Abington; Chief, Cancer Services Asplundh Cancer Pavilion","Pennington, New Jersey, United States",Jefferson Health,https://www.linkedin.com/school/jefferson-health,,,,,,,,Just saw your post about Liver Cancer Awareness Month and your patient's experience with histotripsy. Fascinating to see that come to life clinically.  Thought you likely would be interested in this webinar on October 29th. We have several pretty exciting upcoming oncology research efforts. This one studies how patients cope with cancer treatment.  Please let me know if you want to meet 1:1 to discuss the other research efforts we are involved in. We would be really excited to work with the Capital Health Cancer Center team in this important work. Thanks  https://www.linkedin.com/events/7514009104252674048/
https://www.linkedin.com/in/elizarbacon,Eliza,"Barragan, PhD ","Eliza Barragan, PhD ",Research Director at City of Hope,,,Director Research Implementation,"Los Angeles, California, United States",City of Hope,,,,,,,,,"Eliza, the strategic specimen collection and tissue/data biorepository work you lead at City of Hope is fascinating. I appreciate how much it enables for everyone downstream in cancer research.  Thought you likely would be interested in this webinar on October 29th. We have several pretty exciting upcoming oncology research efforts. This one studies how patients cope with cancer treatment.  Please let me know if you want to meet 1:1 to discuss the other research efforts we are involved in. We would be really excited to work with City of Hope in this important work. Thanks  https://www.linkedin.com/events/7514009104252674048/"
https://www.linkedin.com/in/jeffrey-beck-cpht-7020335,Jeffrey,CPhT,Jeffrey CPhT,Clinical Office Manager,,jeffrey.beck@hawaiicancercare.com,Clinical Office Manager,"Honolulu, Hawaii, United States",HAWAII CANCER CARE INC American Oncology Partners,,,,,,,,,"Jeffrey. With 10+ years in oncology practice administration, I'm sure you have seen a lot over the years on the operations and billing side of cancer care.  Thought you likely would be interested in this webinar on October 29th. We have several pretty exciting upcoming oncology research efforts. This one studies how patients cope with cancer treatment.  Please let me know if you want to meet 1:1 to discuss the other research efforts we are involved in. We would be really excited to work with Hawaii Cancer Care in this important work. Thanks  https://www.linkedin.com/events/7514009104252674048/"
https://www.linkedin.com/in/donna-piano-b4580430,Donna,Piano,Donna Piano,Director of Payer and RCM Analytics,,dpiano@flcancer.com,"Director, Healthcare Payer & Revenue Cycle",North Port-Sarasota Area,Florida Cancer Specialists & Research Institute,https://www.linkedin.com/company/florida-cancer-specialists,,Interested,message_and_connect_makenzie,301250,Makenzie Sligar,126956,6/30/2026 7:51:47 PM,"Donna, I appreciate your interest when we last connected. I don't want this to fall through the cracks.  Thought you likely would be interested in this webinar on October 29th. We have several pretty exciting upcoming oncology research efforts.  Please let me know if you want to meet 1:1 to discuss the other research efforts we are involved in. We would be really excited to work with Florida Cancer Specialists in this important work. Thanks  https://www.linkedin.com/events/7514009104252674048/"
https://www.linkedin.com/in/miguel-gonzalez-velez-249968a4,Miguel,Velez,Miguel Velez,Thoracic Oncologist. Drug Discovery/Phase I Research at Hackensack University Medical Center & John Theurer Cancer Center,,vm@hmhn.org,Medical Oncologist,"Hackensack, New Jersey, United States",John Theurer Cancer Center at Hackensack University Medical Center,,,Interested,makenzie_message,326039,Makenzie Sligar,126956,5/1/2026 8:58:54 PM,I am sorry I did not answer your question before. My mistake!   We run a biopharma-funded oncology collaborative focused on listening to patients. We use their reported outcomes to improve care today and inform better therapies going forward. Your post about condensing a patient presentation into a one-liner is exactly the kind of clarity we're after.  Thought you'd be interested in this webinar on October 29th. We have several exciting oncology research efforts coming up. This one studies how patients cope with cancer treatment.  Let me know if you'd like to meet 1:1 to discuss our other research efforts. We'd be excited to work with John Theurer on this important work. Thanks  https://www.linkedin.com/events/7514009104252674048/
https://www.linkedin.com/in/sandeep-bhave-md-ms-dabr-45080520,Sandeep,"Bhave, MD, MS, DABR","Sandeep Bhave, MD, MS, DABR",President @ Cancer Care Group | Radiation Oncology,,,President,Greater Indianapolis,Cancer Care Group,https://www.linkedin.com/company/cancer-care-group,,,,,,,,"Dr. Bhave, I appreciate you connecting. Leading a physician-owned radiation oncology group through this much market change is fascinating to follow.  Thought you'd be interested in this webinar on October 29th. We have several exciting oncology research efforts coming up. This one studies how patients cope with cancer treatment.  Let me know if you'd like to meet 1:1 to discuss our other research efforts. We'd be excited to work with Cancer Care Group on this important work. Thanks  https://www.linkedin.com/events/7514009104252674048/"
https://www.linkedin.com/in/anna-herrera-128077b7,Anna,Herrera,Anna Herrera,"VP, Oncology Operations",,aherrera@cancersf.com,"Vice President, Oncology Operations","Tampa, Florida, United States",Cancer Center of South Florida,https://www.linkedin.com/company/cancer-center-of-south-florida,,,,,,,,"Hi Anna. Just saw your post about the new Tampa General, Mass General Brigham Cancer Care center. Awesome news for patients in the region.  Thought you likely would be interested in this webinar on October 29th. We have several pretty exciting upcoming oncology research efforts. This one studies how patients cope with cancer treatment.  Please let me know if you want to meet 1:1 to discuss the other research efforts we are involved in. We would be really excited to work with Cancer Center of South Florida in this important work. Thanks  https://www.linkedin.com/events/7514009104252674048/"
https://www.linkedin.com/in/farrahngastondo,Farrah N.,"Gaston, DO, MA, FAAP","Farrah N. Gaston, DO, MA, FAAP",Hematology/Oncology Fellow,,,Hematology/Oncology Fellow Physician,"Little Rock, Arkansas, United States",UAMS - University of Arkansas for Medical Sciences,https://www.linkedin.com/school/uams,,,,,,,,"Farrah, I appreciate you connecting. A Med/Peds background heading into heme/onc fellowship is a fascinating path. It's one that clearly keeps the patient front and center.  Thought you likely would be interested in this webinar on October 29th. We have several pretty exciting upcoming oncology research efforts. This one studies how patients cope with cancer treatment.  Please let me know if you want to meet 1:1 to discuss the other research efforts we are involved in. We would be really excited to work with UAMS in this important work. Thanks  https://www.linkedin.com/events/7514009104252674048/"
https://www.linkedin.com/in/farshid-sadeghi-29812815,Farshid,Sadeghi,Farshid Sadeghi,"Urologic Oncologist, Chief of Surgery",,,Chief of Surgery,"Goodyear, Arizona, United States",City of Hope Phoenix,,,Generic,makenzie_connect,326021,Makenzie Sligar,126956,7/27/2026 5:22:58 AM,"Dr. Sadeghi, I appreciated your note back earlier. Glad the patient outcomes collaborative caught your interest.  Thought you likely would be interested in this webinar on October 29th. We have several pretty exciting upcoming oncology research efforts.  Please let me know if you want to meet 1:1 to discuss the other research efforts we are involved in. We would be really excited to work with City of Hope Phoenix in this important work. Thanks  https://www.linkedin.com/events/7514009104252674048/"
https://www.linkedin.com/in/chad-jacobsen-21376b104,Chad,Jacobsen,Chad Jacobsen,Director Pediatric Neuro-Oncology and Pediatric Developmental Therapeutics Programs at Carolinas HealthCare System,,,Director Pediatric Neuro-Oncology; Director Pediatric Developmental Therapeutics Program,"Charlotte, North Carolina, United States",Carolinas HealthCare System,,,,,,,,,"Chad, leading both pediatric neuro-oncology and the developmental therapeutics program at Carolinas is fascinating work. I appreciate the patients and families you serve through it.  Thought you likely would be interested in this webinar on October 29th. We have several pretty exciting upcoming oncology research efforts.  Please let me know if you want to meet 1:1 to discuss the other research efforts we are involved in. We would be really excited to work with your pediatric oncology team at Carolinas in this important work. Thanks  https://www.linkedin.com/events/7514009104252674048/"
https://www.linkedin.com/in/chakra-chaulagain-a17a61172,Chakra,Chaulagain,Chakra Chaulagain,--,,,Director of Cancer Research,Miami-Fort Lauderdale Area,Cleveland Clinic Florida,https://www.linkedin.com/company/cleveland-clinic-florida,,,,,,,,"Dr. Chaulagain, I appreciated your MajesTEC-9 post. Daratumumab-refractory myeloma is such a tough population. Your myeloma and amyloid work there is fascinating.  Thought you likely would be interested in this webinar on October 29th. We have several pretty exciting upcoming oncology research efforts.  Please let me know if you want to meet 1:1 to discuss the other research efforts we are involved in. We would be really excited to work with Cleveland Clinic Florida in this important work. Thanks  https://www.linkedin.com/events/7514009104252674048/"
https://www.linkedin.com/in/david-kwon-a2bb202,David,Kwon,David Kwon,"Director, Surgical Oncology, Physician in Charge, Brigitte Harris Cancer Pavilion, Henry Ford Health Cancer",,,"Physician in Charge, Brigitte Harris Cancer Pavilion","Detroit, Michigan, United States",Henry Ford Health Cancer,,,,,,,,,"David, I appreciate what you've built at the Brigitte Harris Cancer Pavilion. The Game On Cancer model, where every dollar reaches patients, is fascinating.  Thought you likely would be interested in this webinar on October 29th. We have several pretty exciting upcoming oncology research efforts.  Please let me know if you want to meet 1:1 to discuss the other research efforts we are involved in. We would be really excited to work with Henry Ford Cancer in this important work. Thanks  https://www.linkedin.com/events/7514009104252674048/"
https://www.linkedin.com/in/gushalwani,Gus,"Halwani, PhD","Gus Halwani, PhD","I've spent my career chasing signals: sound waves, brain waves, neural networks. The common thread isn't any one field; it's the question ""what if?"" followed by ""let's find out.""  I translate between humans and emerging technology. Not because the tech is interesting (though it is), but because the humans are.  First principles over best practices. Compasses over maps. And a firm belief that the answer to most problems is curiosity applied repeatedly until something clicks.",,,"Associate Director, AI Fluency & Education","Boston, Massachusetts, United States",Dana-Farber Cancer Institute,https://www.linkedin.com/company/dana-farber-cancer-institute,,,,,,,,"Gus, I just saw your post about the U.A.E. Ministry of Health delegation's visit to Dana-Farber. I found that fascinating.  Thought you likely would be interested in this webinar on October 29th. We have several pretty exciting upcoming oncology research efforts.  Let me know if you want to meet 1:1. I would love to discuss the other research efforts we are involved in. We would be really excited to work with Dana-Farber in this important work. Thanks  https://www.linkedin.com/events/7514009104252674048/"
https://www.linkedin.com/in/amber-senteno,Amber,Senteno,Amber Senteno,"Chief Information Officer l SVP of Technology l City of Hope | Optum l Fair Isaac, Inc. l HNC Software, Inc. l HealthNet",,asenteno@coh.org,Chief Technology Business Officer,"Huntington Beach, California, United States",City of Hope,https://www.linkedin.com/company/city-of-hope,,,,,,,,"Amber, I just saw your post about moderating that conversation on leaders being real with one another. I found that refreshing. And rare.  Thought you likely would be interested in this webinar on October 29th. We have several pretty exciting upcoming oncology research efforts.  Please let me know if you want to meet 1:1 to discuss the other research efforts we are involved in. We would be really excited to work with City of Hope in this important work. Thanks  https://www.linkedin.com/events/7514009104252674048/"
https://www.linkedin.com/in/erika-radeke-689b7b100,Erika,Radeke,Erika Radeke,Service Line Director - CCH Cancer Center,,,Director Of Operations - Cancer Center,Greater Chicago Area,Cook County Health,https://www.linkedin.com/company/cook-county-health,,,,,,,,"Erika, I just saw your post about Dr. Patel's study on reproductive health intervention in cancer care. I found it fascinating.  Thought you'd be interested in this webinar on October 29th. We have several exciting upcoming oncology research efforts.  Let me know if you want to meet 1:1. I'd love to discuss the other research efforts we're involved in. We'd be excited to work with the CCH Cancer Center on this important work. Thanks  https://www.linkedin.com/events/7514009104252674048/"
https://www.linkedin.com/in/jatinder-singh-61b50b11,Jatinder,Singh,Jatinder Singh,"Administrative Director, Oncology Services",,,"Director, Cancer Services","Princeton, New Jersey, United States","Community Medical Center-Toms River, NJ",https://www.linkedin.com/company/community-medical-center-toms-river-nj,,,,,,,,"Hi Jatinder,  Fascinating to see the path from Roswell Park to leading cancer services in Toms River. I'm sure you have seen a lot across both settings.  Thought you would be interested in this webinar on October 29th. We have several exciting upcoming oncology research efforts. This one studies how patients cope with cancer treatment.  Please let me know if you want to meet 1:1 to discuss the other research efforts. We would be really excited to work with the cancer program at Community Medical Center in this important work. Thanks  https://www.linkedin.com/events/7514009104252674048/"
https://www.linkedin.com/in/wesley-falconer-b404b790,Wesley,Falconer,Wesley Falconer,Healthcare CEO | Oncology & MSO Growth Executive | Private Equity & M&A | Enterprise Turnarounds | Value-Based Care | Board Candidate | MBA/MHA,,wesleyf@ccsreno.com,Chief Operating Officer,Greater Reno Area,Cancer Care Specialist of Reno,https://www.linkedin.com/company/cancer-care-specialist-of-reno,,,,,,,,"Hi Wesley,  I appreciate your focus on helping community oncology organizations stay independent. Your view of analytics and AI as force multipliers for teams, rather than another administrative burden, really resonates.  Thought you likely would be interested in this webinar on October 29th. We have several exciting upcoming oncology research efforts. This one studies how patients cope with cancer treatment.  Please let me know if you want to meet 1:1 to discuss the other research efforts we are involved in. We would be really excited to work with Cancer Care Specialists in this important work. Thanks  https://www.linkedin.com/events/7514009104252674048/"
https://www.linkedin.com/in/jacobsands,Jacob,Sands,Jacob Sands,Medical Oncology clinician and clinical researcher specialized in lung cancer.,,,"Oncology Medical Director, International Patient Center","Boston, Massachusetts, United States",Dana-Farber Cancer Institute,https://www.linkedin.com/company/dana-farber-cancer-institute,,,,,,,,"Hi Jacob,  I appreciate the work you are leading on small cell lung cancer research at Dana-Farber. It is fascinating to follow.  Thought you likely would be interested in this webinar on October 29th. We have several exciting upcoming oncology research efforts. This one studies how patients cope with cancer treatment.  Please let me know if you want to meet 1:1 to discuss the other research efforts we are involved in. We would be really excited to work with Dana-Farber in this important work. Thanks  https://www.linkedin.com/events/7514009104252674048/"
https://www.linkedin.com/in/alexisthomas96,Alexis,Thomas,Alexis Thomas,"Administrative Director, Oncology Services at HCA Healthcare",,,"Administrative Director, Oncology Services at HCA Healthcare",,HCA Healthcare,,,,,,,,,Hi Alexis-  Just saw your post about Blood Cancer Awareness Month. I appreciate your point about patient access to breakthrough therapies close to home.  That's why I thought you'd be interested in this webinar on October 29th. We have several exciting upcoming oncology research efforts. This one studies how patients cope with cancer treatment.  Let me know if you want to meet 1:1 to discuss the other research efforts we are involved in. We would be really excited to work with the Clear Lake oncology team in this important work. Thanks  https://www.linkedin.com/events/7514009104252674048/
https://www.linkedin.com/in/evanzaslow,Evan,Zaslow,Evan Zaslow,"A highly motivated managed care contracting leader, experienced in managed care contract strategy, negotiations, reimbursement, building strategic relationships, and development of contractual language and terms in line with strategic objectives.",,,Chief Managed Care Officer,Los Angeles Metropolitan Area,City of Hope,,,,,,,,,"Evan, I appreciate the payer strategy work you lead for a system entirely focused on cancer care.  Thought you likely would be interested in this webinar on October 29th. We have several pretty exciting upcoming oncology research efforts.  Please let me know if you want to meet 1:1 to discuss the other research efforts we are involved in. We would be really excited to work with City of Hope in this important work. Thanks  https://www.linkedin.com/events/7514009104252674048/"
https://www.linkedin.com/in/jacqueline-asea-rn-msn-ccrp-607b047,Jacqueline,"Asea, RN, MSN,CCRP","Jacqueline Asea, RN, MSN,CCRP",Clinical Trials Director,,,Clinical Trials Director,"Dallas, Texas, United States",Hutchingson Cancer Research Institute Uganda,,,,,,,,,"Jacqueline, I appreciate the clinical trials work you lead at HCRIU. Building cancer research capacity in Uganda is fascinating and important work.  Thought you likely would be interested in this webinar on October 29th. We have several pretty exciting upcoming oncology research efforts.  Please let me know if you want to meet 1:1 to discuss the other research efforts we are involved in. We would be really excited to work with HCRIU in this important work. Thanks  https://www.linkedin.com/events/7514009104252674048/"
https://www.linkedin.com/in/david-r-penberthy-md-mba-faccc-8b417116,David R.,"Penberthy, MD MBA FACCC","David R. Penberthy, MD MBA FACCC","Executive Medical Director of Oncology Services, Covenant Health.  President Association of Cancer Care Centers 2022-2023.  Board Certified Radiation Oncologist since 2002. Optimist with a sunny disposition ☀️",,,Executive Medical Director of Oncology Services,"Knoxville, Tennessee, United States",Covenant Health,https://www.linkedin.com/company/covenant-health,,,,,,,,Just saw your post about SHIFT. The focus on what is actually working with AI in oncology is fascinating. I appreciate you sharing the takeaways.  Thought you might be interested in this webinar on October 29th. We have several exciting upcoming oncology research efforts.  Let me know if you'd want to meet 1:1 to discuss them. We'd be really excited to work with Covenant Oncology on this important work. Thanks  https://www.linkedin.com/events/7514009104252674048/
https://www.linkedin.com/in/andrew-taylor-kissel,Andrew,MBA,Andrew MBA,Results Driven Oncology Administrator,,,Director of Oncology: Indiana Region,Greater Evansville Area,Deaconess Health System,https://www.linkedin.com/company/deaconess-health-system,,,,,,,,Awesome to see Deaconess modernizing provider communications and scheduling across the Indiana region. That kind of groundwork makes a real difference for oncology patients.  Thought you likely would be interested in this webinar on October 29th. We have several pretty exciting upcoming oncology research efforts.  Please let me know if you want to meet 1:1 to discuss the other research efforts we are involved in. We would be really excited to work with Deaconess in this important work. Thanks  https://www.linkedin.com/events/7514009104252674048/
https://www.linkedin.com/in/amy-hicks-dnp-rn-accns-ag-ocn-nea-bc-8611937b,Amy,"Hicks, DNP, RN, ACCNS-AG, OCN, NEA-BC","Amy Hicks, DNP, RN, ACCNS-AG, OCN, NEA-BC",Executive Director Oncology Services at MUSC Health Catawba Division,,,"Director Of Nursing Services, Radiation Oncology",Charlotte Metro,Atrium Health Levine Cancer Institute,,,,,,,,,"Amy, I just saw Alma Perez's story and the care she received at MUSC Health Lancaster. I appreciate you highlighting that kind of patient experience.  Thought you likely would be interested in this webinar on October 29th, which covers one of our projects studying how patients cope with cancer treatment. We have several pretty exciting upcoming oncology research efforts.  Please let me know if you want to meet 1:1 to discuss the other research efforts we are involved in. We would be really excited to work with MUSC Catawba in this important work. Thanks  https://www.linkedin.com/events/7514009104252674048/"
https://www.linkedin.com/in/tamara-lacouture-m-d-a9b15a59,Tamara,M.D.,Tamara M.D.,"Chief of Cancer Services, Section Head and Medical Director of Radiation Oncology",,,"Chief of Cancer Services, Section Head and Medical Director Department of Radiation Oncology","Sewell, New Jersey, United States",Jefferson Health New Jersey,https://www.linkedin.com/school/jefferson-health,,,,,,,,"Dr. Tamara, I appreciate the scope of what you carry as Chief of Cancer Services and Medical Director of Radiation Oncology. Patient experience sits right at the center of that.  Thought you likely would be interested in this webinar on October 29th, which covers one of our projects studying how patients cope with cancer treatment. We have several pretty exciting upcoming oncology research efforts.  Please let me know if you want to meet 1:1 to discuss the other research efforts we are involved in. We would be really excited to work with Jefferson Health New Jersey in this important work. Thanks  https://www.linkedin.com/events/7514009104252674048/"
https://www.linkedin.com/in/carlafishermdmba,Carla,"Fisher, MD, MBA, FACS","Carla Fisher, MD, MBA, FACS","Physician Leader | Chief, Division of Breast Surgery at Indiana University Health | Passionate about Patients | Amateur podcaster",,,Surgical Oncology Medical Director,"Indianapolis, Indiana, United States",IU Simon Comprehensive Cancer Center,https://www.linkedin.com/company/iucancercenter,,,,,,,,"Dr. Fisher, I appreciate the work you're doing leading breast surgery across five hospitals in the Indy metro. Keeping patient experience central at that scale is fascinating to me.  Thought you likely would be interested in this webinar on October 29th, which covers one of our projects studying how patients cope with cancer treatment. We have several pretty exciting upcoming oncology research efforts.  Please let me know if you want to meet 1:1 to discuss the other research efforts we are involved in. We would be really excited to work with IU Simon in this important work. Thanks  https://www.linkedin.com/events/7514009104252674048/"
https://www.linkedin.com/in/afshin-eli-gabayan-md-78681621,Afshin Eli,"Gabayan, MD","Afshin Eli Gabayan, MD",Medical Director at Beverly Hills Cancer Center,,,Director of Clinical Trials,"Beverly Hills, California, United States",Beverly Hills Cancer Center,https://www.linkedin.com/company/beverly-hills-cancer-center,,,,,,,,"Dr. Gabayan, after 25 years in oncology and hematology I'm sure you have seen a lot over the years. Leading clinical trials at Beverly Hills Cancer Center since 2017 is fascinating work.  Thought you likely would be interested in this webinar on October 29th, which covers one of our projects studying how patients cope with cancer treatment. We have several pretty exciting upcoming oncology research efforts.  Please let me know if you want to meet 1:1 to discuss the other research efforts we are involved in. We would be really excited to work with Beverly Hills Cancer Center in this important work. Thanks  https://www.linkedin.com/events/7514009104252674048/"
https://www.linkedin.com/in/brandi-glenn-638113340,Brandi,Glenn,Brandi Glenn,Front Office Operations Manager,,,Operations Manager,"Greater Fayetteville, AR Area",Highlands Oncology Group,https://www.linkedin.com/company/highlands-oncology-ctr,,,,,,,,"Brandi, I just saw Jeff Hunnicutt's podcast discussion about AI readiness in oncology practices. It was a fascinating take on a genuinely complex issue. I imagine you live it daily on the operations side.  Thought you likely would be interested in this webinar on October 29th. It covers one of our projects studying how patients cope with cancer treatment. We have several pretty exciting upcoming oncology research efforts.  Please let me know if you want to meet 1:1 to discuss the other research efforts we are involved in. We would be really excited to work with Highlands Oncology in this important work. Thanks  https://www.linkedin.com/events/7514009104252674048/"
https://www.linkedin.com/in/anthony-stec-3841ab2,Anthony,Stec,Anthony Stec,Senior Oncology Liaison at Alliance Cancer Specialists- The US Oncology Network,,,Senior Oncology Liaison,"North Wales, Pennsylvania, United States","Alliance Cancer Specialists, PC",,,,,,,,,Thought you likely would be interested in this webinar on October 29th. It covers one of our projects studying how patients cope with cancer treatment. We have several pretty exciting upcoming oncology research efforts.  Please let me know if you want to meet 1:1 to discuss the other research efforts we are involved in. We would be really excited to work with Alliance Cancer Specialists in this important work. Thanks  https://www.linkedin.com/events/7514009104252674048/
https://www.linkedin.com/in/tracy-parks-rn-ocn-cbcn,Tracy,"Parks, RN, OCN, CBCN","Tracy Parks, RN, OCN, CBCN",Vice President of Business Development,,tparks@augonc.com,Director of Pharmacy and Nursing,"North Augusta, South Carolina, United States",AO Multispecialty Clinic,https://www.linkedin.com/company/aomultispecialty,,,,,,,,"Tracy, I appreciate you letting me land in your inbox again, especially with the pharmacy and nursing side of AO to run.  Thought you likely would be interested in this webinar on October 29th. We have several pretty exciting upcoming oncology research efforts, and this one studies how patients cope with cancer treatment.  Please let me know if you want to meet 1:1 to discuss the other research efforts we are involved in. We would be really excited to work with the AO team in this important work. Thanks  https://www.linkedin.com/events/7514009104252674048/"
https://www.linkedin.com/in/neilflick,Neil,Flick,Neil Flick,Senior Leader Focused on Improving Lives Locally and Globally,,,"Associate Director, Administration","Indianapolis, Indiana, United States",Indiana University Center for Global Oncology and Health Equity,,,,,,,,,"Neil, I found it fascinating that your team runs clinical, research, and education programs across 16 sites. And with international partners too. That is a lot of coordination to hold together.  Thought you likely would be interested in this webinar on October 29th. We have several pretty exciting upcoming oncology research efforts. This one studies how patients cope with cancer treatment.  Please let me know if you want to meet 1:1 to discuss the other research efforts we are involved in. We would be really excited to work with the Center for Global Oncology in this important work. Thanks  https://www.linkedin.com/events/7514009104252674048/"
https://www.linkedin.com/in/jaymeson-s-stroud-0244aa16,Jaymeson,Stroud,Jaymeson Stroud,Radiation Oncologist at Ackerman Cancer Center,,,Randiation Oncologist,"Saint Johns, Florida, United States",Ackerman Cancer Center,,,,,,,,,"Dr. Stroud, I appreciate Ackerman's push to raise awareness about prostate cancer. The importance of PSA screening for men over 50 is something worth spreading.  Thought you likely would be interested in this webinar on October 29th. We have several exciting upcoming oncology research efforts. This one looks at how patients cope with cancer treatment.  Please let me know if you want to meet 1:1 to discuss the other research efforts we are involved in. We would be really excited to work with Ackerman in this important work. Thanks  https://www.linkedin.com/events/7514009104252674048/"
https://www.linkedin.com/in/jennifer-mazzella-rn-ocn-ccrc-4715ab199,Jennifer,"Mazzella RN, OCN, CCRC","Jennifer Mazzella RN, OCN, CCRC",Director of Oncology Research at Lehigh Valley Health Network,,,Director of Oncology Research,"Albrightsville, Pennsylvania, United States",Lehigh Valley Health Network,https://www.linkedin.com/company/lvhn,,,,,,,,"Jennifer, I found the data on opportunistic salpingectomy during other abdominal surgeries fascinating. It cuts ovarian cancer risk by 65%. That's the kind of finding that changes practice fast.  Thought you likely would be interested in this webinar on October 29th. We have several pretty exciting upcoming oncology research efforts. This one studies how patients cope with cancer treatment.  Please let me know if you want to meet 1:1 to discuss the other research efforts we are involved in. We would be really excited to work with LVHN's oncology research team in this important work. Thanks  https://www.linkedin.com/events/7514009104252674048/"
https://www.linkedin.com/in/jennifer-sidenstecker-aa70696b,Jennifer,Sidenstecker,Jennifer Sidenstecker,Former Franchise Owner Operator,,,Executive Assistant to the Executive Director and Practice President,Las Vegas Metropolitan Area,Comprehensive Cancer Centers of Nevada,,,,,,,,,"Jennifer, awesome to see Comprehensive Cancer Centers sharing resources that help patients navigate a diagnosis and their treatment options.  Thought you likely would be interested in this webinar on October 29th. We have several pretty exciting upcoming oncology research efforts, and this one studies how patients cope with cancer treatment.  Please let me know if you want to meet 1:1 to discuss the other research efforts we are involved in — or point me to the right person on your leadership team. We would be really excited to work with Comprehensive Cancer Centers in this important work. Thanks  https://www.linkedin.com/events/7514009104252674048/"
https://www.linkedin.com/in/nolan-miller-58018011,Nolan,Miller,Nolan Miller,"Senior Director, Cancer Service Line Operations at VCU Massey Comprehensive Cancer Center",,,"Service Line Director, Oncology","Durham, North Carolina, United States",Duke University Health System,,,,,,,,,Thought you'd be interested in this webinar on October 29th. We have several exciting upcoming oncology research efforts. This one studies how patients cope with cancer treatment.  Let me know if you want to meet 1:1 to discuss the other research efforts. We'd be really excited to work with Massey in this important work. Thanks  https://www.linkedin.com/events/7514009104252674048/
https://www.linkedin.com/in/andrewfisherhealth,Andrew,T. Fisher,Andrew T. Fisher,"Vice President, Practice Operations (West) @ AON | M&A • Informatics • Healthcare",,,"Vice President, Practice Operations, West","San Diego, California, United States",American Oncology Network,https://www.linkedin.com/company/american-oncology-network,,,,,,,,"Andrew, I just saw your takeaway from the PrecisCa West Summit about preparing the next generation of physicians. Fascinating point. I appreciate you putting it out there.  Thought you likely would be interested in this webinar on October 29th. We have several pretty exciting upcoming oncology research efforts, and this one looks at how patients cope with cancer treatment.  Please let me know if you want to meet 1:1 to discuss the other research efforts we are involved in. We would be really excited to work with the AON team in this important work. Thanks  https://www.linkedin.com/events/7514009104252674048/"
https://www.linkedin.com/in/jamie-garcia-6b983322a,Jamie,Garcia,Jamie Garcia,--,,,Office Manager,"Orange, California, United States",Los Angeles Cancer Network,,,,,,,,,"Jamie, I appreciate all you keep running behind the scenes at Los Angeles Cancer Network. The practice side is where patient experience really gets shaped.  Thought you likely would be interested in this webinar on October 29th. We have several pretty exciting upcoming oncology research efforts. This one looks at how patients cope with cancer treatment.  Please let me know if you want to meet 1:1 to discuss the other research efforts we are involved in. We would be really excited to work with Los Angeles Cancer Network in this important work. Thanks  https://www.linkedin.com/events/7514009104252674048/"
https://www.linkedin.com/in/ahmedaklmd,Ahmed,M.D,Ahmed M.D,"Medical Director, Radiation Oncology",,,"Medical Director, Radiation Oncology","Miami, Florida, United States",HCA Florida Mercy Hospital,https://www.linkedin.com/company/hca-florida-mercy-hospital,,,,,,,,"Dr. Akl, I appreciate the path you've taken. Princess Margaret and Toronto-Bayview training. Brachytherapy work in Nancy. And now leading radiation oncology at HCA Florida Mercy. Sure you have seen a lot over the years.  Thought you likely would be interested in this webinar on October 29th. We have several pretty exciting upcoming oncology research efforts, and this one looks at how patients cope with cancer treatment.  Please let me know if you want to meet 1:1 to discuss the other research efforts we are involved in. We would be really excited to work with your radiation oncology team at HCA Florida Mercy in this important work. Thanks  https://www.linkedin.com/events/7514009104252674048/"
https://www.linkedin.com/in/amymills27,Amy,Mills,Amy Mills,Director of Oncology Services | MBA - Healthcare Administration,,,Director of Oncology Services,"Findlay, Ohio, United States",Blanchard Valley Health System,,,,,,,,,The Rural Health Transformation Program looks like it could be a real game changer for systems like Blanchard Valley. Especially for the access barriers your patients face.  Thought you likely would be interested in this webinar on October 29th. We have several pretty exciting upcoming oncology research efforts.  Please let me know if you want to meet 1:1 to discuss the other research efforts we are involved in. We would be really excited to work with Blanchard Valley in this important work. Thanks  https://www.linkedin.com/events/7514009104252674048/
https://www.linkedin.com/in/evan-rumple-42340576,Evan,Rumple,Evan Rumple,Executive Director of Oncology at Ascension St Vincent,,,Regional Director of Oncology,"Zionsville, Indiana, United States",Ascension,https://www.linkedin.com/company/ascensionorg,,,,,,,,"Just saw your team's food bank for cancer patients. 1,000 pounds donated already is awesome. I appreciate you all tackling that side of care.  Thought you likely would be interested in this webinar on October 29th. We have several pretty exciting upcoming oncology research efforts.  Please let me know if you want to meet 1:1 to discuss the other research efforts we are involved in. We would be really excited to work with the oncology team at Ascension St. Vincent in this important work. Thanks  https://www.linkedin.com/events/7514009104252674048/"
